Dataset,input_complex,input_f1,input_f1v,input_f2,input_f3,input_f4,input_l1,input_l2,input_l3,input_n1,input_n2,input_n3,input_n4,input_t1,input_lsc,input_density,input_clsCoef,input_hubs,input_t2,input_t3,input_t4,input_c1,input_c2
D1,0.399,0.643,0.439,0.05,0.83,0.436,0.164,0.266,0.224,0.119,0.416,0.209,0.104,0.701,0.973,0.95,0.544,0.862,0.03,0.024,0.8,0.001,0.001
D10,0.447,0.733,0.551,0.041,0.901,0.669,0.196,0.337,0.31,0.119,0.42,0.23,0.131,0.782,0.983,0.98,0.69,0.914,0.03,0.024,0.8,0.0,0.0
D100,0.354,0.199,0.107,0.123,0.86,0.734,0.234,0.084,0.063,0.081,0.382,0.17,0.081,0.543,0.962,0.952,0.583,0.861,0.03,0.021,0.7,0.004,0.011
D1000,0.391,0.286,0.165,0.308,0.973,0.919,0.326,0.119,0.124,0.102,0.409,0.212,0.101,0.646,0.989,0.953,0.447,0.9,0.015,0.009,0.6,0.001,0.003
D1001,0.157,0.02,0.008,0.0,0.0,0.0,0.0,0.0,0.0,0.001,0.121,0.0,0.0,0.007,0.502,0.934,0.502,0.834,0.015,0.007,0.5,0.0,0.0
D1002,0.193,0.036,0.016,0.001,0.388,0.0,0.041,0.007,0.01,0.005,0.184,0.009,0.003,0.085,0.725,0.922,0.475,0.812,0.015,0.007,0.5,0.0,0.0
D1003,0.333,0.149,0.078,0.089,0.916,0.799,0.291,0.061,0.064,0.051,0.38,0.099,0.075,0.496,0.98,0.935,0.505,0.835,0.015,0.007,0.5,0.001,0.003
D1004,0.374,0.259,0.147,0.151,0.955,0.878,0.424,0.112,0.106,0.097,0.408,0.185,0.091,0.67,0.988,0.934,0.478,0.83,0.015,0.007,0.5,0.0,0.0
D1005,0.227,0.275,0.076,0.017,0.701,0.0,0.028,0.034,0.019,0.002,0.171,0.004,0.055,0.051,0.789,0.958,0.484,0.901,0.015,0.006,0.4,0.0,0.0
D1006,0.27,0.306,0.083,0.197,0.725,0.61,0.042,0.048,0.025,0.004,0.204,0.006,0.066,0.06,0.84,0.952,0.456,0.901,0.015,0.006,0.4,0.0,0.0
D1007,0.341,0.376,0.137,0.162,0.936,0.83,0.158,0.096,0.084,0.051,0.358,0.107,0.081,0.41,0.974,0.955,0.472,0.901,0.015,0.006,0.4,0.0,0.001
D1008,0.376,0.491,0.194,0.207,0.943,0.876,0.206,0.133,0.13,0.089,0.393,0.181,0.118,0.582,0.987,0.957,0.466,0.903,0.015,0.006,0.4,0.001,0.003
D1009,0.201,0.016,0.006,0.0,0.0,0.0,0.0,0.0,0.0,0.001,0.275,0.0,0.0,0.069,0.504,0.988,0.786,0.926,0.03,0.024,0.8,0.0,0.001
D101,0.184,0.025,0.012,0.0,0.0,0.0,0.0,0.0,0.0,0.003,0.192,0.0,0.0,0.039,0.747,0.959,0.517,0.9,0.03,0.018,0.6,0.001,0.001
D1010,0.204,0.02,0.008,0.0,0.07,0.0,0.0,0.0,0.0,0.002,0.277,0.003,0.0,0.036,0.55,0.987,0.765,0.915,0.03,0.024,0.8,0.0,0.0
D1011,0.366,0.098,0.049,0.027,0.875,0.697,0.124,0.042,0.049,0.043,0.428,0.085,0.045,0.873,0.973,0.993,0.854,0.945,0.03,0.024,0.8,0.0,0.0
D1012,0.412,0.258,0.137,0.046,0.969,0.848,0.248,0.107,0.101,0.101,0.45,0.2,0.096,0.97,0.987,0.988,0.767,0.932,0.03,0.024,0.8,0.0,0.0
D1013,0.206,0.017,0.008,0.0,0.0,0.0,0.0,0.0,0.0,0.001,0.288,0.0,0.0,0.118,0.746,0.984,0.677,0.945,0.03,0.021,0.7,0.0,0.0
D1014,0.25,0.026,0.013,0.027,0.478,0.151,0.007,0.004,0.004,0.005,0.307,0.007,0.006,0.237,0.825,0.985,0.675,0.948,0.03,0.022,0.75,0.0,0.0
D1015,0.358,0.12,0.062,0.036,0.887,0.704,0.149,0.049,0.052,0.049,0.414,0.096,0.049,0.848,0.965,0.986,0.7,0.956,0.03,0.021,0.7,0.001,0.004
D1016,0.401,0.213,0.115,0.097,0.94,0.831,0.23,0.091,0.094,0.087,0.443,0.178,0.087,0.951,0.987,0.989,0.734,0.955,0.03,0.022,0.75,0.0,0.001
D1017,0.191,0.021,0.008,0.0,0.0,0.0,0.0,0.0,0.0,0.001,0.221,0.0,0.0,0.007,0.505,0.988,0.769,0.92,0.03,0.021,0.7,0.0,0.0
D1018,0.233,0.028,0.011,0.004,0.548,0.0,0.009,0.003,0.007,0.003,0.225,0.004,0.007,0.118,0.696,0.989,0.789,0.932,0.03,0.021,0.7,0.0,0.0
D1019,0.358,0.119,0.058,0.013,0.863,0.645,0.182,0.048,0.037,0.05,0.423,0.096,0.046,0.839,0.973,0.99,0.808,0.929,0.03,0.021,0.7,0.0,0.0
D102,0.208,0.031,0.015,0.014,0.406,0.003,0.011,0.003,0.003,0.004,0.194,0.003,0.0,0.072,0.788,0.962,0.513,0.907,0.03,0.018,0.6,0.001,0.004
D1020,0.399,0.223,0.121,0.026,0.943,0.746,0.33,0.094,0.091,0.079,0.443,0.167,0.096,0.949,0.986,0.991,0.808,0.928,0.03,0.021,0.7,0.0,0.001
D1021,0.267,0.311,0.08,0.004,0.7,0.003,0.026,0.048,0.019,0.003,0.279,0.004,0.051,0.166,0.803,0.991,0.775,0.956,0.03,0.018,0.6,0.0,0.0
D1022,0.28,0.301,0.079,0.01,0.742,0.094,0.029,0.051,0.031,0.006,0.286,0.009,0.034,0.228,0.834,0.994,0.831,0.962,0.03,0.018,0.6,0.0,0.0
D1023,0.377,0.333,0.111,0.064,0.963,0.794,0.114,0.076,0.057,0.046,0.415,0.088,0.049,0.848,0.973,0.991,0.774,0.955,0.03,0.018,0.6,0.0,0.0
D1024,0.413,0.459,0.199,0.049,0.963,0.79,0.218,0.127,0.119,0.075,0.437,0.139,0.128,0.942,0.986,0.995,0.851,0.968,0.03,0.018,0.6,0.0,0.0
D1025,0.295,0.172,0.074,0.015,0.525,0.072,0.004,0.025,0.005,0.071,0.404,0.134,0.046,0.793,0.991,0.953,0.526,0.868,0.007,0.006,0.8,0.0,0.0
D1026,0.327,0.189,0.08,0.052,0.729,0.525,0.006,0.035,0.02,0.079,0.408,0.146,0.06,0.804,0.992,0.954,0.529,0.873,0.007,0.005,0.7,0.0,0.0
D1027,0.382,0.275,0.14,0.168,0.987,0.933,0.037,0.09,0.067,0.106,0.423,0.204,0.09,0.821,0.995,0.958,0.535,0.865,0.007,0.005,0.7,0.0,0.0
D1028,0.412,0.413,0.239,0.207,0.99,0.954,0.068,0.149,0.137,0.132,0.435,0.257,0.137,0.86,0.997,0.961,0.531,0.883,0.007,0.005,0.7,0.0,0.0
D1029,0.386,0.39,0.222,0.126,0.896,0.618,0.063,0.154,0.114,0.114,0.419,0.218,0.107,0.797,0.993,0.971,0.566,0.911,0.007,0.006,0.8,0.0,0.0
D103,0.328,0.139,0.072,0.142,0.842,0.687,0.164,0.054,0.06,0.058,0.362,0.107,0.057,0.46,0.962,0.965,0.527,0.907,0.03,0.018,0.6,0.0,0.0
D1030,0.402,0.4,0.227,0.17,0.937,0.799,0.064,0.148,0.122,0.115,0.418,0.213,0.117,0.772,0.993,0.981,0.62,0.929,0.007,0.006,0.8,0.0,0.0
D1031,0.43,0.484,0.295,0.175,0.977,0.931,0.087,0.183,0.16,0.135,0.43,0.269,0.154,0.84,0.996,0.983,0.625,0.933,0.007,0.006,0.8,0.0,0.001
D1032,0.46,0.555,0.366,0.342,0.984,0.942,0.11,0.221,0.199,0.172,0.444,0.335,0.179,0.891,0.997,0.985,0.652,0.939,0.007,0.006,0.8,0.0,0.001
D1033,0.428,0.683,0.379,0.116,0.906,0.837,0.141,0.25,0.233,0.115,0.415,0.219,0.118,0.701,0.993,0.978,0.609,0.907,0.007,0.006,0.8,0.001,0.002
D1034,0.432,0.698,0.407,0.097,0.904,0.818,0.151,0.264,0.231,0.115,0.415,0.213,0.152,0.695,0.993,0.983,0.635,0.913,0.007,0.006,0.8,0.0,0.0
D1035,0.457,0.726,0.459,0.158,0.99,0.954,0.167,0.272,0.224,0.142,0.431,0.278,0.166,0.81,0.996,0.973,0.592,0.894,0.007,0.006,0.8,0.0,0.0
D1036,0.468,0.73,0.476,0.173,0.974,0.938,0.172,0.282,0.249,0.166,0.439,0.316,0.182,0.84,0.997,0.985,0.642,0.921,0.007,0.006,0.8,0.0,0.001
D1037,0.497,0.915,0.71,0.129,0.986,0.933,0.25,0.379,0.355,0.162,0.44,0.31,0.207,0.86,0.997,0.978,0.6,0.911,0.007,0.006,0.8,0.0,0.0
D1038,0.497,0.905,0.695,0.176,0.974,0.922,0.249,0.373,0.34,0.165,0.442,0.314,0.224,0.881,0.997,0.974,0.581,0.903,0.007,0.006,0.8,0.0,0.0
D1039,0.509,0.93,0.746,0.213,0.989,0.939,0.261,0.399,0.37,0.175,0.446,0.342,0.268,0.884,0.997,0.969,0.561,0.895,0.007,0.006,0.8,0.001,0.003
D104,0.356,0.207,0.11,0.158,0.913,0.785,0.221,0.084,0.096,0.081,0.39,0.158,0.081,0.552,0.973,0.963,0.515,0.902,0.03,0.018,0.6,0.001,0.003
D1040,0.526,0.938,0.795,0.221,0.993,0.96,0.267,0.404,0.404,0.199,0.454,0.407,0.31,0.923,0.998,0.98,0.613,0.904,0.007,0.006,0.8,0.0,0.0
D1041,0.339,0.165,0.069,0.005,0.517,0.004,0.003,0.025,0.01,0.147,0.47,0.29,0.116,0.996,0.997,0.994,0.817,0.947,0.015,0.013,0.85,0.0,0.0
D1042,0.398,0.194,0.083,0.041,0.975,0.728,0.008,0.041,0.014,0.155,0.469,0.31,0.11,0.998,0.997,0.993,0.798,0.956,0.015,0.013,0.85,0.0,0.0
D1043,0.43,0.278,0.137,0.062,0.993,0.931,0.034,0.087,0.079,0.184,0.473,0.373,0.155,0.999,0.998,0.995,0.841,0.963,0.015,0.013,0.85,0.0,0.0
D1044,0.447,0.38,0.217,0.055,0.993,0.923,0.063,0.138,0.115,0.198,0.476,0.396,0.178,0.999,0.998,0.997,0.871,0.952,0.015,0.013,0.85,0.0,0.0
D1045,0.414,0.363,0.198,0.04,0.932,0.568,0.053,0.137,0.099,0.151,0.469,0.29,0.125,0.997,0.997,0.996,0.863,0.953,0.015,0.013,0.85,0.0,0.0
D1046,0.429,0.383,0.214,0.038,0.958,0.781,0.058,0.147,0.122,0.159,0.47,0.315,0.149,0.999,0.997,0.995,0.818,0.954,0.015,0.013,0.85,0.0,0.001
D1047,0.455,0.469,0.285,0.09,0.989,0.924,0.084,0.186,0.139,0.185,0.474,0.365,0.155,0.999,0.998,0.995,0.833,0.961,0.015,0.013,0.85,0.0,0.0
D1048,0.474,0.575,0.371,0.098,0.989,0.916,0.11,0.228,0.201,0.2,0.476,0.399,0.208,0.998,0.998,0.995,0.829,0.951,0.015,0.013,0.85,0.0,0.0
D1049,0.462,0.695,0.404,0.022,0.916,0.824,0.15,0.266,0.21,0.151,0.465,0.293,0.143,0.984,0.997,0.994,0.825,0.949,0.015,0.013,0.85,0.0,0.0
D105,0.2,0.041,0.019,0.0,0.0,0.0,0.0,0.0,0.0,0.001,0.208,0.0,0.0,0.021,0.548,0.992,0.904,0.914,0.03,0.021,0.7,0.0,0.001
D1050,0.467,0.696,0.397,0.05,0.927,0.838,0.145,0.254,0.201,0.149,0.467,0.285,0.146,0.987,0.996,0.998,0.904,0.964,0.015,0.013,0.85,0.0,0.0
D1051,0.476,0.737,0.427,0.031,0.978,0.893,0.152,0.26,0.225,0.165,0.469,0.319,0.18,0.993,0.997,0.994,0.812,0.953,0.015,0.013,0.85,0.0,0.001
D1052,0.49,0.78,0.5,0.057,0.981,0.896,0.177,0.305,0.264,0.179,0.472,0.343,0.177,0.999,0.998,0.995,0.838,0.953,0.015,0.013,0.85,0.0,0.001
D1053,0.529,0.918,0.702,0.057,0.984,0.909,0.245,0.378,0.372,0.196,0.475,0.387,0.22,0.998,0.998,0.999,0.937,0.978,0.015,0.013,0.85,0.0,0.0
D1054,0.52,0.914,0.703,0.062,0.984,0.901,0.239,0.379,0.327,0.182,0.473,0.36,0.242,0.994,0.998,0.996,0.855,0.961,0.015,0.013,0.85,0.0,0.0
D1055,0.527,0.925,0.709,0.062,0.985,0.907,0.242,0.387,0.356,0.199,0.475,0.387,0.214,0.995,0.998,0.998,0.906,0.974,0.015,0.013,0.85,0.0,0.0
D1056,0.531,0.927,0.755,0.065,0.987,0.913,0.249,0.4,0.363,0.206,0.477,0.41,0.26,0.999,0.998,0.995,0.828,0.964,0.015,0.013,0.85,0.0,0.0
D1057,0.222,0.05,0.02,0.0,0.0,0.0,0.0,0.001,0.0,0.003,0.325,0.004,0.001,0.452,0.936,0.938,0.499,0.849,0.007,0.006,0.8,0.0,0.0
D1058,0.262,0.058,0.023,0.074,0.448,0.322,0.002,0.003,0.002,0.009,0.331,0.017,0.004,0.401,0.948,0.944,0.508,0.857,0.007,0.006,0.8,0.0,0.0
D1059,0.349,0.165,0.084,0.174,0.954,0.904,0.06,0.058,0.045,0.051,0.385,0.104,0.062,0.531,0.99,0.945,0.511,0.846,0.007,0.006,0.8,0.0,0.0
D106,0.261,0.066,0.032,0.025,0.642,0.361,0.031,0.009,0.018,0.007,0.243,0.015,0.006,0.11,0.803,0.979,0.748,0.906,0.03,0.021,0.7,0.0,0.0
D1060,0.392,0.307,0.175,0.244,0.984,0.946,0.116,0.12,0.094,0.097,0.415,0.196,0.111,0.699,0.995,0.95,0.498,0.867,0.007,0.006,0.8,0.0,0.0
D1061,0.277,0.136,0.069,0.04,0.418,0.168,0.011,0.041,0.016,0.029,0.361,0.057,0.016,0.508,0.969,0.973,0.551,0.909,0.007,0.006,0.8,0.0,0.0
D1062,0.329,0.146,0.073,0.108,0.853,0.671,0.017,0.041,0.021,0.032,0.361,0.068,0.024,0.524,0.974,0.982,0.602,0.923,0.007,0.006,0.8,0.0,0.0
D1063,0.378,0.25,0.137,0.156,0.972,0.919,0.075,0.094,0.061,0.073,0.396,0.144,0.078,0.641,0.992,0.984,0.615,0.924,0.007,0.006,0.8,0.0,0.001
D1064,0.42,0.355,0.21,0.33,0.981,0.941,0.121,0.144,0.119,0.116,0.423,0.238,0.13,0.775,0.996,0.986,0.639,0.932,0.007,0.006,0.8,0.0,0.001
D1065,0.339,0.34,0.13,0.06,0.79,0.677,0.046,0.101,0.055,0.05,0.368,0.099,0.053,0.429,0.974,0.974,0.593,0.898,0.007,0.006,0.8,0.001,0.002
D1066,0.357,0.363,0.145,0.063,0.896,0.742,0.058,0.111,0.078,0.06,0.378,0.114,0.066,0.483,0.984,0.979,0.613,0.905,0.007,0.006,0.8,0.0,0.0
D1067,0.4,0.431,0.205,0.136,0.987,0.943,0.111,0.147,0.099,0.095,0.407,0.189,0.093,0.681,0.993,0.972,0.591,0.897,0.007,0.006,0.8,0.0,0.0
D1068,0.423,0.483,0.251,0.159,0.955,0.92,0.144,0.169,0.157,0.128,0.424,0.26,0.134,0.765,0.995,0.985,0.645,0.92,0.007,0.006,0.8,0.0,0.001
D1069,0.441,0.709,0.447,0.083,0.96,0.861,0.205,0.297,0.257,0.095,0.402,0.192,0.181,0.695,0.99,0.983,0.598,0.931,0.007,0.006,0.8,0.0,0.0
D107,0.352,0.196,0.102,0.102,0.964,0.731,0.19,0.069,0.054,0.052,0.371,0.104,0.063,0.472,0.952,0.98,0.736,0.852,0.03,0.021,0.7,0.001,0.001
D1070,0.439,0.703,0.438,0.125,0.954,0.839,0.206,0.299,0.246,0.1,0.406,0.198,0.193,0.692,0.99,0.975,0.561,0.917,0.007,0.006,0.8,0.0,0.0
D1071,0.463,0.761,0.507,0.181,0.972,0.911,0.226,0.331,0.298,0.118,0.42,0.222,0.209,0.79,0.994,0.969,0.551,0.903,0.007,0.006,0.8,0.001,0.003
D1072,0.482,0.791,0.569,0.174,0.984,0.951,0.24,0.338,0.301,0.148,0.437,0.294,0.234,0.84,0.997,0.981,0.598,0.919,0.007,0.006,0.8,0.0,0.0
D1073,0.282,0.048,0.019,0.0,0.0,0.0,0.0,0.0,0.0,0.036,0.439,0.066,0.006,0.992,0.988,0.993,0.804,0.944,0.015,0.013,0.85,0.0,0.0
D1074,0.345,0.066,0.027,0.042,0.814,0.506,0.005,0.007,0.006,0.038,0.44,0.072,0.01,0.981,0.989,0.991,0.767,0.947,0.015,0.013,0.85,0.0,0.0
D1075,0.397,0.158,0.078,0.074,0.993,0.935,0.053,0.051,0.054,0.082,0.452,0.161,0.042,0.987,0.994,0.993,0.799,0.955,0.015,0.013,0.85,0.0,0.0
D1076,0.422,0.27,0.151,0.076,0.975,0.903,0.104,0.104,0.109,0.131,0.463,0.252,0.093,0.996,0.996,0.995,0.837,0.941,0.015,0.013,0.85,0.0,0.0
D1077,0.328,0.129,0.063,0.016,0.491,0.219,0.009,0.033,0.013,0.05,0.444,0.088,0.016,0.982,0.99,0.996,0.852,0.946,0.015,0.013,0.85,0.0,0.0
D1078,0.375,0.146,0.073,0.024,0.911,0.725,0.018,0.041,0.023,0.069,0.448,0.137,0.025,0.988,0.993,0.995,0.804,0.954,0.015,0.013,0.85,0.0,0.001
D1079,0.413,0.245,0.134,0.074,0.982,0.916,0.072,0.092,0.075,0.104,0.459,0.203,0.075,0.996,0.996,0.996,0.842,0.941,0.015,0.013,0.85,0.0,0.0
D108,0.409,0.309,0.179,0.085,0.955,0.791,0.306,0.119,0.099,0.122,0.415,0.257,0.107,0.719,0.982,0.993,0.884,0.931,0.03,0.021,0.7,0.0,0.0
D1080,0.434,0.36,0.209,0.084,0.982,0.906,0.119,0.14,0.11,0.138,0.464,0.272,0.11,0.997,0.997,0.996,0.832,0.953,0.015,0.013,0.85,0.0,0.0
D1081,0.379,0.342,0.135,0.011,0.769,0.628,0.049,0.104,0.057,0.075,0.443,0.146,0.051,0.916,0.989,0.994,0.811,0.947,0.015,0.013,0.85,0.0,0.0
D1082,0.408,0.365,0.144,0.043,0.925,0.818,0.059,0.109,0.068,0.083,0.447,0.167,0.057,0.95,0.991,0.998,0.906,0.964,0.015,0.013,0.85,0.0,0.0
D1083,0.418,0.434,0.187,0.032,0.966,0.877,0.096,0.137,0.102,0.111,0.454,0.21,0.075,0.984,0.994,0.989,0.738,0.934,0.015,0.013,0.85,0.0,0.001
D1084,0.443,0.513,0.258,0.054,0.978,0.886,0.146,0.181,0.136,0.135,0.461,0.261,0.107,0.993,0.996,0.994,0.817,0.949,0.015,0.013,0.85,0.0,0.001
D1085,0.477,0.707,0.44,0.036,0.96,0.834,0.204,0.294,0.246,0.13,0.458,0.25,0.163,0.97,0.994,0.999,0.948,0.982,0.015,0.013,0.85,0.0,0.0
D1086,0.473,0.725,0.456,0.045,0.958,0.807,0.204,0.302,0.261,0.132,0.458,0.262,0.164,0.975,0.995,0.996,0.831,0.961,0.015,0.013,0.85,0.0,0.0
D1087,0.491,0.775,0.491,0.05,0.981,0.874,0.221,0.317,0.257,0.144,0.463,0.281,0.173,0.988,0.996,0.999,0.934,0.979,0.015,0.013,0.85,0.0,0.0
D1088,0.5,0.782,0.553,0.078,0.988,0.919,0.235,0.327,0.281,0.163,0.47,0.332,0.221,0.993,0.997,0.995,0.826,0.968,0.015,0.013,0.85,0.0,0.0
D1089,0.182,0.013,0.005,0.0,0.0,0.0,0.0,0.0,0.0,0.0,0.216,0.0,0.0,0.088,0.616,0.928,0.487,0.839,0.007,0.006,0.8,0.0,0.0
D109,0.238,0.553,0.066,0.02,0.701,0.0,0.006,0.024,0.0,0.006,0.186,0.006,0.078,0.033,0.775,0.951,0.492,0.898,0.03,0.012,0.4,0.0,0.0
D1090,0.231,0.018,0.007,0.104,0.448,0.316,0.004,0.002,0.001,0.004,0.229,0.008,0.001,0.039,0.828,0.929,0.482,0.845,0.007,0.006,0.8,0.0,0.0
D1091,0.345,0.132,0.069,0.206,0.954,0.901,0.112,0.057,0.054,0.048,0.376,0.1,0.063,0.456,0.988,0.933,0.488,0.835,0.007,0.006,0.8,0.0,0.0
D1092,0.394,0.275,0.157,0.288,0.984,0.946,0.207,0.119,0.131,0.096,0.411,0.192,0.121,0.654,0.994,0.942,0.483,0.859,0.007,0.006,0.8,0.0,0.0
D1093,0.198,0.038,0.019,0.0,0.0,0.0,0.0,0.0,0.0,0.001,0.249,0.0,0.0,0.14,0.831,0.964,0.491,0.908,0.007,0.005,0.7,0.0,0.0
D1094,0.273,0.045,0.022,0.136,0.789,0.558,0.008,0.003,0.004,0.003,0.265,0.006,0.002,0.128,0.894,0.974,0.538,0.922,0.007,0.005,0.7,0.0,0.0
D1095,0.35,0.154,0.082,0.219,0.97,0.908,0.114,0.054,0.045,0.046,0.368,0.095,0.057,0.408,0.987,0.979,0.568,0.933,0.007,0.005,0.7,0.0,0.001
D1096,0.401,0.272,0.156,0.399,0.981,0.946,0.197,0.108,0.107,0.099,0.408,0.2,0.104,0.654,0.994,0.981,0.571,0.938,0.007,0.005,0.7,0.0,0.001
D1097,0.207,0.112,0.036,0.006,0.154,0.0,0.001,0.002,0.0,0.004,0.257,0.005,0.002,0.071,0.788,0.964,0.557,0.878,0.007,0.005,0.7,0.001,0.002
D1098,0.28,0.13,0.044,0.047,0.734,0.561,0.019,0.014,0.009,0.009,0.31,0.017,0.005,0.172,0.954,0.969,0.568,0.886,0.007,0.005,0.7,0.0,0.0
D1099,0.356,0.222,0.103,0.15,0.976,0.931,0.128,0.06,0.061,0.061,0.38,0.123,0.058,0.496,0.987,0.96,0.549,0.876,0.007,0.005,0.7,0.0,0.0
D11,0.473,0.785,0.59,0.093,0.964,0.785,0.195,0.322,0.29,0.158,0.438,0.325,0.191,0.851,0.986,0.981,0.702,0.894,0.03,0.024,0.8,0.001,0.001
D110,0.243,0.598,0.07,0.023,0.728,0.0,0.018,0.036,0.024,0.007,0.195,0.006,0.072,0.069,0.804,0.939,0.435,0.882,0.03,0.012,0.4,0.0,0.0
D1100,0.393,0.309,0.159,0.192,0.954,0.917,0.209,0.104,0.105,0.101,0.411,0.204,0.087,0.675,0.994,0.979,0.61,0.913,0.007,0.005,0.7,0.0,0.001
D1101,0.329,0.395,0.204,0.037,0.772,0.554,0.111,0.164,0.105,0.017,0.3,0.035,0.131,0.247,0.925,0.986,0.599,0.95,0.007,0.005,0.7,0.0,0.0
D1102,0.338,0.401,0.209,0.083,0.819,0.672,0.116,0.162,0.118,0.022,0.317,0.044,0.141,0.281,0.956,0.967,0.495,0.922,0.007,0.005,0.7,0.0,0.0
D1103,0.394,0.489,0.274,0.161,0.928,0.869,0.162,0.218,0.169,0.069,0.384,0.128,0.187,0.561,0.989,0.964,0.49,0.915,0.007,0.005,0.7,0.001,0.003
D1104,0.426,0.548,0.337,0.195,0.984,0.946,0.2,0.231,0.171,0.103,0.413,0.208,0.207,0.698,0.994,0.975,0.528,0.928,0.007,0.005,0.7,0.0,0.0
D1105,0.251,0.013,0.005,0.0,0.0,0.0,0.0,0.0,0.0,0.0,0.363,0.0,0.0,0.745,0.801,0.991,0.787,0.94,0.015,0.013,0.85,0.0,0.0
D1106,0.308,0.027,0.011,0.052,0.814,0.506,0.01,0.006,0.004,0.004,0.375,0.01,0.005,0.531,0.873,0.988,0.733,0.94,0.015,0.013,0.85,0.0,0.0
D1107,0.388,0.12,0.061,0.082,0.993,0.935,0.098,0.05,0.055,0.048,0.433,0.098,0.039,0.934,0.987,0.992,0.78,0.953,0.015,0.013,0.85,0.0,0.0
D1108,0.418,0.236,0.132,0.09,0.975,0.903,0.186,0.102,0.102,0.109,0.454,0.209,0.117,0.981,0.995,0.993,0.799,0.935,0.015,0.013,0.85,0.0,0.0
D1109,0.253,0.036,0.017,0.0,0.0,0.0,0.0,0.0,0.0,0.001,0.375,0.001,0.0,0.675,0.903,0.994,0.776,0.967,0.015,0.012,0.8,0.0,0.0
D111,0.322,0.574,0.113,0.171,0.893,0.663,0.091,0.078,0.051,0.049,0.3,0.099,0.063,0.31,0.92,0.939,0.454,0.877,0.03,0.012,0.4,0.001,0.001
D1110,0.336,0.053,0.026,0.04,0.905,0.629,0.016,0.008,0.005,0.01,0.395,0.018,0.01,0.769,0.959,0.993,0.756,0.962,0.015,0.012,0.8,0.0,0.001
D1111,0.393,0.155,0.082,0.095,0.982,0.913,0.111,0.057,0.06,0.06,0.436,0.118,0.049,0.943,0.991,0.995,0.8,0.965,0.015,0.012,0.8,0.0,0.0
D1112,0.42,0.268,0.151,0.103,0.977,0.896,0.187,0.105,0.108,0.1,0.45,0.199,0.103,0.98,0.994,0.995,0.786,0.967,0.015,0.013,0.85,0.0,0.0
D1113,0.25,0.11,0.036,0.001,0.101,0.001,0.0,0.002,0.0,0.007,0.378,0.013,0.004,0.371,0.883,0.991,0.778,0.943,0.015,0.013,0.85,0.0,0.0
D1114,0.347,0.135,0.046,0.036,0.869,0.701,0.024,0.017,0.01,0.015,0.403,0.031,0.007,0.687,0.961,0.996,0.868,0.956,0.015,0.013,0.85,0.0,0.0
D1115,0.383,0.218,0.092,0.034,0.934,0.834,0.113,0.054,0.043,0.051,0.433,0.104,0.05,0.942,0.988,0.988,0.737,0.935,0.015,0.013,0.85,0.0,0.001
D1116,0.418,0.317,0.157,0.062,0.978,0.886,0.203,0.101,0.101,0.088,0.448,0.171,0.091,0.984,0.993,0.993,0.8,0.947,0.015,0.013,0.85,0.0,0.001
D1117,0.375,0.388,0.201,0.016,0.803,0.523,0.11,0.167,0.12,0.032,0.397,0.056,0.108,0.658,0.941,0.998,0.912,0.984,0.015,0.012,0.8,0.0,0.0
D1118,0.388,0.414,0.217,0.029,0.873,0.661,0.117,0.161,0.109,0.046,0.41,0.092,0.112,0.736,0.968,0.995,0.796,0.97,0.015,0.012,0.8,0.0,0.0
D1119,0.436,0.489,0.27,0.059,0.967,0.86,0.156,0.199,0.172,0.074,0.438,0.14,0.149,0.931,0.991,0.998,0.898,0.984,0.015,0.012,0.8,0.0,0.0
D112,0.372,0.706,0.205,0.161,0.899,0.746,0.183,0.116,0.093,0.085,0.379,0.158,0.099,0.555,0.97,0.955,0.519,0.903,0.03,0.012,0.4,0.003,0.008
D1120,0.457,0.554,0.34,0.091,0.987,0.918,0.205,0.219,0.17,0.109,0.455,0.23,0.2,0.985,0.995,0.995,0.804,0.974,0.015,0.012,0.8,0.0,0.0
D1121,0.162,0.003,0.001,0.0,0.0,0.0,0.0,0.0,0.0,0.0,0.124,0.0,0.0,0.007,0.5,0.912,0.483,0.821,0.007,0.005,0.7,0.0,0.0
D1122,0.23,0.008,0.004,0.187,0.448,0.316,0.009,0.002,0.003,0.004,0.161,0.008,0.001,0.033,0.822,0.943,0.543,0.844,0.007,0.005,0.7,0.0,0.0
D1123,0.344,0.124,0.065,0.252,0.954,0.901,0.201,0.057,0.064,0.048,0.376,0.1,0.072,0.456,0.988,0.908,0.463,0.822,0.007,0.005,0.7,0.0,0.0
D1124,0.397,0.267,0.153,0.334,0.984,0.946,0.343,0.119,0.129,0.096,0.411,0.192,0.122,0.654,0.994,0.935,0.497,0.84,0.007,0.005,0.7,0.0,0.0
D1125,0.169,0.01,0.005,0.0,0.0,0.0,0.0,0.0,0.0,0.001,0.145,0.0,0.0,0.013,0.748,0.949,0.45,0.891,0.007,0.004,0.5,0.0,0.0
D1126,0.225,0.016,0.008,0.173,0.522,0.268,0.014,0.003,0.006,0.003,0.192,0.005,0.002,0.053,0.841,0.955,0.465,0.902,0.007,0.004,0.5,0.0,0.0
D1127,0.341,0.125,0.066,0.296,0.97,0.908,0.2,0.054,0.051,0.046,0.366,0.095,0.06,0.387,0.986,0.963,0.504,0.917,0.007,0.004,0.5,0.0,0.001
D1128,0.394,0.248,0.141,0.472,0.978,0.93,0.325,0.109,0.116,0.098,0.408,0.199,0.102,0.649,0.994,0.966,0.493,0.917,0.007,0.004,0.5,0.0,0.001
D1129,0.164,0.03,0.009,0.0,0.0,0.0,0.0,0.0,0.0,0.0,0.138,0.0,0.0,0.004,0.506,0.946,0.509,0.855,0.007,0.004,0.6,0.001,0.002
D113,0.21,0.031,0.014,0.0,0.0,0.0,0.0,0.0,0.0,0.001,0.292,0.0,0.0,0.051,0.52,0.992,0.891,0.955,0.06,0.045,0.75,0.002,0.006
D1130,0.263,0.044,0.016,0.087,0.734,0.556,0.031,0.006,0.004,0.005,0.29,0.009,0.008,0.1,0.94,0.95,0.517,0.866,0.007,0.004,0.6,0.0,0.0
D1131,0.345,0.146,0.074,0.185,0.976,0.915,0.218,0.057,0.06,0.058,0.377,0.116,0.054,0.484,0.986,0.938,0.488,0.847,0.007,0.004,0.6,0.0,0.0
D1132,0.39,0.245,0.133,0.253,0.954,0.916,0.35,0.103,0.103,0.1,0.411,0.203,0.115,0.668,0.994,0.968,0.552,0.892,0.007,0.004,0.6,0.0,0.001
D1133,0.212,0.19,0.066,0.01,0.49,0.0,0.018,0.03,0.016,0.002,0.168,0.001,0.088,0.036,0.794,0.958,0.467,0.916,0.007,0.003,0.4,0.0,0.0
D1134,0.272,0.201,0.073,0.155,0.812,0.666,0.032,0.035,0.022,0.007,0.219,0.013,0.081,0.074,0.914,0.945,0.426,0.897,0.007,0.003,0.4,0.0,0.0
D1135,0.342,0.303,0.132,0.243,0.919,0.862,0.135,0.086,0.068,0.057,0.372,0.106,0.132,0.469,0.987,0.942,0.413,0.89,0.007,0.003,0.4,0.001,0.003
D1136,0.383,0.38,0.194,0.262,0.984,0.946,0.212,0.129,0.107,0.09,0.406,0.184,0.178,0.628,0.994,0.958,0.448,0.907,0.007,0.003,0.4,0.0,0.0
D1137,0.199,0.003,0.001,0.0,0.0,0.0,0.0,0.0,0.0,0.0,0.25,0.0,0.0,0.061,0.5,0.993,0.815,0.931,0.015,0.012,0.8,0.0,0.0
D1138,0.295,0.016,0.007,0.07,0.814,0.506,0.018,0.006,0.006,0.004,0.346,0.01,0.004,0.293,0.816,0.993,0.802,0.943,0.015,0.012,0.8,0.0,0.0
D1139,0.392,0.109,0.057,0.09,0.993,0.935,0.173,0.05,0.054,0.048,0.433,0.098,0.052,0.929,0.987,0.995,0.845,0.953,0.015,0.012,0.8,0.0,0.0
D114,0.321,0.057,0.028,0.029,0.818,0.543,0.037,0.012,0.009,0.013,0.365,0.027,0.006,0.537,0.857,0.996,0.917,0.959,0.06,0.045,0.75,0.0,0.001
D1140,0.418,0.227,0.127,0.106,0.975,0.903,0.311,0.102,0.091,0.109,0.454,0.209,0.081,0.979,0.995,0.991,0.787,0.925,0.015,0.012,0.8,0.0,0.0
D1141,0.203,0.009,0.005,0.0,0.0,0.0,0.0,0.0,0.0,0.001,0.265,0.0,0.0,0.078,0.75,0.989,0.695,0.959,0.015,0.01,0.7,0.0,0.0
D1142,0.312,0.026,0.013,0.063,0.833,0.635,0.029,0.008,0.008,0.01,0.374,0.016,0.01,0.538,0.944,0.988,0.684,0.955,0.015,0.01,0.7,0.0,0.001
D1143,0.387,0.129,0.068,0.115,0.982,0.913,0.196,0.057,0.057,0.06,0.435,0.118,0.049,0.935,0.991,0.991,0.741,0.954,0.015,0.01,0.7,0.0,0.0
D1144,0.414,0.24,0.134,0.125,0.977,0.896,0.301,0.104,0.102,0.099,0.449,0.197,0.099,0.978,0.994,0.992,0.735,0.962,0.015,0.01,0.7,0.0,0.0
D1145,0.193,0.029,0.009,0.0,0.0,0.0,0.0,0.0,0.0,0.0,0.253,0.0,0.0,0.007,0.514,0.988,0.732,0.932,0.015,0.011,0.75,0.0,0.0
D1146,0.326,0.051,0.019,0.053,0.869,0.691,0.041,0.01,0.013,0.01,0.385,0.019,0.016,0.523,0.942,0.993,0.804,0.95,0.015,0.011,0.75,0.0,0.0
D1147,0.376,0.137,0.064,0.047,0.934,0.825,0.201,0.051,0.051,0.047,0.429,0.095,0.057,0.922,0.986,0.987,0.734,0.934,0.015,0.011,0.75,0.0,0.001
D1148,0.41,0.242,0.128,0.073,0.978,0.885,0.329,0.098,0.083,0.084,0.445,0.16,0.089,0.978,0.993,0.99,0.756,0.939,0.015,0.011,0.75,0.0,0.001
D1149,0.247,0.186,0.065,0.004,0.422,0.0,0.014,0.028,0.009,0.002,0.275,0.002,0.083,0.118,0.804,0.996,0.828,0.977,0.015,0.009,0.6,0.0,0.0
D115,0.37,0.146,0.07,0.026,0.955,0.555,0.133,0.051,0.033,0.048,0.421,0.11,0.048,0.896,0.944,0.993,0.913,0.949,0.06,0.045,0.75,0.0,0.0
D1150,0.309,0.207,0.075,0.032,0.684,0.459,0.034,0.041,0.021,0.014,0.371,0.027,0.095,0.503,0.946,0.99,0.715,0.956,0.015,0.009,0.6,0.0,0.0
D1151,0.388,0.291,0.126,0.083,0.967,0.859,0.121,0.075,0.057,0.047,0.426,0.089,0.113,0.893,0.988,0.996,0.813,0.978,0.015,0.009,0.6,0.0,0.0
D1152,0.42,0.398,0.201,0.12,0.987,0.919,0.219,0.131,0.113,0.088,0.448,0.187,0.148,0.972,0.994,0.992,0.73,0.967,0.015,0.009,0.6,0.0,0.0
D116,0.396,0.228,0.115,0.046,0.961,0.573,0.179,0.084,0.075,0.078,0.437,0.173,0.072,0.937,0.969,0.997,0.959,0.964,0.06,0.045,0.75,0.001,0.003
D117,0.223,0.025,0.011,0.0,0.0,0.0,0.0,0.0,0.0,0.003,0.311,0.0,0.0,0.185,0.75,0.99,0.811,0.946,0.06,0.045,0.75,0.002,0.006
D118,0.241,0.032,0.015,0.006,0.367,0.003,0.0,0.0,0.0,0.004,0.315,0.003,0.003,0.179,0.771,0.99,0.814,0.939,0.06,0.045,0.75,0.001,0.002
D119,0.352,0.115,0.058,0.028,0.878,0.558,0.108,0.042,0.081,0.054,0.415,0.101,0.06,0.83,0.957,0.982,0.692,0.926,0.06,0.045,0.75,0.0,0.001
D12,0.494,0.834,0.683,0.101,0.964,0.815,0.234,0.394,0.361,0.193,0.447,0.379,0.221,0.904,0.99,0.974,0.642,0.869,0.03,0.024,0.8,0.0,0.0
D120,0.392,0.229,0.122,0.024,0.887,0.594,0.216,0.096,0.069,0.093,0.439,0.164,0.09,0.961,0.978,0.993,0.858,0.959,0.06,0.045,0.75,0.001,0.002
D121,0.226,0.042,0.019,0.0,0.0,0.0,0.0,0.0,0.0,0.001,0.321,0.0,0.0,0.173,0.589,0.996,0.951,0.959,0.06,0.048,0.8,0.0,0.0
D122,0.245,0.049,0.023,0.001,0.233,0.003,0.001,0.003,0.003,0.006,0.327,0.012,0.003,0.293,0.745,0.99,0.867,0.915,0.06,0.048,0.8,0.001,0.001
D123,0.374,0.141,0.072,0.015,0.919,0.546,0.114,0.051,0.039,0.045,0.419,0.096,0.069,0.899,0.952,0.998,0.996,0.96,0.06,0.048,0.8,0.0,0.001
D124,0.395,0.248,0.128,0.022,0.949,0.633,0.174,0.099,0.09,0.087,0.44,0.176,0.104,0.946,0.97,0.987,0.802,0.915,0.06,0.048,0.8,0.003,0.009
D125,0.268,0.514,0.067,0.003,0.666,0.0,0.008,0.033,0.009,0.006,0.281,0.003,0.057,0.119,0.779,0.984,0.73,0.943,0.06,0.036,0.6,0.001,0.002
D126,0.284,0.542,0.066,0.002,0.684,0.107,0.016,0.042,0.015,0.006,0.291,0.003,0.096,0.2,0.804,0.986,0.751,0.942,0.06,0.036,0.6,0.0,0.001
D127,0.367,0.557,0.112,0.016,0.884,0.463,0.079,0.075,0.024,0.051,0.412,0.11,0.122,0.848,0.958,0.984,0.752,0.936,0.06,0.036,0.6,0.0,0.0
D128,0.404,0.651,0.187,0.039,0.928,0.573,0.141,0.119,0.075,0.088,0.433,0.191,0.173,0.899,0.97,0.987,0.782,0.947,0.06,0.036,0.6,0.0,0.001
D129,0.369,0.57,0.381,0.038,0.652,0.281,0.126,0.249,0.193,0.103,0.401,0.2,0.107,0.637,0.977,0.961,0.538,0.885,0.015,0.012,0.8,0.0,0.001
D13,0.501,0.94,0.725,0.121,0.967,0.821,0.236,0.355,0.325,0.169,0.439,0.31,0.236,0.89,0.99,0.988,0.739,0.925,0.03,0.024,0.8,0.0,0.0
D130,0.414,0.595,0.416,0.163,0.922,0.64,0.142,0.287,0.233,0.107,0.404,0.201,0.127,0.685,0.981,0.961,0.544,0.882,0.015,0.012,0.8,0.0,0.0
D131,0.439,0.636,0.46,0.205,0.964,0.87,0.147,0.294,0.236,0.13,0.419,0.254,0.134,0.727,0.988,0.958,0.552,0.859,0.015,0.012,0.8,0.001,0.001
D132,0.464,0.685,0.507,0.255,0.985,0.915,0.17,0.31,0.267,0.155,0.434,0.31,0.176,0.818,0.993,0.966,0.564,0.875,0.015,0.012,0.8,0.0,0.001
D133,0.447,0.613,0.421,0.123,0.954,0.861,0.139,0.24,0.176,0.168,0.441,0.33,0.2,0.861,0.994,0.974,0.618,0.896,0.015,0.012,0.8,0.0,0.0
D134,0.461,0.632,0.437,0.186,0.96,0.864,0.136,0.258,0.212,0.168,0.444,0.342,0.26,0.887,0.994,0.979,0.66,0.898,0.015,0.012,0.8,0.001,0.003
D135,0.477,0.713,0.531,0.161,0.973,0.864,0.171,0.291,0.257,0.19,0.449,0.373,0.258,0.878,0.996,0.981,0.664,0.914,0.015,0.012,0.8,0.0,0.0
D136,0.486,0.74,0.548,0.181,0.964,0.893,0.167,0.296,0.263,0.204,0.452,0.396,0.275,0.919,0.996,0.982,0.656,0.922,0.015,0.012,0.8,0.001,0.003
D137,0.381,0.725,0.37,0.029,0.727,0.415,0.094,0.237,0.199,0.107,0.4,0.206,0.113,0.651,0.978,0.96,0.557,0.888,0.015,0.01,0.7,0.0,0.0
D138,0.397,0.73,0.366,0.049,0.918,0.63,0.092,0.239,0.167,0.095,0.402,0.167,0.09,0.694,0.985,0.962,0.545,0.882,0.015,0.01,0.7,0.0,0.0
D139,0.426,0.77,0.415,0.048,0.952,0.848,0.104,0.249,0.209,0.125,0.418,0.236,0.154,0.728,0.99,0.96,0.544,0.885,0.015,0.01,0.7,0.001,0.002
D14,0.513,0.953,0.811,0.127,0.967,0.806,0.262,0.409,0.397,0.2,0.447,0.358,0.239,0.913,0.991,0.981,0.667,0.904,0.03,0.024,0.8,0.0,0.0
D140,0.459,0.819,0.507,0.087,0.973,0.863,0.132,0.307,0.257,0.163,0.439,0.337,0.184,0.86,0.994,0.966,0.576,0.895,0.015,0.01,0.7,0.001,0.003
D141,0.461,0.885,0.722,0.066,0.958,0.721,0.286,0.348,0.321,0.129,0.413,0.261,0.179,0.719,0.987,0.965,0.568,0.879,0.015,0.01,0.7,0.0,0.0
D142,0.472,0.891,0.75,0.068,0.97,0.821,0.273,0.393,0.351,0.132,0.416,0.257,0.175,0.74,0.989,0.967,0.559,0.899,0.015,0.01,0.7,0.0,0.0
D143,0.488,0.919,0.796,0.126,0.966,0.893,0.277,0.379,0.376,0.134,0.427,0.27,0.163,0.809,0.992,0.972,0.602,0.906,0.015,0.01,0.7,0.001,0.002
D144,0.511,0.933,0.843,0.269,0.988,0.937,0.283,0.393,0.393,0.175,0.44,0.354,0.221,0.848,0.994,0.968,0.588,0.891,0.015,0.01,0.7,0.001,0.002
D145,0.413,0.536,0.35,0.009,0.652,0.221,0.122,0.248,0.182,0.14,0.46,0.27,0.107,0.957,0.991,0.999,0.958,0.978,0.03,0.025,0.85,0.0,0.0
D146,0.411,0.534,0.344,0.01,0.676,0.31,0.113,0.24,0.172,0.149,0.465,0.275,0.119,0.964,0.992,0.993,0.829,0.946,0.03,0.025,0.85,0.0,0.0
D147,0.47,0.634,0.436,0.027,0.936,0.718,0.145,0.282,0.24,0.171,0.468,0.328,0.134,0.988,0.994,0.998,0.95,0.978,0.03,0.025,0.85,0.0,0.0
D148,0.478,0.705,0.522,0.04,0.949,0.796,0.162,0.318,0.257,0.171,0.469,0.328,0.157,0.997,0.995,0.991,0.797,0.94,0.03,0.025,0.85,0.004,0.01
D149,0.468,0.628,0.401,0.023,0.942,0.785,0.126,0.239,0.213,0.2,0.475,0.407,0.179,0.997,0.996,0.992,0.837,0.945,0.03,0.025,0.85,0.0,0.0
D15,0.501,0.94,0.746,0.096,0.97,0.839,0.24,0.352,0.29,0.188,0.447,0.379,0.215,0.919,0.991,0.981,0.675,0.889,0.03,0.024,0.8,0.001,0.001
D150,0.474,0.627,0.416,0.038,0.978,0.843,0.131,0.224,0.167,0.206,0.477,0.421,0.206,0.999,0.996,0.993,0.858,0.954,0.03,0.025,0.85,0.0,0.0
D151,0.477,0.668,0.451,0.028,0.973,0.86,0.145,0.264,0.249,0.192,0.476,0.396,0.2,1.0,0.996,0.988,0.776,0.922,0.03,0.025,0.85,0.0,0.001
D152,0.506,0.791,0.583,0.04,0.99,0.876,0.179,0.306,0.278,0.23,0.479,0.452,0.24,0.997,0.997,0.993,0.852,0.946,0.03,0.025,0.85,0.0,0.001
D153,0.422,0.722,0.358,0.007,0.731,0.284,0.088,0.237,0.194,0.143,0.461,0.266,0.133,0.957,0.99,0.996,0.908,0.96,0.03,0.024,0.8,0.0,0.001
D154,0.446,0.765,0.37,0.007,0.899,0.561,0.089,0.255,0.219,0.149,0.462,0.282,0.146,0.985,0.992,0.992,0.828,0.946,0.03,0.024,0.8,0.0,0.0
D155,0.483,0.808,0.468,0.027,0.955,0.813,0.113,0.29,0.275,0.173,0.467,0.342,0.193,0.982,0.994,0.996,0.918,0.961,0.03,0.024,0.8,0.0,0.0
D156,0.48,0.864,0.513,0.019,0.966,0.791,0.12,0.29,0.245,0.175,0.472,0.339,0.193,0.999,0.995,0.99,0.788,0.947,0.03,0.024,0.8,0.001,0.002
D157,0.49,0.9,0.667,0.012,0.961,0.657,0.221,0.357,0.322,0.154,0.464,0.299,0.151,0.978,0.993,0.991,0.813,0.947,0.03,0.025,0.85,0.0,0.0
D158,0.495,0.857,0.634,0.02,0.967,0.721,0.223,0.378,0.3,0.155,0.463,0.321,0.163,0.991,0.994,0.994,0.853,0.952,0.03,0.025,0.85,0.0,0.0
D159,0.508,0.867,0.648,0.02,0.943,0.77,0.245,0.352,0.337,0.179,0.466,0.358,0.197,0.984,0.994,0.997,0.936,0.972,0.03,0.025,0.85,0.002,0.006
D16,0.522,0.968,0.878,0.069,0.949,0.8,0.275,0.418,0.394,0.196,0.454,0.364,0.269,0.952,0.992,0.987,0.729,0.919,0.03,0.024,0.8,0.003,0.008
D160,0.517,0.919,0.766,0.031,0.976,0.861,0.26,0.391,0.345,0.182,0.47,0.355,0.181,0.994,0.995,0.991,0.809,0.931,0.03,0.025,0.85,0.005,0.013
D161,0.294,0.233,0.128,0.022,0.578,0.194,0.036,0.079,0.034,0.058,0.353,0.106,0.061,0.443,0.925,0.963,0.548,0.888,0.015,0.012,0.8,0.0,0.001
D162,0.335,0.254,0.143,0.164,0.822,0.543,0.049,0.097,0.055,0.063,0.36,0.13,0.048,0.463,0.945,0.963,0.556,0.886,0.015,0.012,0.8,0.0,0.0
D163,0.379,0.323,0.19,0.215,0.964,0.87,0.086,0.124,0.087,0.087,0.392,0.173,0.082,0.567,0.979,0.96,0.557,0.859,0.015,0.012,0.8,0.001,0.001
D164,0.415,0.412,0.255,0.263,0.985,0.915,0.132,0.164,0.116,0.116,0.418,0.227,0.122,0.749,0.99,0.969,0.581,0.884,0.015,0.012,0.8,0.0,0.001
D165,0.363,0.304,0.171,0.044,0.861,0.615,0.073,0.122,0.07,0.107,0.4,0.203,0.101,0.631,0.979,0.971,0.602,0.895,0.015,0.012,0.8,0.0,0.0
D166,0.373,0.308,0.175,0.087,0.899,0.678,0.072,0.131,0.081,0.097,0.402,0.197,0.082,0.66,0.983,0.978,0.644,0.892,0.015,0.012,0.8,0.001,0.003
D167,0.413,0.408,0.249,0.131,0.951,0.858,0.121,0.167,0.122,0.131,0.419,0.252,0.143,0.79,0.99,0.98,0.637,0.906,0.015,0.012,0.8,0.0,0.0
D168,0.434,0.478,0.301,0.218,0.966,0.897,0.145,0.178,0.142,0.146,0.428,0.282,0.209,0.781,0.992,0.982,0.657,0.917,0.015,0.012,0.8,0.001,0.003
D169,0.3,0.4,0.132,0.022,0.604,0.173,0.034,0.09,0.051,0.063,0.358,0.125,0.036,0.415,0.941,0.967,0.572,0.899,0.015,0.01,0.7,0.0,0.0
D17,0.447,0.675,0.438,0.006,0.818,0.287,0.15,0.307,0.239,0.173,0.467,0.316,0.155,0.991,0.987,0.993,0.898,0.964,0.06,0.051,0.85,0.002,0.006
D170,0.341,0.415,0.132,0.037,0.876,0.71,0.037,0.099,0.048,0.058,0.366,0.104,0.049,0.461,0.965,0.969,0.56,0.896,0.015,0.01,0.7,0.0,0.0
D171,0.373,0.476,0.19,0.037,0.912,0.807,0.074,0.124,0.1,0.093,0.394,0.191,0.085,0.606,0.983,0.961,0.555,0.887,0.015,0.01,0.7,0.001,0.002
D172,0.417,0.589,0.292,0.08,0.972,0.867,0.121,0.181,0.154,0.136,0.426,0.284,0.136,0.733,0.992,0.975,0.604,0.907,0.015,0.01,0.7,0.001,0.003
D173,0.399,0.732,0.479,0.068,0.896,0.612,0.2,0.279,0.272,0.065,0.366,0.134,0.099,0.513,0.962,0.963,0.537,0.87,0.015,0.01,0.7,0.0,0.0
D174,0.414,0.75,0.48,0.079,0.945,0.7,0.185,0.29,0.296,0.067,0.373,0.134,0.085,0.552,0.974,0.973,0.583,0.911,0.015,0.01,0.7,0.0,0.0
D175,0.445,0.803,0.545,0.136,0.972,0.849,0.209,0.312,0.301,0.098,0.403,0.204,0.131,0.666,0.988,0.974,0.59,0.891,0.015,0.01,0.7,0.001,0.002
D176,0.477,0.827,0.624,0.277,0.988,0.887,0.231,0.337,0.313,0.14,0.425,0.288,0.167,0.763,0.992,0.981,0.637,0.89,0.015,0.01,0.7,0.001,0.002
D177,0.342,0.222,0.122,0.005,0.572,0.057,0.037,0.082,0.039,0.083,0.438,0.163,0.049,0.854,0.969,0.998,0.957,0.979,0.03,0.025,0.85,0.0,0.0
D178,0.347,0.221,0.119,0.008,0.519,0.354,0.03,0.069,0.04,0.084,0.442,0.163,0.055,0.828,0.974,0.995,0.863,0.956,0.03,0.025,0.85,0.0,0.0
D179,0.424,0.324,0.187,0.033,0.963,0.831,0.089,0.137,0.107,0.115,0.453,0.227,0.069,0.972,0.987,0.998,0.949,0.979,0.03,0.025,0.85,0.0,0.0
D18,0.453,0.67,0.442,0.01,0.866,0.391,0.157,0.293,0.245,0.164,0.468,0.299,0.164,0.982,0.989,0.996,0.916,0.956,0.06,0.051,0.85,0.0,0.001
D180,0.426,0.395,0.238,0.039,0.922,0.8,0.111,0.167,0.112,0.126,0.457,0.263,0.103,0.988,0.991,0.992,0.812,0.943,0.03,0.025,0.85,0.004,0.01
D181,0.399,0.31,0.167,0.011,0.9,0.57,0.065,0.109,0.085,0.116,0.456,0.233,0.085,0.973,0.989,0.994,0.868,0.941,0.03,0.025,0.85,0.0,0.0
D182,0.403,0.312,0.173,0.017,0.901,0.699,0.068,0.112,0.079,0.115,0.457,0.225,0.082,0.978,0.99,0.992,0.818,0.945,0.03,0.025,0.85,0.0,0.0
D183,0.413,0.362,0.201,0.011,0.912,0.781,0.09,0.145,0.091,0.127,0.46,0.243,0.101,0.993,0.992,0.988,0.778,0.913,0.03,0.025,0.85,0.0,0.001
D184,0.458,0.533,0.337,0.032,0.982,0.863,0.164,0.193,0.175,0.172,0.469,0.333,0.142,0.997,0.995,0.993,0.841,0.949,0.03,0.025,0.85,0.0,0.001
D185,0.349,0.401,0.126,0.006,0.619,0.075,0.03,0.09,0.06,0.084,0.441,0.158,0.043,0.884,0.973,0.995,0.888,0.951,0.03,0.024,0.8,0.0,0.001
D186,0.388,0.439,0.141,0.007,0.925,0.504,0.039,0.104,0.081,0.086,0.445,0.169,0.061,0.936,0.982,0.992,0.83,0.946,0.03,0.024,0.8,0.0,0.0
D187,0.423,0.517,0.208,0.025,0.955,0.782,0.074,0.148,0.104,0.123,0.455,0.243,0.088,0.967,0.989,0.992,0.831,0.948,0.03,0.024,0.8,0.0,0.0
D188,0.44,0.624,0.278,0.02,0.97,0.781,0.104,0.181,0.154,0.134,0.463,0.266,0.134,0.996,0.993,0.991,0.797,0.949,0.03,0.024,0.8,0.001,0.002
D189,0.438,0.757,0.444,0.009,0.9,0.51,0.17,0.284,0.228,0.095,0.442,0.185,0.1,0.912,0.98,0.992,0.823,0.953,0.03,0.024,0.8,0.0,0.0
D19,0.475,0.743,0.45,0.017,0.973,0.561,0.148,0.301,0.233,0.179,0.472,0.367,0.224,1.0,0.99,0.993,0.893,0.938,0.06,0.051,0.85,0.0,0.0
D190,0.443,0.711,0.419,0.018,0.943,0.593,0.16,0.282,0.228,0.097,0.443,0.19,0.103,0.946,0.988,0.994,0.834,0.944,0.03,0.024,0.8,0.0,0.0
D191,0.456,0.716,0.448,0.018,0.888,0.672,0.193,0.293,0.236,0.122,0.453,0.245,0.137,0.963,0.991,0.995,0.859,0.943,0.03,0.024,0.8,0.002,0.006
D192,0.483,0.806,0.562,0.04,0.982,0.86,0.213,0.318,0.239,0.147,0.462,0.281,0.16,0.996,0.993,0.99,0.784,0.933,0.03,0.024,0.8,0.005,0.013
D193,0.2,0.068,0.034,0.001,0.006,0.0,0.0,0.0,0.0,0.003,0.252,0.004,0.0,0.113,0.703,0.962,0.548,0.887,0.015,0.012,0.8,0.0,0.001
D194,0.275,0.082,0.042,0.216,0.748,0.448,0.014,0.006,0.007,0.007,0.276,0.016,0.003,0.163,0.835,0.951,0.531,0.869,0.015,0.012,0.8,0.0,0.0
D195,0.344,0.163,0.088,0.268,0.961,0.878,0.097,0.046,0.055,0.042,0.361,0.094,0.04,0.372,0.967,0.947,0.528,0.837,0.015,0.012,0.8,0.001,0.001
D196,0.389,0.262,0.148,0.326,0.99,0.939,0.18,0.093,0.081,0.078,0.4,0.152,0.087,0.624,0.987,0.959,0.555,0.87,0.015,0.012,0.8,0.0,0.001
D197,0.229,0.103,0.052,0.008,0.225,0.043,0.009,0.022,0.006,0.017,0.302,0.034,0.009,0.207,0.881,0.964,0.536,0.899,0.015,0.01,0.7,0.0,0.0
D198,0.24,0.104,0.054,0.012,0.293,0.106,0.012,0.022,0.009,0.013,0.303,0.031,0.012,0.225,0.887,0.973,0.585,0.91,0.015,0.01,0.7,0.001,0.003
D199,0.342,0.198,0.108,0.095,0.891,0.794,0.098,0.066,0.054,0.052,0.371,0.1,0.034,0.485,0.974,0.973,0.593,0.912,0.015,0.01,0.7,0.0,0.0
D2,0.414,0.641,0.426,0.061,0.818,0.475,0.161,0.287,0.266,0.143,0.421,0.263,0.161,0.678,0.973,0.967,0.608,0.893,0.03,0.024,0.8,0.002,0.005
D20,0.49,0.784,0.513,0.027,0.952,0.71,0.177,0.296,0.257,0.181,0.47,0.367,0.209,0.994,0.991,0.995,0.923,0.964,0.06,0.051,0.85,0.001,0.003
D200,0.391,0.293,0.167,0.26,0.966,0.888,0.169,0.107,0.09,0.099,0.402,0.196,0.078,0.655,0.988,0.978,0.607,0.926,0.015,0.01,0.7,0.001,0.003
D201,0.227,0.143,0.037,0.01,0.475,0.0,0.001,0.007,0.001,0.006,0.265,0.013,0.0,0.107,0.77,0.966,0.571,0.9,0.015,0.01,0.7,0.0,0.0
D202,0.243,0.157,0.04,0.024,0.54,0.137,0.008,0.01,0.012,0.01,0.286,0.018,0.016,0.155,0.861,0.951,0.521,0.868,0.015,0.01,0.7,0.0,0.0
D203,0.334,0.241,0.098,0.059,0.901,0.764,0.088,0.069,0.046,0.053,0.364,0.106,0.043,0.418,0.97,0.963,0.559,0.889,0.015,0.01,0.7,0.001,0.002
D204,0.398,0.387,0.194,0.121,0.972,0.867,0.173,0.133,0.134,0.113,0.415,0.239,0.122,0.694,0.99,0.973,0.593,0.903,0.015,0.01,0.7,0.001,0.003
D205,0.301,0.58,0.217,0.051,0.731,0.339,0.09,0.152,0.094,0.02,0.266,0.042,0.034,0.231,0.889,0.943,0.434,0.878,0.015,0.009,0.6,0.0,0.0
D206,0.327,0.605,0.21,0.105,0.842,0.642,0.08,0.151,0.101,0.02,0.278,0.039,0.048,0.261,0.927,0.945,0.443,0.883,0.015,0.009,0.6,0.0,0.0
D207,0.379,0.677,0.277,0.139,0.927,0.778,0.132,0.187,0.13,0.058,0.372,0.116,0.1,0.506,0.98,0.957,0.484,0.883,0.015,0.009,0.6,0.001,0.002
D208,0.42,0.71,0.365,0.272,0.967,0.843,0.174,0.227,0.199,0.099,0.406,0.204,0.121,0.67,0.989,0.962,0.506,0.894,0.015,0.009,0.6,0.001,0.002
D209,0.256,0.066,0.034,0.0,0.01,0.0,0.0,0.0,0.0,0.006,0.374,0.013,0.0,0.488,0.809,0.998,0.954,0.971,0.03,0.025,0.85,0.0,0.0
D21,0.42,0.573,0.359,0.006,0.71,0.143,0.11,0.266,0.2,0.188,0.474,0.391,0.152,1.0,0.991,0.986,0.806,0.91,0.06,0.051,0.85,0.002,0.006
D210,0.265,0.07,0.035,0.014,0.318,0.007,0.001,0.003,0.0,0.009,0.38,0.021,0.001,0.5,0.849,0.99,0.785,0.936,0.03,0.025,0.85,0.0,0.0
D211,0.389,0.164,0.088,0.041,0.915,0.794,0.095,0.051,0.058,0.046,0.427,0.096,0.06,0.912,0.971,0.998,0.954,0.979,0.03,0.025,0.85,0.0,0.0
D212,0.396,0.227,0.124,0.056,0.922,0.803,0.134,0.079,0.073,0.052,0.435,0.116,0.054,0.943,0.979,0.993,0.844,0.946,0.03,0.025,0.85,0.004,0.01
D213,0.283,0.104,0.051,0.001,0.282,0.0,0.009,0.019,0.009,0.022,0.402,0.046,0.009,0.74,0.928,0.989,0.773,0.934,0.03,0.025,0.85,0.0,0.0
D214,0.309,0.112,0.057,0.005,0.575,0.158,0.024,0.027,0.019,0.025,0.404,0.04,0.022,0.767,0.934,0.99,0.791,0.934,0.03,0.025,0.85,0.0,0.0
D215,0.37,0.17,0.087,0.015,0.87,0.754,0.069,0.058,0.045,0.043,0.424,0.088,0.034,0.918,0.972,0.988,0.767,0.922,0.03,0.025,0.85,0.0,0.001
D216,0.425,0.337,0.194,0.035,0.979,0.849,0.197,0.119,0.118,0.097,0.449,0.207,0.112,0.985,0.989,0.994,0.838,0.941,0.03,0.025,0.85,0.0,0.001
D217,0.277,0.143,0.035,0.003,0.463,0.0,0.0,0.004,0.001,0.012,0.382,0.022,0.003,0.542,0.848,0.993,0.852,0.945,0.03,0.024,0.8,0.0,0.001
D218,0.322,0.168,0.045,0.006,0.697,0.387,0.007,0.015,0.006,0.018,0.402,0.033,0.018,0.769,0.928,0.991,0.811,0.938,0.03,0.024,0.8,0.0,0.0
D219,0.382,0.252,0.095,0.03,0.918,0.725,0.074,0.058,0.043,0.054,0.432,0.112,0.075,0.919,0.976,0.992,0.835,0.949,0.03,0.024,0.8,0.0,0.0
D22,0.446,0.589,0.367,0.009,0.913,0.406,0.122,0.269,0.206,0.181,0.472,0.358,0.197,0.997,0.991,0.991,0.861,0.932,0.06,0.051,0.85,0.001,0.002
D220,0.412,0.386,0.171,0.028,0.955,0.828,0.136,0.119,0.1,0.089,0.45,0.178,0.1,0.987,0.988,0.989,0.767,0.945,0.03,0.024,0.8,0.001,0.002
D221,0.345,0.608,0.2,0.006,0.703,0.254,0.075,0.143,0.113,0.022,0.376,0.04,0.03,0.613,0.913,0.989,0.749,0.949,0.03,0.022,0.75,0.0,0.0
D222,0.376,0.575,0.195,0.02,0.845,0.615,0.068,0.143,0.1,0.031,0.384,0.063,0.03,0.739,0.962,0.991,0.764,0.956,0.03,0.022,0.75,0.0,0.0
D223,0.404,0.572,0.24,0.025,0.89,0.667,0.102,0.172,0.11,0.064,0.428,0.124,0.078,0.887,0.98,0.992,0.795,0.956,0.03,0.022,0.75,0.002,0.006
D224,0.437,0.685,0.321,0.047,0.97,0.848,0.147,0.204,0.191,0.09,0.443,0.182,0.09,0.963,0.988,0.987,0.712,0.936,0.03,0.022,0.75,0.005,0.013
D225,0.171,0.018,0.009,0.0,0.0,0.0,0.0,0.0,0.0,0.001,0.144,0.0,0.0,0.013,0.503,0.951,0.529,0.872,0.015,0.01,0.7,0.0,0.001
D226,0.261,0.029,0.014,0.26,0.748,0.584,0.018,0.004,0.007,0.005,0.189,0.012,0.003,0.067,0.777,0.938,0.503,0.856,0.015,0.01,0.7,0.0,0.0
D227,0.338,0.114,0.06,0.313,0.951,0.869,0.176,0.046,0.051,0.04,0.358,0.091,0.046,0.358,0.966,0.935,0.504,0.827,0.015,0.01,0.7,0.001,0.001
D228,0.38,0.211,0.116,0.358,0.99,0.939,0.294,0.088,0.085,0.078,0.398,0.152,0.11,0.603,0.987,0.948,0.518,0.859,0.015,0.009,0.6,0.0,0.001
D229,0.176,0.028,0.014,0.0,0.0,0.0,0.0,0.0,0.0,0.001,0.178,0.0,0.0,0.016,0.732,0.947,0.447,0.893,0.015,0.009,0.6,0.0,0.0
D23,0.449,0.643,0.403,0.009,0.89,0.555,0.128,0.263,0.224,0.182,0.471,0.346,0.137,0.997,0.99,0.986,0.812,0.885,0.06,0.051,0.85,0.0,0.001
D230,0.186,0.032,0.016,0.003,0.058,0.0,0.005,0.003,0.001,0.003,0.192,0.003,0.0,0.055,0.768,0.954,0.473,0.902,0.015,0.009,0.6,0.001,0.003
D231,0.323,0.119,0.062,0.156,0.891,0.794,0.157,0.042,0.042,0.041,0.344,0.076,0.042,0.378,0.964,0.959,0.504,0.909,0.015,0.009,0.6,0.0,0.0
D232,0.377,0.224,0.123,0.315,0.966,0.888,0.262,0.091,0.087,0.089,0.394,0.172,0.087,0.601,0.986,0.963,0.501,0.914,0.015,0.009,0.6,0.001,0.003
D233,0.177,0.04,0.01,0.0,0.0,0.0,0.0,0.0,0.0,0.001,0.155,0.0,0.0,0.016,0.529,0.961,0.635,0.912,0.015,0.009,0.6,0.0,0.0
D234,0.225,0.051,0.014,0.007,0.234,0.006,0.011,0.004,0.007,0.004,0.202,0.006,0.007,0.076,0.704,1.0,1.0,0.991,0.015,0.009,0.6,0.0,0.0
D235,0.33,0.15,0.071,0.074,0.901,0.796,0.159,0.057,0.064,0.049,0.357,0.099,0.06,0.358,0.965,0.966,0.644,0.875,0.015,0.009,0.6,0.001,0.002
D236,0.414,0.303,0.165,0.137,0.957,0.867,0.285,0.122,0.13,0.107,0.412,0.227,0.121,0.681,0.99,0.999,1.0,0.974,0.015,0.009,0.6,0.001,0.003
D237,0.212,0.509,0.068,0.016,0.609,0.0,0.011,0.024,0.009,0.002,0.155,0.0,0.022,0.039,0.783,0.905,0.33,0.856,0.015,0.004,0.3,0.0,0.0
D238,0.254,0.534,0.068,0.14,0.842,0.401,0.02,0.022,0.01,0.009,0.17,0.013,0.019,0.082,0.87,0.9,0.321,0.851,0.015,0.004,0.3,0.0,0.0
D239,0.333,0.613,0.127,0.204,0.928,0.776,0.109,0.082,0.067,0.049,0.351,0.096,0.067,0.396,0.972,0.923,0.374,0.871,0.015,0.004,0.3,0.001,0.002
D24,0.471,0.689,0.478,0.008,0.857,0.588,0.162,0.29,0.266,0.199,0.474,0.397,0.215,0.997,0.991,0.991,0.852,0.938,0.06,0.051,0.85,0.001,0.002
D240,0.38,0.652,0.207,0.31,0.964,0.834,0.19,0.124,0.109,0.096,0.401,0.194,0.128,0.639,0.988,0.935,0.387,0.874,0.015,0.004,0.3,0.001,0.002
D241,0.209,0.017,0.009,0.0,0.0,0.0,0.0,0.0,0.0,0.001,0.26,0.0,0.0,0.055,0.507,0.997,0.932,0.966,0.03,0.024,0.8,0.0,0.0
D242,0.235,0.024,0.012,0.028,0.318,0.007,0.0,0.0,0.0,0.004,0.307,0.009,0.007,0.142,0.759,0.989,0.772,0.934,0.03,0.024,0.8,0.0,0.0
D243,0.381,0.114,0.06,0.049,0.915,0.794,0.166,0.046,0.033,0.041,0.422,0.085,0.043,0.875,0.967,0.998,0.946,0.978,0.03,0.024,0.8,0.0,0.0
D244,0.39,0.174,0.092,0.069,0.922,0.803,0.218,0.072,0.06,0.047,0.429,0.1,0.073,0.927,0.975,0.992,0.825,0.942,0.03,0.024,0.8,0.004,0.01
D245,0.209,0.029,0.014,0.0,0.0,0.0,0.0,0.0,0.0,0.001,0.294,0.001,0.0,0.079,0.743,0.983,0.707,0.939,0.03,0.022,0.75,0.0,0.0
D246,0.249,0.04,0.02,0.007,0.522,0.0,0.015,0.006,0.003,0.007,0.31,0.012,0.013,0.266,0.809,0.986,0.713,0.947,0.03,0.022,0.75,0.0,0.0
D247,0.354,0.106,0.053,0.026,0.87,0.754,0.125,0.042,0.048,0.031,0.409,0.06,0.043,0.833,0.963,0.984,0.698,0.934,0.03,0.022,0.75,0.0,0.001
D248,0.409,0.256,0.142,0.044,0.979,0.849,0.283,0.099,0.079,0.087,0.442,0.181,0.079,0.963,0.986,0.991,0.772,0.954,0.03,0.022,0.75,0.0,0.001
D249,0.197,0.04,0.009,0.0,0.0,0.0,0.0,0.0,0.0,0.001,0.275,0.0,0.0,0.052,0.539,0.982,0.737,0.906,0.03,0.022,0.75,0.0,0.001
D25,0.46,0.688,0.419,0.008,0.937,0.609,0.139,0.278,0.269,0.155,0.465,0.299,0.155,0.988,0.989,0.991,0.823,0.937,0.06,0.051,0.85,0.0,0.0
D250,0.253,0.057,0.016,0.002,0.457,0.0,0.005,0.006,0.001,0.007,0.336,0.012,0.003,0.352,0.746,0.99,0.84,0.924,0.03,0.022,0.75,0.0,0.0
D251,0.374,0.141,0.062,0.034,0.918,0.707,0.131,0.049,0.054,0.042,0.424,0.085,0.045,0.887,0.971,0.996,0.906,0.964,0.03,0.022,0.75,0.0,0.0
D252,0.415,0.28,0.138,0.034,0.955,0.827,0.213,0.106,0.113,0.085,0.446,0.169,0.104,0.97,0.986,0.997,0.931,0.968,0.03,0.022,0.75,0.001,0.002
D253,0.253,0.535,0.062,0.002,0.551,0.0,0.006,0.021,0.006,0.002,0.263,0.0,0.022,0.16,0.791,0.981,0.636,0.933,0.03,0.016,0.55,0.0,0.0
D254,0.313,0.518,0.066,0.028,0.845,0.506,0.014,0.022,0.009,0.012,0.287,0.019,0.027,0.424,0.9,0.985,0.683,0.944,0.03,0.016,0.55,0.0,0.0
D255,0.362,0.508,0.112,0.04,0.89,0.658,0.075,0.064,0.058,0.047,0.404,0.093,0.081,0.754,0.961,0.985,0.679,0.949,0.03,0.016,0.55,0.002,0.006
D256,0.403,0.627,0.174,0.059,0.967,0.848,0.148,0.113,0.093,0.086,0.436,0.167,0.101,0.922,0.986,0.978,0.618,0.936,0.03,0.016,0.55,0.005,0.013
D257,0.396,0.601,0.41,0.018,0.64,0.519,0.122,0.208,0.175,0.139,0.424,0.271,0.146,0.734,0.991,0.979,0.61,0.908,0.007,0.006,0.8,0.0,0.001
D258,0.394,0.59,0.394,0.026,0.637,0.528,0.117,0.216,0.154,0.136,0.425,0.261,0.159,0.744,0.992,0.976,0.592,0.901,0.007,0.006,0.8,0.0,0.0
D259,0.448,0.649,0.457,0.147,0.934,0.899,0.131,0.242,0.213,0.154,0.435,0.303,0.172,0.84,0.996,0.974,0.591,0.897,0.007,0.006,0.8,0.0,0.001
D26,0.452,0.641,0.41,0.005,0.899,0.552,0.155,0.281,0.215,0.149,0.464,0.296,0.152,0.979,0.988,0.99,0.86,0.934,0.06,0.051,0.85,0.001,0.001
D260,0.475,0.716,0.535,0.164,0.969,0.934,0.152,0.278,0.251,0.183,0.447,0.366,0.23,0.881,0.997,0.983,0.636,0.916,0.007,0.006,0.8,0.001,0.002
D261,0.436,0.564,0.387,0.069,0.9,0.836,0.163,0.257,0.195,0.157,0.434,0.313,0.196,0.806,0.994,0.978,0.621,0.904,0.007,0.006,0.8,0.0,0.0
D262,0.451,0.608,0.426,0.091,0.947,0.883,0.173,0.275,0.224,0.167,0.437,0.323,0.206,0.82,0.995,0.98,0.645,0.914,0.007,0.006,0.8,0.0,0.0
D263,0.468,0.639,0.464,0.219,0.98,0.939,0.191,0.286,0.243,0.165,0.441,0.328,0.193,0.863,0.996,0.982,0.644,0.912,0.007,0.006,0.8,0.0,0.001
D264,0.485,0.703,0.53,0.2,0.978,0.928,0.21,0.301,0.264,0.195,0.45,0.381,0.253,0.901,0.997,0.984,0.654,0.927,0.007,0.006,0.8,0.001,0.002
D265,0.461,0.74,0.561,0.113,0.946,0.891,0.211,0.323,0.268,0.156,0.435,0.325,0.195,0.801,0.996,0.973,0.593,0.904,0.007,0.005,0.7,0.0,0.0
D266,0.46,0.729,0.532,0.123,0.949,0.884,0.201,0.322,0.276,0.156,0.434,0.303,0.191,0.825,0.996,0.975,0.599,0.91,0.007,0.005,0.7,0.0,0.0
D267,0.471,0.73,0.548,0.167,0.979,0.929,0.213,0.313,0.26,0.172,0.44,0.342,0.202,0.86,0.997,0.976,0.601,0.909,0.007,0.005,0.7,0.0,0.001
D268,0.493,0.816,0.637,0.263,0.985,0.933,0.228,0.343,0.312,0.186,0.446,0.356,0.252,0.891,0.997,0.975,0.603,0.91,0.007,0.005,0.7,0.0,0.001
D269,0.505,0.927,0.778,0.138,0.987,0.942,0.272,0.381,0.344,0.153,0.435,0.293,0.222,0.846,0.996,0.985,0.65,0.939,0.007,0.006,0.8,0.0,0.001
D27,0.474,0.739,0.53,0.017,0.925,0.621,0.186,0.307,0.275,0.175,0.471,0.34,0.158,0.997,0.99,0.989,0.814,0.939,0.06,0.051,0.85,0.0,0.001
D270,0.501,0.91,0.734,0.118,0.984,0.945,0.27,0.368,0.338,0.155,0.433,0.301,0.231,0.828,0.996,0.987,0.677,0.937,0.007,0.006,0.8,0.001,0.002
D271,0.505,0.906,0.774,0.144,0.988,0.957,0.282,0.381,0.31,0.165,0.439,0.331,0.231,0.857,0.997,0.982,0.633,0.925,0.007,0.006,0.8,0.0,0.0
D272,0.524,0.949,0.85,0.154,0.992,0.964,0.301,0.407,0.377,0.179,0.447,0.351,0.278,0.901,0.997,0.986,0.652,0.932,0.007,0.006,0.8,0.0,0.001
D273,0.43,0.595,0.391,0.01,0.629,0.44,0.12,0.21,0.16,0.176,0.471,0.351,0.183,0.991,0.997,0.997,0.902,0.961,0.015,0.013,0.85,0.0,0.0
D274,0.466,0.606,0.41,0.046,0.942,0.85,0.125,0.216,0.167,0.175,0.472,0.341,0.188,0.997,0.997,0.996,0.871,0.968,0.015,0.013,0.85,0.0,0.0
D275,0.48,0.662,0.459,0.025,0.969,0.897,0.148,0.251,0.213,0.186,0.474,0.372,0.179,0.996,0.998,0.998,0.902,0.964,0.015,0.013,0.85,0.0,0.001
D276,0.494,0.712,0.524,0.059,0.992,0.91,0.158,0.262,0.245,0.202,0.476,0.387,0.19,0.999,0.998,0.997,0.905,0.967,0.015,0.013,0.85,0.001,0.001
D277,0.457,0.575,0.396,0.027,0.8,0.722,0.166,0.24,0.226,0.176,0.471,0.348,0.179,0.992,0.997,0.998,0.892,0.972,0.015,0.013,0.85,0.0,0.001
D278,0.469,0.585,0.4,0.034,0.907,0.838,0.168,0.257,0.204,0.18,0.472,0.36,0.169,0.993,0.997,0.998,0.907,0.971,0.015,0.013,0.85,0.0,0.0
D279,0.481,0.598,0.419,0.04,0.967,0.893,0.179,0.257,0.206,0.194,0.474,0.376,0.2,0.996,0.998,0.998,0.93,0.983,0.015,0.013,0.85,0.0,0.0
D28,0.481,0.763,0.511,0.024,0.955,0.636,0.181,0.331,0.269,0.167,0.469,0.334,0.197,0.994,0.99,0.992,0.844,0.95,0.06,0.051,0.85,0.003,0.009
D280,0.506,0.729,0.56,0.07,0.984,0.926,0.224,0.31,0.254,0.204,0.477,0.402,0.216,0.998,0.998,0.999,0.939,0.975,0.015,0.013,0.85,0.0,0.0
D281,0.485,0.731,0.523,0.025,0.942,0.854,0.2,0.309,0.27,0.171,0.468,0.335,0.192,0.991,0.997,0.995,0.832,0.955,0.015,0.013,0.85,0.0,0.0
D282,0.486,0.725,0.526,0.03,0.958,0.869,0.194,0.311,0.279,0.18,0.469,0.333,0.18,0.993,0.997,0.995,0.824,0.95,0.015,0.013,0.85,0.0,0.0
D283,0.488,0.747,0.552,0.055,0.966,0.873,0.203,0.332,0.261,0.179,0.472,0.351,0.195,0.994,0.998,0.991,0.756,0.938,0.015,0.013,0.85,0.0,0.0
D284,0.514,0.821,0.658,0.055,0.984,0.919,0.238,0.368,0.348,0.213,0.475,0.407,0.223,0.997,0.998,0.992,0.783,0.951,0.015,0.013,0.85,0.0,0.001
D285,0.525,0.912,0.741,0.025,0.991,0.927,0.26,0.38,0.346,0.184,0.473,0.369,0.199,0.993,0.997,0.998,0.905,0.977,0.015,0.013,0.85,0.0,0.0
D286,0.53,0.938,0.799,0.025,0.984,0.922,0.275,0.384,0.372,0.189,0.474,0.378,0.218,0.996,0.998,0.996,0.866,0.969,0.015,0.013,0.85,0.0,0.001
D287,0.531,0.934,0.798,0.024,0.966,0.89,0.276,0.399,0.37,0.2,0.475,0.401,0.216,0.997,0.998,0.997,0.879,0.973,0.015,0.013,0.85,0.0,0.0
D288,0.537,0.94,0.793,0.054,0.987,0.93,0.271,0.383,0.354,0.215,0.478,0.424,0.26,0.996,0.998,0.998,0.895,0.965,0.015,0.013,0.85,0.001,0.002
D289,0.307,0.263,0.144,0.008,0.56,0.294,0.028,0.056,0.032,0.07,0.374,0.138,0.047,0.5,0.964,0.972,0.587,0.894,0.007,0.006,0.8,0.0,0.001
D29,0.505,0.921,0.691,0.023,0.967,0.713,0.216,0.328,0.266,0.184,0.474,0.328,0.17,1.0,0.992,0.994,0.931,0.949,0.06,0.051,0.85,0.001,0.002
D290,0.315,0.255,0.138,0.017,0.596,0.449,0.029,0.057,0.029,0.072,0.375,0.138,0.056,0.512,0.966,0.969,0.571,0.89,0.007,0.006,0.8,0.0,0.0
D291,0.386,0.347,0.201,0.109,0.953,0.912,0.079,0.113,0.097,0.101,0.408,0.204,0.084,0.667,0.991,0.968,0.567,0.885,0.007,0.006,0.8,0.0,0.001
D292,0.424,0.44,0.273,0.193,0.984,0.949,0.126,0.15,0.144,0.138,0.428,0.272,0.124,0.799,0.995,0.979,0.614,0.906,0.007,0.006,0.8,0.001,0.002
D293,0.333,0.247,0.139,0.026,0.719,0.487,0.057,0.107,0.058,0.068,0.379,0.131,0.049,0.501,0.974,0.985,0.649,0.929,0.007,0.006,0.8,0.0,0.0
D294,0.365,0.271,0.154,0.082,0.893,0.821,0.066,0.113,0.073,0.078,0.383,0.149,0.06,0.534,0.977,0.984,0.65,0.932,0.007,0.006,0.8,0.0,0.0
D295,0.401,0.338,0.202,0.231,0.964,0.919,0.122,0.135,0.102,0.09,0.407,0.187,0.104,0.652,0.992,0.986,0.65,0.928,0.007,0.006,0.8,0.0,0.001
D296,0.429,0.445,0.282,0.215,0.972,0.923,0.175,0.181,0.117,0.13,0.426,0.251,0.147,0.75,0.995,0.989,0.683,0.944,0.007,0.006,0.8,0.001,0.002
D297,0.389,0.415,0.239,0.086,0.932,0.849,0.116,0.184,0.132,0.108,0.412,0.224,0.097,0.66,0.993,0.964,0.545,0.887,0.007,0.005,0.7,0.0,0.0
D298,0.389,0.41,0.228,0.096,0.928,0.839,0.105,0.175,0.119,0.106,0.407,0.206,0.093,0.661,0.992,0.973,0.593,0.908,0.007,0.005,0.7,0.0,0.0
D299,0.416,0.451,0.269,0.156,0.978,0.915,0.138,0.206,0.137,0.134,0.422,0.264,0.135,0.744,0.995,0.976,0.599,0.91,0.007,0.005,0.7,0.0,0.001
D3,0.456,0.753,0.527,0.134,0.937,0.833,0.191,0.313,0.299,0.154,0.431,0.269,0.167,0.803,0.984,0.95,0.566,0.872,0.03,0.024,0.8,0.0,0.001
D30,0.504,0.929,0.65,0.01,0.97,0.63,0.198,0.331,0.313,0.184,0.471,0.349,0.233,1.0,0.992,0.995,0.915,0.959,0.06,0.051,0.85,0.0,0.001
D300,0.445,0.571,0.363,0.255,0.985,0.928,0.182,0.234,0.174,0.151,0.434,0.29,0.163,0.846,0.997,0.976,0.607,0.912,0.007,0.005,0.7,0.0,0.001
D301,0.447,0.793,0.511,0.091,0.957,0.884,0.201,0.307,0.266,0.088,0.392,0.166,0.116,0.649,0.982,0.989,0.669,0.951,0.007,0.006,0.8,0.0,0.001
D302,0.439,0.77,0.487,0.089,0.973,0.893,0.203,0.299,0.237,0.083,0.391,0.159,0.115,0.637,0.982,0.983,0.625,0.926,0.007,0.006,0.8,0.001,0.002
D303,0.456,0.789,0.545,0.104,0.979,0.93,0.22,0.306,0.257,0.105,0.412,0.212,0.161,0.701,0.993,0.98,0.6,0.924,0.007,0.006,0.8,0.0,0.0
D304,0.488,0.861,0.649,0.156,0.985,0.955,0.251,0.345,0.291,0.143,0.431,0.285,0.207,0.795,0.996,0.986,0.645,0.93,0.007,0.006,0.8,0.0,0.001
D305,0.351,0.254,0.136,0.005,0.547,0.237,0.03,0.059,0.028,0.098,0.45,0.195,0.069,0.934,0.989,0.996,0.863,0.956,0.015,0.013,0.85,0.0,0.0
D306,0.4,0.273,0.149,0.03,0.916,0.783,0.039,0.066,0.037,0.101,0.451,0.198,0.072,0.969,0.991,0.997,0.876,0.969,0.015,0.013,0.85,0.0,0.0
D307,0.43,0.362,0.207,0.029,0.97,0.901,0.097,0.125,0.092,0.134,0.46,0.263,0.119,0.986,0.995,0.997,0.88,0.96,0.015,0.013,0.85,0.0,0.001
D308,0.451,0.45,0.277,0.058,0.992,0.908,0.138,0.169,0.152,0.148,0.466,0.285,0.142,0.994,0.997,0.997,0.898,0.965,0.015,0.013,0.85,0.001,0.001
D309,0.378,0.248,0.14,0.014,0.726,0.576,0.057,0.101,0.058,0.086,0.445,0.166,0.059,0.918,0.987,0.998,0.896,0.972,0.015,0.013,0.85,0.0,0.001
D31,0.507,0.917,0.62,0.014,0.97,0.707,0.195,0.322,0.316,0.203,0.473,0.403,0.179,0.994,0.992,0.996,0.935,0.958,0.06,0.051,0.85,0.0,0.0
D310,0.398,0.265,0.15,0.026,0.869,0.781,0.067,0.108,0.061,0.09,0.448,0.175,0.056,0.945,0.989,0.997,0.888,0.971,0.015,0.013,0.85,0.0,0.0
D311,0.429,0.322,0.19,0.053,0.975,0.894,0.114,0.129,0.085,0.118,0.458,0.227,0.099,0.99,0.995,0.998,0.931,0.977,0.015,0.013,0.85,0.0,0.0
D312,0.46,0.467,0.299,0.088,0.991,0.933,0.189,0.192,0.146,0.147,0.466,0.292,0.14,0.999,0.996,0.999,0.931,0.979,0.015,0.013,0.85,0.0,0.0
D313,0.425,0.41,0.228,0.019,0.927,0.799,0.105,0.184,0.134,0.115,0.455,0.222,0.11,0.971,0.994,0.995,0.838,0.955,0.015,0.013,0.85,0.0,0.0
D314,0.429,0.416,0.234,0.031,0.958,0.877,0.106,0.169,0.12,0.123,0.457,0.228,0.085,0.984,0.995,0.995,0.833,0.953,0.015,0.013,0.85,0.0,0.0
D315,0.444,0.478,0.282,0.06,0.975,0.879,0.138,0.208,0.157,0.143,0.463,0.279,0.131,0.993,0.996,0.993,0.782,0.944,0.015,0.013,0.85,0.0,0.0
D316,0.471,0.585,0.382,0.057,0.984,0.921,0.187,0.243,0.22,0.174,0.47,0.329,0.169,0.993,0.997,0.994,0.812,0.956,0.015,0.013,0.85,0.0,0.001
D317,0.474,0.782,0.483,0.015,0.965,0.857,0.19,0.292,0.242,0.117,0.454,0.229,0.128,0.936,0.991,0.998,0.9,0.976,0.015,0.013,0.85,0.0,0.0
D318,0.483,0.818,0.537,0.017,0.965,0.864,0.202,0.305,0.282,0.132,0.457,0.273,0.131,0.961,0.993,0.996,0.856,0.968,0.015,0.013,0.85,0.0,0.001
D319,0.49,0.836,0.568,0.021,0.948,0.859,0.214,0.314,0.261,0.147,0.463,0.296,0.163,0.979,0.996,0.997,0.86,0.973,0.015,0.013,0.85,0.0,0.0
D32,0.523,0.964,0.701,0.022,0.964,0.672,0.209,0.379,0.361,0.222,0.477,0.424,0.266,1.0,0.993,0.996,0.932,0.965,0.06,0.051,0.85,0.0,0.001
D320,0.507,0.845,0.591,0.056,0.986,0.922,0.227,0.327,0.316,0.166,0.468,0.322,0.191,0.991,0.997,0.998,0.898,0.981,0.015,0.013,0.85,0.001,0.002
D321,0.199,0.08,0.039,0.0,0.0,0.0,0.0,0.0,0.0,0.003,0.261,0.005,0.0,0.115,0.767,0.961,0.557,0.877,0.007,0.005,0.7,0.0,0.001
D322,0.256,0.083,0.041,0.032,0.541,0.433,0.007,0.007,0.005,0.009,0.296,0.017,0.004,0.154,0.906,0.96,0.547,0.878,0.007,0.005,0.7,0.0,0.0
D323,0.345,0.18,0.096,0.155,0.942,0.895,0.093,0.058,0.046,0.052,0.378,0.103,0.039,0.481,0.986,0.957,0.537,0.867,0.007,0.005,0.7,0.0,0.001
D324,0.391,0.28,0.16,0.262,0.981,0.944,0.169,0.105,0.099,0.099,0.409,0.194,0.094,0.657,0.993,0.971,0.582,0.893,0.007,0.005,0.7,0.001,0.002
D325,0.206,0.076,0.039,0.002,0.028,0.0,0.002,0.006,0.001,0.008,0.254,0.015,0.004,0.09,0.81,0.979,0.593,0.918,0.007,0.005,0.7,0.0,0.0
D326,0.289,0.089,0.046,0.106,0.809,0.731,0.016,0.012,0.007,0.013,0.282,0.022,0.009,0.148,0.892,0.975,0.582,0.914,0.007,0.005,0.7,0.0,0.0
D327,0.353,0.169,0.092,0.282,0.964,0.916,0.129,0.049,0.048,0.039,0.369,0.087,0.049,0.386,0.984,0.978,0.593,0.917,0.007,0.005,0.7,0.0,0.001
D328,0.397,0.292,0.169,0.29,0.974,0.928,0.234,0.107,0.093,0.089,0.403,0.182,0.101,0.62,0.993,0.983,0.627,0.931,0.007,0.005,0.7,0.001,0.002
D329,0.275,0.15,0.072,0.048,0.503,0.411,0.022,0.037,0.016,0.03,0.34,0.061,0.015,0.269,0.964,0.964,0.548,0.887,0.007,0.005,0.7,0.0,0.0
D33,0.318,0.323,0.183,0.034,0.63,0.197,0.064,0.143,0.066,0.072,0.379,0.122,0.087,0.516,0.931,0.957,0.565,0.873,0.03,0.024,0.8,0.001,0.001
D330,0.311,0.154,0.072,0.089,0.875,0.73,0.024,0.037,0.013,0.029,0.335,0.057,0.015,0.265,0.956,0.973,0.592,0.906,0.007,0.005,0.7,0.0,0.0
D331,0.361,0.22,0.114,0.171,0.978,0.924,0.091,0.074,0.06,0.059,0.381,0.114,0.057,0.495,0.987,0.977,0.606,0.911,0.007,0.005,0.7,0.0,0.001
D332,0.407,0.353,0.201,0.259,0.985,0.927,0.19,0.131,0.111,0.11,0.415,0.211,0.119,0.728,0.995,0.978,0.613,0.916,0.007,0.005,0.7,0.0,0.001
D333,0.341,0.628,0.227,0.055,0.828,0.651,0.093,0.154,0.107,0.017,0.293,0.031,0.051,0.258,0.919,0.978,0.568,0.931,0.007,0.005,0.7,0.0,0.001
D334,0.341,0.604,0.227,0.072,0.862,0.688,0.095,0.146,0.107,0.02,0.295,0.038,0.048,0.251,0.923,0.968,0.517,0.917,0.007,0.005,0.7,0.001,0.002
D335,0.388,0.649,0.279,0.11,0.978,0.905,0.133,0.173,0.131,0.052,0.374,0.102,0.083,0.469,0.987,0.966,0.514,0.919,0.007,0.005,0.7,0.0,0.0
D336,0.43,0.744,0.387,0.194,0.985,0.948,0.188,0.214,0.197,0.085,0.403,0.173,0.143,0.638,0.992,0.974,0.55,0.923,0.007,0.005,0.7,0.0,0.001
D337,0.247,0.076,0.037,0.0,0.004,0.0,0.0,0.001,0.0,0.007,0.385,0.013,0.001,0.404,0.881,0.993,0.814,0.948,0.015,0.013,0.85,0.0,0.0
D338,0.338,0.092,0.046,0.047,0.821,0.748,0.015,0.011,0.006,0.015,0.399,0.03,0.007,0.6,0.943,0.994,0.824,0.958,0.015,0.013,0.85,0.0,0.0
D339,0.392,0.19,0.1,0.037,0.96,0.892,0.106,0.063,0.047,0.057,0.435,0.111,0.054,0.934,0.986,0.995,0.819,0.952,0.015,0.013,0.85,0.0,0.001
D34,0.33,0.325,0.176,0.053,0.666,0.206,0.069,0.122,0.078,0.084,0.382,0.146,0.051,0.537,0.932,0.978,0.686,0.917,0.03,0.024,0.8,0.002,0.005
D340,0.425,0.299,0.17,0.066,0.992,0.908,0.18,0.112,0.107,0.091,0.452,0.176,0.097,0.984,0.994,0.996,0.874,0.962,0.015,0.013,0.85,0.001,0.001
D341,0.248,0.075,0.039,0.001,0.051,0.0,0.0,0.003,0.001,0.009,0.368,0.016,0.003,0.355,0.871,0.997,0.87,0.97,0.015,0.012,0.8,0.0,0.001
D342,0.334,0.092,0.048,0.038,0.86,0.71,0.023,0.013,0.008,0.013,0.388,0.028,0.008,0.56,0.931,0.996,0.845,0.969,0.015,0.012,0.8,0.0,0.0
D343,0.395,0.169,0.091,0.071,0.979,0.898,0.127,0.052,0.04,0.051,0.432,0.101,0.051,0.95,0.988,0.998,0.89,0.973,0.015,0.012,0.8,0.0,0.0
D344,0.431,0.305,0.177,0.107,0.994,0.937,0.236,0.108,0.098,0.104,0.451,0.204,0.092,0.984,0.994,0.998,0.887,0.974,0.015,0.012,0.8,0.0,0.0
D345,0.318,0.15,0.07,0.011,0.493,0.365,0.016,0.028,0.017,0.034,0.413,0.06,0.013,0.732,0.965,0.995,0.851,0.957,0.015,0.012,0.8,0.0,0.0
D346,0.373,0.163,0.077,0.038,0.958,0.878,0.03,0.037,0.023,0.039,0.421,0.074,0.019,0.84,0.98,0.996,0.844,0.959,0.015,0.012,0.8,0.0,0.0
D347,0.397,0.25,0.129,0.074,0.976,0.881,0.111,0.079,0.063,0.075,0.442,0.149,0.052,0.958,0.991,0.991,0.758,0.936,0.015,0.012,0.8,0.0,0.0
D348,0.429,0.366,0.208,0.065,0.984,0.923,0.187,0.123,0.12,0.123,0.457,0.243,0.107,0.987,0.995,0.992,0.78,0.949,0.015,0.012,0.8,0.0,0.001
D349,0.383,0.615,0.217,0.011,0.84,0.602,0.086,0.151,0.094,0.028,0.394,0.057,0.054,0.718,0.936,0.996,0.83,0.971,0.015,0.012,0.8,0.0,0.0
D35,0.397,0.45,0.26,0.167,0.937,0.809,0.122,0.161,0.107,0.101,0.406,0.206,0.101,0.681,0.971,0.952,0.573,0.873,0.03,0.024,0.8,0.0,0.001
D350,0.393,0.657,0.238,0.014,0.853,0.705,0.098,0.16,0.127,0.034,0.401,0.066,0.048,0.73,0.948,0.994,0.785,0.966,0.015,0.012,0.8,0.0,0.001
D351,0.431,0.707,0.289,0.022,0.948,0.832,0.131,0.184,0.149,0.066,0.438,0.134,0.089,0.939,0.99,0.994,0.797,0.954,0.015,0.012,0.8,0.0,0.0
D352,0.458,0.727,0.346,0.06,0.982,0.903,0.168,0.217,0.169,0.109,0.452,0.209,0.143,0.973,0.995,0.996,0.833,0.96,0.015,0.012,0.8,0.001,0.002
D353,0.163,0.021,0.01,0.0,0.0,0.0,0.0,0.0,0.0,0.0,0.141,0.0,0.0,0.006,0.502,0.939,0.512,0.848,0.007,0.004,0.6,0.0,0.001
D354,0.243,0.03,0.015,0.082,0.541,0.433,0.018,0.006,0.006,0.008,0.284,0.013,0.005,0.084,0.897,0.942,0.511,0.856,0.007,0.004,0.6,0.0,0.0
D355,0.338,0.127,0.066,0.2,0.942,0.895,0.173,0.051,0.066,0.049,0.376,0.098,0.05,0.454,0.985,0.939,0.502,0.849,0.007,0.004,0.6,0.0,0.001
D356,0.385,0.226,0.127,0.307,0.981,0.944,0.284,0.095,0.093,0.097,0.407,0.19,0.093,0.647,0.993,0.959,0.538,0.874,0.007,0.004,0.6,0.001,0.002
D357,0.169,0.02,0.01,0.0,0.0,0.0,0.0,0.0,0.0,0.001,0.134,0.0,0.0,0.002,0.661,0.962,0.505,0.902,0.007,0.004,0.5,0.0,0.0
D358,0.253,0.031,0.016,0.154,0.705,0.625,0.025,0.005,0.006,0.005,0.215,0.007,0.004,0.06,0.848,0.956,0.491,0.896,0.007,0.004,0.5,0.0,0.0
D359,0.335,0.111,0.059,0.326,0.964,0.901,0.214,0.042,0.045,0.035,0.364,0.078,0.037,0.349,0.983,0.962,0.495,0.902,0.007,0.004,0.5,0.0,0.001
D36,0.401,0.453,0.271,0.085,0.887,0.809,0.141,0.173,0.122,0.115,0.411,0.233,0.104,0.722,0.977,0.963,0.611,0.884,0.03,0.024,0.8,0.004,0.011
D360,0.386,0.24,0.135,0.371,0.974,0.928,0.36,0.101,0.101,0.085,0.4,0.175,0.105,0.612,0.992,0.97,0.521,0.913,0.007,0.004,0.5,0.001,0.002
D361,0.175,0.042,0.019,0.001,0.002,0.0,0.0,0.0,0.0,0.001,0.207,0.001,0.0,0.02,0.668,0.935,0.494,0.856,0.007,0.004,0.6,0.0,0.0
D362,0.248,0.049,0.022,0.079,0.711,0.49,0.014,0.004,0.004,0.005,0.243,0.009,0.004,0.049,0.827,0.945,0.524,0.869,0.007,0.004,0.6,0.0,0.0
D363,0.334,0.122,0.062,0.187,0.978,0.924,0.141,0.041,0.044,0.037,0.361,0.072,0.034,0.357,0.981,0.958,0.553,0.881,0.007,0.004,0.6,0.0,0.001
D364,0.387,0.259,0.144,0.26,0.984,0.945,0.301,0.101,0.084,0.094,0.407,0.179,0.104,0.668,0.994,0.956,0.532,0.882,0.007,0.004,0.6,0.0,0.001
D365,0.229,0.537,0.071,0.028,0.631,0.043,0.014,0.03,0.008,0.001,0.17,0.0,0.025,0.024,0.787,0.94,0.428,0.89,0.007,0.003,0.4,0.0,0.001
D366,0.257,0.514,0.076,0.079,0.735,0.49,0.018,0.033,0.016,0.004,0.179,0.007,0.02,0.048,0.824,0.925,0.386,0.883,0.007,0.003,0.4,0.001,0.002
D367,0.337,0.571,0.119,0.193,0.969,0.896,0.095,0.07,0.04,0.039,0.358,0.076,0.064,0.335,0.984,0.926,0.381,0.879,0.007,0.003,0.4,0.0,0.0
D368,0.384,0.669,0.212,0.257,0.985,0.948,0.192,0.131,0.125,0.078,0.395,0.16,0.1,0.561,0.991,0.938,0.396,0.892,0.007,0.003,0.4,0.0,0.001
D369,0.197,0.02,0.009,0.0,0.0,0.0,0.0,0.0,0.0,0.0,0.265,0.0,0.0,0.031,0.517,0.991,0.776,0.941,0.015,0.011,0.75,0.0,0.0
D37,0.336,0.285,0.152,0.023,0.66,0.251,0.056,0.11,0.081,0.087,0.399,0.164,0.087,0.654,0.965,0.979,0.668,0.926,0.03,0.024,0.8,0.001,0.001
D370,0.311,0.034,0.017,0.065,0.821,0.748,0.024,0.007,0.007,0.006,0.367,0.012,0.002,0.362,0.879,0.991,0.771,0.95,0.015,0.011,0.75,0.0,0.0
D371,0.381,0.132,0.069,0.048,0.96,0.892,0.185,0.053,0.042,0.051,0.431,0.1,0.057,0.896,0.984,0.992,0.781,0.941,0.015,0.011,0.75,0.0,0.001
D372,0.418,0.248,0.138,0.077,0.992,0.908,0.289,0.104,0.102,0.086,0.45,0.168,0.101,0.981,0.993,0.994,0.831,0.956,0.015,0.011,0.75,0.001,0.001
D373,0.2,0.02,0.01,0.0,0.0,0.0,0.0,0.0,0.0,0.001,0.239,0.0,0.0,0.006,0.675,0.996,0.815,0.964,0.015,0.01,0.65,0.0,0.001
D374,0.295,0.035,0.018,0.062,0.799,0.637,0.03,0.007,0.007,0.005,0.331,0.011,0.01,0.274,0.869,0.993,0.766,0.962,0.015,0.01,0.65,0.0,0.0
D375,0.386,0.117,0.062,0.091,0.979,0.898,0.214,0.047,0.043,0.045,0.428,0.087,0.044,0.937,0.986,0.996,0.828,0.97,0.015,0.01,0.7,0.0,0.0
D376,0.424,0.248,0.14,0.12,0.994,0.937,0.358,0.102,0.092,0.097,0.449,0.189,0.125,0.975,0.994,0.996,0.826,0.97,0.015,0.01,0.7,0.0,0.0
D377,0.21,0.042,0.019,0.0,0.001,0.0,0.0,0.0,0.0,0.001,0.313,0.001,0.0,0.093,0.672,0.99,0.768,0.938,0.015,0.011,0.75,0.0,0.0
D378,0.323,0.055,0.025,0.044,0.958,0.81,0.022,0.005,0.005,0.006,0.364,0.011,0.003,0.385,0.924,0.991,0.778,0.942,0.015,0.011,0.75,0.0,0.0
D379,0.387,0.15,0.076,0.072,0.943,0.839,0.168,0.051,0.046,0.053,0.43,0.106,0.055,0.919,0.988,0.996,0.885,0.952,0.015,0.011,0.75,0.0,0.0
D38,0.33,0.278,0.146,0.021,0.666,0.364,0.047,0.101,0.06,0.076,0.397,0.128,0.048,0.606,0.968,0.977,0.615,0.901,0.03,0.024,0.8,0.001,0.004
D380,0.417,0.264,0.145,0.067,0.984,0.916,0.276,0.1,0.113,0.104,0.45,0.199,0.09,0.976,0.994,0.992,0.782,0.952,0.015,0.011,0.75,0.0,0.001
D381,0.264,0.525,0.069,0.005,0.628,0.0,0.011,0.025,0.015,0.001,0.282,0.001,0.009,0.12,0.8,0.99,0.705,0.958,0.015,0.01,0.65,0.0,0.0
D382,0.296,0.56,0.075,0.013,0.742,0.396,0.014,0.031,0.011,0.004,0.297,0.006,0.02,0.186,0.863,0.987,0.683,0.953,0.015,0.01,0.65,0.0,0.001
D383,0.386,0.635,0.125,0.037,0.948,0.828,0.092,0.073,0.056,0.04,0.418,0.081,0.049,0.837,0.982,0.987,0.689,0.943,0.015,0.01,0.65,0.0,0.0
D384,0.424,0.663,0.191,0.082,0.982,0.903,0.172,0.116,0.119,0.089,0.444,0.171,0.125,0.95,0.993,0.99,0.721,0.947,0.015,0.01,0.65,0.001,0.002
D385,0.405,0.43,0.256,0.045,0.857,0.648,0.083,0.197,0.173,0.146,0.434,0.287,0.125,0.842,0.985,0.977,0.688,0.881,0.03,0.024,0.8,0.0,0.0
D386,0.407,0.446,0.261,0.093,0.86,0.693,0.085,0.203,0.146,0.14,0.434,0.287,0.119,0.803,0.983,0.978,0.686,0.888,0.03,0.024,0.8,0.001,0.001
D387,0.43,0.51,0.317,0.15,0.884,0.797,0.101,0.224,0.158,0.161,0.44,0.337,0.2,0.83,0.986,0.972,0.645,0.903,0.03,0.024,0.8,0.0,0.0
D388,0.447,0.547,0.353,0.085,0.931,0.794,0.12,0.242,0.209,0.191,0.451,0.406,0.206,0.881,0.99,0.98,0.693,0.905,0.03,0.024,0.8,0.0,0.001
D389,0.429,0.539,0.348,0.175,0.89,0.755,0.107,0.218,0.17,0.145,0.439,0.293,0.155,0.845,0.984,0.974,0.653,0.889,0.03,0.024,0.8,0.0,0.001
D39,0.392,0.394,0.227,0.051,0.86,0.693,0.102,0.149,0.116,0.116,0.416,0.215,0.099,0.773,0.981,0.98,0.664,0.924,0.03,0.024,0.8,0.0,0.0
D390,0.418,0.543,0.342,0.102,0.785,0.636,0.101,0.221,0.2,0.172,0.444,0.328,0.161,0.839,0.986,0.971,0.627,0.887,0.03,0.024,0.8,0.001,0.002
D391,0.462,0.656,0.466,0.094,0.946,0.806,0.131,0.263,0.23,0.196,0.449,0.406,0.203,0.881,0.989,0.985,0.699,0.921,0.03,0.024,0.8,0.0,0.0
D392,0.455,0.603,0.413,0.144,0.967,0.845,0.129,0.254,0.251,0.178,0.445,0.361,0.158,0.884,0.99,0.978,0.659,0.887,0.03,0.024,0.8,0.003,0.009
D393,0.357,0.675,0.201,0.028,0.875,0.358,0.067,0.152,0.125,0.075,0.387,0.131,0.093,0.576,0.964,0.956,0.568,0.881,0.03,0.021,0.7,0.0,0.001
D394,0.388,0.671,0.251,0.044,0.857,0.448,0.094,0.188,0.14,0.093,0.391,0.17,0.113,0.693,0.971,0.987,0.736,0.929,0.03,0.021,0.7,0.001,0.004
D395,0.398,0.758,0.264,0.037,0.937,0.678,0.1,0.164,0.104,0.107,0.398,0.215,0.101,0.63,0.975,0.974,0.647,0.911,0.03,0.021,0.7,0.002,0.006
D396,0.432,0.785,0.376,0.051,0.94,0.713,0.165,0.245,0.215,0.13,0.417,0.23,0.143,0.821,0.984,0.977,0.659,0.907,0.03,0.021,0.7,0.0,0.0
D397,0.414,0.639,0.385,0.035,0.854,0.699,0.16,0.257,0.239,0.103,0.411,0.2,0.128,0.764,0.979,0.975,0.626,0.912,0.03,0.021,0.7,0.001,0.001
D398,0.432,0.689,0.427,0.094,0.884,0.731,0.179,0.272,0.209,0.113,0.414,0.206,0.137,0.773,0.978,0.975,0.659,0.901,0.03,0.024,0.8,0.0,0.0
D399,0.445,0.681,0.405,0.082,0.97,0.845,0.156,0.263,0.194,0.148,0.426,0.281,0.161,0.797,0.984,0.976,0.664,0.915,0.03,0.024,0.8,0.0,0.0
D4,0.457,0.719,0.506,0.076,0.884,0.752,0.187,0.299,0.331,0.152,0.434,0.29,0.206,0.842,0.985,0.973,0.655,0.896,0.03,0.024,0.8,0.004,0.011
D40,0.414,0.424,0.242,0.079,0.97,0.8,0.108,0.17,0.146,0.134,0.422,0.245,0.128,0.806,0.984,0.979,0.677,0.927,0.03,0.024,0.8,0.001,0.003
D400,0.461,0.721,0.446,0.136,0.94,0.839,0.161,0.29,0.26,0.17,0.436,0.313,0.182,0.842,0.988,0.98,0.674,0.916,0.03,0.024,0.8,0.0,0.0
D401,0.429,0.445,0.24,0.01,0.836,0.543,0.079,0.158,0.099,0.182,0.473,0.379,0.134,0.994,0.991,0.997,0.962,0.961,0.06,0.051,0.85,0.001,0.001
D402,0.426,0.409,0.22,0.019,0.824,0.549,0.065,0.155,0.107,0.176,0.471,0.361,0.152,0.997,0.989,0.996,0.943,0.967,0.06,0.051,0.85,0.001,0.002
D403,0.451,0.508,0.293,0.022,0.904,0.615,0.096,0.212,0.149,0.212,0.475,0.391,0.173,1.0,0.992,0.997,0.96,0.966,0.06,0.051,0.85,0.0,0.0
D404,0.483,0.611,0.401,0.034,0.931,0.713,0.138,0.278,0.239,0.231,0.479,0.448,0.245,0.994,0.994,0.996,0.961,0.965,0.06,0.051,0.85,0.002,0.006
D405,0.45,0.521,0.31,0.018,0.872,0.585,0.092,0.224,0.191,0.188,0.474,0.385,0.248,1.0,0.991,0.993,0.913,0.93,0.06,0.051,0.85,0.0,0.0
D406,0.453,0.559,0.333,0.019,0.887,0.636,0.095,0.23,0.176,0.191,0.474,0.361,0.173,1.0,0.992,0.994,0.93,0.949,0.06,0.051,0.85,0.0,0.0
D407,0.471,0.667,0.368,0.012,0.97,0.704,0.115,0.245,0.203,0.191,0.476,0.397,0.242,1.0,0.992,0.992,0.875,0.944,0.06,0.051,0.85,0.0,0.0
D408,0.477,0.691,0.401,0.017,0.97,0.701,0.127,0.26,0.176,0.215,0.478,0.424,0.224,1.0,0.992,0.995,0.917,0.949,0.06,0.051,0.85,0.0,0.001
D409,0.413,0.726,0.237,0.006,0.901,0.319,0.089,0.17,0.119,0.121,0.458,0.245,0.063,0.97,0.983,0.99,0.834,0.941,0.06,0.048,0.8,0.0,0.0
D41,0.361,0.351,0.196,0.031,0.8,0.546,0.084,0.155,0.099,0.084,0.392,0.143,0.042,0.618,0.965,0.98,0.684,0.91,0.03,0.024,0.8,0.0,0.001
D410,0.42,0.694,0.228,0.005,0.863,0.361,0.082,0.152,0.119,0.116,0.457,0.218,0.107,0.988,0.985,0.999,0.994,0.971,0.06,0.048,0.8,0.0,0.0
D411,0.442,0.715,0.279,0.01,0.916,0.519,0.12,0.188,0.14,0.137,0.461,0.281,0.116,0.991,0.987,0.999,0.971,0.978,0.06,0.048,0.8,0.0,0.0
D412,0.47,0.767,0.367,0.018,0.94,0.707,0.164,0.257,0.221,0.136,0.463,0.269,0.143,0.988,0.988,0.999,1.0,0.992,0.06,0.048,0.8,0.001,0.004
D413,0.437,0.624,0.327,0.014,0.872,0.57,0.136,0.254,0.176,0.131,0.461,0.266,0.101,0.991,0.985,0.989,0.813,0.949,0.06,0.051,0.85,0.0,0.001
D414,0.45,0.648,0.368,0.015,0.869,0.612,0.157,0.275,0.212,0.142,0.46,0.275,0.152,0.97,0.983,0.989,0.843,0.958,0.06,0.051,0.85,0.001,0.003
D415,0.46,0.687,0.378,0.021,0.896,0.612,0.145,0.254,0.212,0.149,0.465,0.301,0.17,0.991,0.988,0.996,0.931,0.968,0.06,0.051,0.85,0.0,0.0
D416,0.479,0.735,0.465,0.036,0.949,0.693,0.187,0.278,0.263,0.148,0.467,0.304,0.185,0.994,0.989,0.996,0.932,0.961,0.06,0.051,0.85,0.0,0.0
D417,0.27,0.159,0.079,0.01,0.319,0.116,0.014,0.039,0.03,0.052,0.368,0.107,0.024,0.442,0.924,0.962,0.595,0.853,0.03,0.024,0.8,0.0,0.0
D418,0.282,0.165,0.081,0.018,0.397,0.236,0.014,0.045,0.015,0.054,0.371,0.113,0.021,0.478,0.937,0.962,0.581,0.853,0.03,0.024,0.8,0.001,0.001
D419,0.337,0.23,0.123,0.073,0.737,0.567,0.049,0.075,0.045,0.072,0.393,0.167,0.045,0.603,0.958,0.963,0.586,0.881,0.03,0.024,0.8,0.0,0.0
D42,0.381,0.435,0.262,0.029,0.812,0.558,0.117,0.215,0.191,0.079,0.4,0.149,0.078,0.654,0.973,0.98,0.685,0.911,0.03,0.024,0.8,0.0,0.0
D420,0.379,0.304,0.17,0.095,0.901,0.693,0.1,0.09,0.081,0.124,0.421,0.254,0.093,0.755,0.982,0.962,0.603,0.865,0.03,0.024,0.8,0.0,0.001
D421,0.333,0.23,0.126,0.106,0.564,0.454,0.03,0.096,0.033,0.085,0.4,0.161,0.045,0.666,0.957,0.978,0.65,0.883,0.03,0.024,0.8,0.0,0.001
D422,0.34,0.24,0.13,0.097,0.651,0.534,0.031,0.096,0.051,0.101,0.405,0.2,0.066,0.654,0.966,0.962,0.55,0.882,0.03,0.024,0.8,0.001,0.002
D423,0.406,0.339,0.199,0.124,0.946,0.827,0.078,0.149,0.113,0.128,0.422,0.275,0.125,0.773,0.979,0.987,0.699,0.913,0.03,0.024,0.8,0.0,0.0
D424,0.407,0.365,0.217,0.17,0.952,0.86,0.105,0.152,0.122,0.122,0.423,0.272,0.119,0.812,0.983,0.969,0.587,0.865,0.03,0.024,0.8,0.003,0.009
D425,0.279,0.392,0.06,0.016,0.83,0.096,0.003,0.012,0.0,0.019,0.325,0.039,0.003,0.275,0.89,0.96,0.583,0.887,0.03,0.021,0.7,0.0,0.001
D426,0.297,0.375,0.074,0.014,0.755,0.248,0.006,0.033,0.003,0.033,0.332,0.06,0.009,0.313,0.897,0.985,0.71,0.924,0.03,0.021,0.7,0.001,0.004
D427,0.344,0.475,0.11,0.031,0.896,0.582,0.062,0.066,0.042,0.067,0.357,0.137,0.042,0.421,0.954,0.977,0.676,0.917,0.03,0.021,0.7,0.002,0.006
D428,0.391,0.553,0.204,0.034,0.89,0.707,0.161,0.143,0.104,0.107,0.4,0.194,0.137,0.66,0.978,0.981,0.675,0.918,0.03,0.021,0.7,0.0,0.0
D429,0.31,0.357,0.133,0.008,0.633,0.352,0.038,0.09,0.063,0.024,0.349,0.051,0.048,0.499,0.931,0.973,0.611,0.902,0.03,0.021,0.7,0.001,0.001
D43,0.425,0.534,0.33,0.086,0.964,0.773,0.153,0.197,0.161,0.128,0.424,0.257,0.116,0.785,0.981,0.982,0.713,0.9,0.03,0.024,0.8,0.001,0.001
D430,0.326,0.392,0.15,0.04,0.707,0.481,0.056,0.107,0.051,0.037,0.351,0.072,0.039,0.507,0.926,0.974,0.637,0.895,0.03,0.021,0.7,0.0,0.0
D431,0.364,0.386,0.178,0.061,0.922,0.612,0.084,0.122,0.072,0.081,0.382,0.155,0.101,0.585,0.967,0.977,0.655,0.913,0.03,0.021,0.7,0.0,0.0
D432,0.402,0.511,0.241,0.121,0.916,0.812,0.114,0.158,0.14,0.121,0.402,0.254,0.101,0.672,0.977,0.976,0.66,0.912,0.03,0.021,0.7,0.0,0.0
D433,0.319,0.162,0.075,0.002,0.301,0.012,0.01,0.033,0.012,0.078,0.445,0.143,0.018,0.925,0.969,0.995,0.922,0.957,0.06,0.051,0.85,0.001,0.001
D434,0.321,0.155,0.073,0.003,0.358,0.0,0.009,0.027,0.018,0.075,0.442,0.146,0.039,0.94,0.963,0.995,0.905,0.954,0.06,0.051,0.85,0.001,0.002
D435,0.388,0.256,0.131,0.014,0.824,0.546,0.068,0.09,0.054,0.094,0.455,0.173,0.027,0.997,0.982,0.995,0.908,0.962,0.06,0.051,0.85,0.0,0.0
D436,0.44,0.412,0.242,0.03,0.931,0.716,0.143,0.17,0.125,0.155,0.467,0.313,0.128,0.994,0.989,0.995,0.936,0.965,0.06,0.051,0.85,0.002,0.006
D437,0.359,0.224,0.117,0.011,0.513,0.269,0.02,0.066,0.03,0.124,0.458,0.245,0.087,0.991,0.982,0.992,0.872,0.934,0.06,0.051,0.85,0.0,0.0
D438,0.367,0.248,0.127,0.013,0.576,0.29,0.028,0.084,0.042,0.118,0.459,0.23,0.057,0.994,0.983,0.993,0.907,0.955,0.06,0.051,0.85,0.0,0.0
D439,0.419,0.366,0.186,0.018,0.976,0.696,0.073,0.131,0.087,0.128,0.464,0.263,0.11,0.994,0.986,0.991,0.85,0.943,0.06,0.051,0.85,0.0,0.0
D44,0.45,0.62,0.428,0.09,0.955,0.797,0.191,0.263,0.215,0.17,0.439,0.361,0.17,0.833,0.988,0.979,0.67,0.887,0.03,0.024,0.8,0.0,0.0
D440,0.449,0.455,0.248,0.023,0.976,0.704,0.11,0.188,0.122,0.182,0.469,0.367,0.164,0.997,0.989,0.997,0.953,0.961,0.06,0.051,0.85,0.0,0.001
D441,0.335,0.402,0.072,0.003,0.83,0.006,0.006,0.03,0.015,0.045,0.425,0.09,0.024,0.791,0.945,0.99,0.843,0.939,0.06,0.048,0.8,0.0,0.0
D442,0.352,0.401,0.072,0.003,0.842,0.101,0.012,0.042,0.009,0.034,0.426,0.066,0.027,0.881,0.953,0.999,0.994,0.972,0.06,0.048,0.8,0.0,0.0
D443,0.393,0.451,0.13,0.007,0.827,0.412,0.093,0.096,0.045,0.091,0.441,0.185,0.075,0.949,0.973,0.999,0.992,0.974,0.06,0.048,0.8,0.0,0.0
D444,0.427,0.535,0.199,0.017,0.881,0.651,0.155,0.164,0.122,0.112,0.45,0.209,0.101,0.925,0.982,0.999,1.0,0.987,0.06,0.048,0.8,0.001,0.004
D445,0.34,0.35,0.127,0.003,0.648,0.26,0.035,0.081,0.039,0.033,0.426,0.06,0.006,0.851,0.946,0.987,0.769,0.943,0.06,0.048,0.8,0.0,0.001
D446,0.35,0.376,0.142,0.007,0.681,0.224,0.043,0.093,0.045,0.051,0.428,0.107,0.033,0.839,0.945,0.99,0.828,0.955,0.06,0.048,0.8,0.001,0.003
D447,0.389,0.422,0.165,0.009,0.851,0.522,0.068,0.131,0.084,0.067,0.443,0.146,0.048,0.946,0.973,0.991,0.85,0.942,0.06,0.048,0.8,0.0,0.0
D448,0.423,0.495,0.267,0.04,0.896,0.654,0.15,0.185,0.107,0.099,0.453,0.218,0.11,0.994,0.982,0.989,0.832,0.928,0.06,0.048,0.8,0.0,0.0
D449,0.183,0.045,0.021,0.0,0.0,0.0,0.0,0.0,0.0,0.001,0.25,0.0,0.0,0.069,0.609,0.937,0.524,0.823,0.03,0.021,0.7,0.0,0.0
D45,0.441,0.809,0.466,0.118,0.961,0.737,0.199,0.293,0.233,0.107,0.405,0.194,0.167,0.696,0.974,0.985,0.67,0.933,0.03,0.021,0.7,0.0,0.0
D450,0.203,0.05,0.023,0.001,0.161,0.003,0.002,0.003,0.003,0.006,0.255,0.006,0.009,0.137,0.74,0.938,0.536,0.837,0.03,0.021,0.7,0.001,0.001
D451,0.292,0.114,0.058,0.11,0.737,0.349,0.075,0.036,0.045,0.036,0.356,0.081,0.033,0.397,0.932,0.94,0.545,0.836,0.03,0.021,0.7,0.0,0.0
D452,0.352,0.199,0.107,0.126,0.901,0.657,0.157,0.072,0.087,0.09,0.402,0.182,0.093,0.582,0.973,0.947,0.567,0.842,0.03,0.021,0.7,0.0,0.001
D453,0.218,0.07,0.036,0.004,0.009,0.0,0.0,0.0,0.0,0.001,0.314,0.003,0.0,0.245,0.856,0.974,0.6,0.923,0.03,0.021,0.7,0.0,0.001
D454,0.238,0.081,0.041,0.114,0.328,0.0,0.009,0.006,0.009,0.015,0.316,0.03,0.009,0.278,0.887,0.96,0.505,0.901,0.03,0.021,0.7,0.001,0.002
D455,0.348,0.17,0.092,0.183,0.946,0.821,0.082,0.045,0.042,0.046,0.367,0.099,0.057,0.49,0.96,0.977,0.612,0.914,0.03,0.021,0.7,0.0,0.0
D456,0.367,0.231,0.128,0.245,0.952,0.848,0.136,0.081,0.084,0.075,0.39,0.173,0.072,0.558,0.969,0.962,0.516,0.888,0.03,0.021,0.7,0.003,0.009
D457,0.205,0.153,0.016,0.001,0.337,0.0,0.0,0.0,0.0,0.001,0.214,0.0,0.0,0.042,0.605,0.968,0.618,0.9,0.03,0.018,0.6,0.0,0.001
D458,0.196,0.14,0.019,0.0,0.173,0.0,0.0,0.0,0.0,0.001,0.215,0.0,0.0,0.042,0.595,0.972,0.622,0.889,0.03,0.018,0.6,0.001,0.004
D459,0.307,0.228,0.057,0.024,0.839,0.493,0.082,0.036,0.024,0.049,0.331,0.099,0.039,0.296,0.932,0.979,0.681,0.92,0.03,0.018,0.6,0.002,0.006
D46,0.449,0.842,0.528,0.127,0.943,0.71,0.212,0.316,0.307,0.119,0.413,0.212,0.176,0.758,0.979,0.977,0.625,0.884,0.03,0.021,0.7,0.0,0.0
D460,0.368,0.345,0.144,0.047,0.881,0.696,0.249,0.099,0.122,0.085,0.388,0.161,0.084,0.582,0.972,0.98,0.696,0.915,0.03,0.018,0.6,0.0,0.0
D461,0.2,0.119,0.041,0.0,0.116,0.0,0.0,0.0,0.0,0.001,0.23,0.0,0.0,0.113,0.752,0.958,0.516,0.903,0.03,0.018,0.6,0.001,0.001
D462,0.225,0.138,0.048,0.007,0.496,0.0,0.005,0.009,0.0,0.004,0.234,0.006,0.0,0.131,0.785,0.966,0.557,0.914,0.03,0.018,0.6,0.0,0.0
D463,0.316,0.187,0.085,0.076,0.893,0.585,0.09,0.048,0.027,0.048,0.333,0.101,0.054,0.382,0.948,0.966,0.563,0.91,0.03,0.018,0.6,0.0,0.0
D464,0.368,0.34,0.156,0.175,0.919,0.812,0.138,0.104,0.096,0.099,0.376,0.2,0.069,0.579,0.969,0.966,0.537,0.915,0.03,0.018,0.6,0.0,0.0
D465,0.236,0.046,0.02,0.0,0.0,0.0,0.0,0.0,0.0,0.004,0.367,0.009,0.0,0.349,0.723,0.99,0.838,0.94,0.06,0.048,0.8,0.001,0.001
D466,0.252,0.049,0.022,0.001,0.203,0.0,0.0,0.0,0.0,0.006,0.368,0.009,0.0,0.466,0.743,0.99,0.836,0.943,0.06,0.048,0.8,0.001,0.002
D467,0.366,0.149,0.075,0.021,0.824,0.546,0.094,0.054,0.051,0.045,0.425,0.087,0.06,0.949,0.952,0.99,0.872,0.942,0.06,0.048,0.8,0.0,0.0
D468,0.425,0.328,0.187,0.037,0.931,0.675,0.227,0.134,0.152,0.116,0.455,0.245,0.131,0.979,0.982,0.994,0.902,0.949,0.06,0.048,0.8,0.002,0.006
D469,0.273,0.069,0.034,0.0,0.006,0.0,0.0,0.0,0.0,0.013,0.41,0.015,0.0,0.845,0.912,0.992,0.857,0.936,0.06,0.048,0.8,0.0,0.0
D47,0.449,0.812,0.494,0.129,0.949,0.827,0.2,0.293,0.242,0.134,0.413,0.269,0.149,0.743,0.976,0.976,0.628,0.897,0.03,0.021,0.7,0.001,0.001
D470,0.291,0.083,0.04,0.015,0.257,0.0,0.0,0.003,0.0,0.025,0.413,0.042,0.015,0.869,0.929,0.992,0.855,0.954,0.06,0.048,0.8,0.0,0.0
D471,0.382,0.19,0.093,0.026,0.976,0.696,0.067,0.051,0.045,0.052,0.433,0.099,0.027,0.967,0.969,0.993,0.864,0.958,0.06,0.048,0.8,0.0,0.0
D472,0.421,0.317,0.169,0.027,0.976,0.654,0.141,0.125,0.143,0.119,0.452,0.221,0.096,0.988,0.983,0.998,0.968,0.969,0.06,0.048,0.8,0.0,0.001
D473,0.237,0.145,0.019,0.0,0.34,0.0,0.0,0.0,0.0,0.001,0.339,0.003,0.0,0.137,0.661,0.988,0.796,0.934,0.06,0.045,0.75,0.0,0.0
D474,0.281,0.161,0.024,0.0,0.451,0.0,0.004,0.009,0.006,0.01,0.366,0.018,0.006,0.46,0.861,0.999,0.985,0.976,0.06,0.045,0.75,0.0,0.0
D475,0.365,0.24,0.081,0.009,0.773,0.391,0.149,0.06,0.06,0.058,0.424,0.122,0.051,0.833,0.956,0.999,0.993,0.975,0.06,0.045,0.75,0.0,0.0
D476,0.403,0.332,0.139,0.021,0.881,0.555,0.216,0.101,0.066,0.097,0.44,0.188,0.11,0.893,0.976,0.999,1.0,0.99,0.06,0.045,0.75,0.001,0.004
D477,0.251,0.128,0.042,0.0,0.304,0.0,0.0,0.0,0.0,0.001,0.339,0.0,0.0,0.445,0.779,0.982,0.706,0.934,0.06,0.045,0.75,0.0,0.001
D478,0.26,0.13,0.047,0.001,0.325,0.0,0.0,0.0,0.0,0.009,0.347,0.015,0.006,0.406,0.804,0.99,0.823,0.949,0.06,0.045,0.75,0.001,0.003
D479,0.346,0.205,0.084,0.012,0.8,0.364,0.08,0.048,0.042,0.039,0.41,0.087,0.033,0.848,0.955,0.99,0.814,0.942,0.06,0.045,0.75,0.0,0.0
D48,0.49,0.913,0.691,0.1,0.943,0.815,0.244,0.382,0.373,0.151,0.43,0.281,0.284,0.836,0.986,0.986,0.714,0.881,0.03,0.021,0.7,0.003,0.008
D480,0.391,0.321,0.174,0.047,0.842,0.561,0.179,0.107,0.069,0.088,0.436,0.197,0.11,0.913,0.975,0.989,0.8,0.941,0.06,0.045,0.75,0.0,0.0
D481,0.156,0.012,0.005,0.0,0.0,0.0,0.0,0.0,0.0,0.001,0.137,0.0,0.0,0.006,0.5,0.893,0.458,0.781,0.03,0.018,0.6,0.0,0.0
D482,0.177,0.017,0.008,0.0,0.14,0.003,0.003,0.003,0.003,0.006,0.141,0.006,0.003,0.072,0.663,0.9,0.461,0.806,0.03,0.018,0.6,0.001,0.001
D483,0.286,0.082,0.042,0.187,0.737,0.349,0.145,0.036,0.042,0.036,0.355,0.078,0.042,0.376,0.931,0.908,0.485,0.809,0.03,0.018,0.6,0.0,0.0
D484,0.342,0.168,0.09,0.166,0.901,0.657,0.256,0.075,0.051,0.09,0.402,0.185,0.051,0.576,0.973,0.919,0.503,0.807,0.03,0.018,0.6,0.0,0.001
D485,0.177,0.019,0.009,0.0,0.0,0.0,0.0,0.0,0.0,0.003,0.196,0.0,0.0,0.036,0.745,0.953,0.5,0.892,0.03,0.015,0.5,0.0,0.001
D486,0.202,0.03,0.015,0.152,0.328,0.0,0.018,0.006,0.012,0.007,0.199,0.009,0.009,0.072,0.803,0.936,0.414,0.889,0.03,0.015,0.5,0.001,0.002
D487,0.322,0.116,0.06,0.226,0.904,0.767,0.144,0.045,0.039,0.045,0.348,0.093,0.06,0.373,0.948,0.955,0.507,0.905,0.03,0.015,0.5,0.0,0.0
D488,0.347,0.184,0.1,0.305,0.934,0.815,0.229,0.078,0.072,0.069,0.366,0.158,0.087,0.466,0.952,0.94,0.441,0.876,0.03,0.015,0.5,0.003,0.009
D489,0.156,0.043,0.004,0.0,0.0,0.0,0.0,0.0,0.0,0.001,0.116,0.0,0.0,0.009,0.5,0.939,0.519,0.852,0.03,0.012,0.4,0.0,0.001
D49,0.37,0.341,0.176,0.006,0.675,0.137,0.056,0.113,0.101,0.109,0.449,0.212,0.087,0.899,0.968,0.992,0.891,0.962,0.06,0.051,0.85,0.002,0.006
D490,0.155,0.04,0.005,0.0,0.0,0.0,0.0,0.0,0.0,0.001,0.114,0.0,0.0,0.009,0.499,0.936,0.511,0.848,0.03,0.012,0.4,0.001,0.004
D491,0.286,0.118,0.043,0.042,0.794,0.448,0.142,0.036,0.039,0.049,0.33,0.099,0.033,0.296,0.932,0.961,0.597,0.883,0.03,0.012,0.4,0.002,0.006
D492,0.352,0.251,0.127,0.073,0.869,0.666,0.399,0.099,0.101,0.085,0.387,0.161,0.11,0.573,0.972,0.962,0.597,0.876,0.03,0.012,0.4,0.0,0.0
D493,0.153,0.032,0.012,0.0,0.0,0.0,0.0,0.0,0.0,0.001,0.127,0.0,0.0,0.021,0.654,0.921,0.39,0.862,0.03,0.009,0.3,0.001,0.001
D494,0.174,0.041,0.016,0.001,0.301,0.0,0.001,0.003,0.0,0.004,0.13,0.006,0.003,0.045,0.716,0.93,0.412,0.875,0.03,0.009,0.3,0.0,0.0
D495,0.291,0.113,0.056,0.121,0.893,0.573,0.15,0.042,0.036,0.048,0.326,0.101,0.036,0.355,0.948,0.935,0.448,0.878,0.03,0.009,0.3,0.0,0.0
D496,0.344,0.255,0.127,0.265,0.919,0.812,0.196,0.101,0.075,0.099,0.375,0.2,0.09,0.549,0.971,0.936,0.387,0.879,0.03,0.009,0.3,0.0,0.0
D497,0.196,0.012,0.005,0.0,0.0,0.0,0.0,0.0,0.0,0.001,0.246,0.0,0.0,0.009,0.5,0.981,0.779,0.916,0.06,0.045,0.75,0.001,0.001
D498,0.218,0.017,0.008,0.0,0.191,0.003,0.0,0.0,0.0,0.004,0.246,0.006,0.0,0.215,0.648,0.98,0.763,0.919,0.06,0.042,0.7,0.001,0.002
D499,0.358,0.12,0.061,0.033,0.824,0.546,0.151,0.054,0.039,0.042,0.423,0.084,0.06,0.943,0.951,0.982,0.801,0.916,0.06,0.045,0.75,0.0,0.0
D5,0.391,0.605,0.392,0.021,0.66,0.29,0.124,0.242,0.194,0.142,0.429,0.254,0.143,0.812,0.982,0.967,0.627,0.875,0.03,0.024,0.8,0.001,0.001
D50,0.407,0.356,0.192,0.018,0.878,0.558,0.076,0.131,0.075,0.116,0.452,0.236,0.099,0.955,0.975,0.996,0.916,0.956,0.06,0.051,0.85,0.0,0.001
D500,0.42,0.307,0.173,0.052,0.931,0.675,0.324,0.134,0.113,0.115,0.455,0.239,0.137,0.979,0.981,0.987,0.847,0.924,0.06,0.045,0.75,0.002,0.006
D501,0.22,0.019,0.009,0.0,0.0,0.0,0.0,0.0,0.0,0.003,0.31,0.0,0.0,0.245,0.749,0.985,0.78,0.929,0.06,0.042,0.7,0.0,0.0
D502,0.235,0.03,0.014,0.026,0.257,0.0,0.0,0.0,0.0,0.007,0.316,0.009,0.006,0.236,0.817,0.985,0.734,0.939,0.06,0.042,0.7,0.0,0.0
D503,0.355,0.128,0.062,0.025,0.916,0.49,0.097,0.048,0.039,0.042,0.411,0.078,0.06,0.857,0.955,0.992,0.859,0.957,0.06,0.042,0.7,0.0,0.0
D504,0.41,0.269,0.142,0.028,0.976,0.642,0.214,0.113,0.093,0.109,0.444,0.2,0.122,0.958,0.979,0.997,0.965,0.965,0.06,0.042,0.7,0.0,0.001
D505,0.189,0.041,0.005,0.0,0.0,0.0,0.0,0.0,0.0,0.001,0.215,0.0,0.0,0.009,0.501,0.98,0.749,0.914,0.06,0.039,0.65,0.0,0.0
D506,0.262,0.059,0.012,0.001,0.409,0.006,0.003,0.009,0.0,0.01,0.279,0.018,0.012,0.409,0.858,0.997,0.961,0.974,0.06,0.039,0.65,0.0,0.0
D507,0.359,0.154,0.068,0.016,0.773,0.391,0.233,0.06,0.063,0.06,0.423,0.122,0.054,0.827,0.956,0.998,0.967,0.976,0.06,0.039,0.65,0.0,0.0
D508,0.395,0.246,0.122,0.03,0.881,0.555,0.272,0.101,0.099,0.099,0.44,0.188,0.093,0.89,0.976,0.998,0.962,0.978,0.06,0.039,0.65,0.001,0.004
D509,0.187,0.034,0.013,0.0,0.0,0.0,0.0,0.0,0.0,0.001,0.22,0.0,0.0,0.048,0.651,0.969,0.594,0.931,0.06,0.033,0.55,0.0,0.001
D51,0.423,0.451,0.23,0.021,0.973,0.534,0.098,0.167,0.093,0.14,0.46,0.296,0.116,0.979,0.981,0.992,0.885,0.937,0.06,0.051,0.85,0.0,0.0
D510,0.209,0.039,0.016,0.0,0.155,0.0,0.0,0.0,0.0,0.009,0.227,0.015,0.006,0.072,0.695,0.988,0.783,0.952,0.06,0.033,0.55,0.001,0.003
D511,0.332,0.125,0.059,0.028,0.809,0.367,0.144,0.048,0.027,0.04,0.405,0.09,0.03,0.815,0.956,0.988,0.778,0.946,0.06,0.033,0.55,0.0,0.0
D512,0.377,0.26,0.142,0.069,0.842,0.558,0.253,0.11,0.107,0.09,0.434,0.2,0.093,0.916,0.976,0.983,0.728,0.939,0.06,0.03,0.5,0.0,0.0
D513,0.315,0.244,0.078,0.034,0.658,0.137,0.005,0.021,0.012,0.061,0.397,0.118,0.037,0.718,0.978,0.985,0.701,0.913,0.015,0.012,0.8,0.0,0.0
D514,0.332,0.26,0.08,0.028,0.672,0.451,0.009,0.03,0.024,0.068,0.399,0.131,0.04,0.703,0.983,0.984,0.698,0.908,0.015,0.012,0.8,0.0,0.0
D515,0.402,0.333,0.139,0.241,0.957,0.888,0.046,0.087,0.076,0.091,0.415,0.169,0.063,0.793,0.99,0.993,0.785,0.947,0.015,0.012,0.8,0.0,0.001
D516,0.422,0.407,0.181,0.179,0.972,0.899,0.067,0.122,0.113,0.125,0.429,0.249,0.116,0.845,0.993,0.994,0.802,0.952,0.015,0.012,0.8,0.001,0.003
D517,0.387,0.384,0.232,0.045,0.815,0.599,0.056,0.181,0.106,0.125,0.431,0.233,0.119,0.842,0.993,0.979,0.641,0.907,0.015,0.012,0.8,0.001,0.001
D518,0.396,0.415,0.257,0.047,0.812,0.591,0.065,0.191,0.157,0.128,0.434,0.24,0.122,0.86,0.993,0.985,0.673,0.922,0.015,0.012,0.8,0.0,0.0
D519,0.418,0.494,0.313,0.099,0.913,0.772,0.084,0.218,0.158,0.14,0.437,0.266,0.158,0.87,0.994,0.968,0.592,0.882,0.015,0.012,0.8,0.002,0.006
D52,0.444,0.509,0.285,0.035,0.961,0.633,0.135,0.197,0.14,0.154,0.462,0.319,0.137,0.985,0.986,0.995,0.903,0.962,0.06,0.051,0.85,0.001,0.003
D520,0.466,0.626,0.446,0.152,0.984,0.913,0.122,0.281,0.23,0.182,0.451,0.352,0.181,0.928,0.995,0.983,0.676,0.918,0.015,0.012,0.8,0.0,0.0
D521,0.306,0.483,0.094,0.022,0.728,0.322,0.015,0.057,0.018,0.038,0.355,0.085,0.028,0.463,0.948,0.957,0.544,0.858,0.015,0.01,0.7,0.0,0.0
D522,0.339,0.517,0.119,0.02,0.81,0.581,0.029,0.079,0.03,0.06,0.368,0.104,0.039,0.536,0.958,0.953,0.538,0.886,0.015,0.012,0.8,0.0,0.001
D523,0.383,0.598,0.172,0.062,0.939,0.813,0.073,0.104,0.067,0.088,0.402,0.169,0.076,0.673,0.988,0.958,0.554,0.86,0.015,0.012,0.8,0.001,0.002
D524,0.407,0.632,0.204,0.125,0.969,0.857,0.093,0.139,0.133,0.11,0.414,0.219,0.121,0.743,0.99,0.96,0.549,0.872,0.015,0.012,0.8,0.0,0.001
D525,0.415,0.777,0.308,0.029,0.964,0.849,0.105,0.203,0.17,0.13,0.422,0.245,0.173,0.782,0.991,0.933,0.483,0.836,0.015,0.01,0.7,0.0,0.001
D526,0.426,0.781,0.351,0.056,0.955,0.827,0.125,0.231,0.185,0.146,0.425,0.282,0.196,0.809,0.991,0.939,0.491,0.847,0.015,0.01,0.7,0.001,0.003
D527,0.446,0.813,0.405,0.176,0.988,0.915,0.14,0.249,0.185,0.17,0.439,0.339,0.196,0.843,0.994,0.93,0.465,0.833,0.015,0.01,0.7,0.0,0.0
D528,0.452,0.831,0.445,0.093,0.984,0.939,0.147,0.252,0.234,0.171,0.441,0.351,0.23,0.851,0.994,0.933,0.478,0.839,0.015,0.01,0.7,0.0,0.001
D529,0.343,0.233,0.072,0.011,0.599,0.051,0.004,0.016,0.012,0.11,0.459,0.224,0.048,0.979,0.991,0.995,0.877,0.962,0.03,0.025,0.85,0.001,0.002
D53,0.363,0.271,0.142,0.006,0.696,0.09,0.034,0.096,0.045,0.134,0.46,0.272,0.072,0.994,0.984,0.988,0.828,0.912,0.06,0.051,0.85,0.002,0.006
D530,0.383,0.267,0.086,0.017,0.704,0.549,0.014,0.031,0.016,0.118,0.462,0.234,0.075,0.993,0.992,0.999,0.972,0.985,0.03,0.025,0.85,0.0,0.001
D531,0.43,0.367,0.154,0.038,0.961,0.831,0.053,0.094,0.07,0.146,0.467,0.293,0.107,0.994,0.994,0.999,0.988,0.988,0.03,0.025,0.85,0.0,0.0
D532,0.433,0.427,0.197,0.019,0.946,0.83,0.073,0.134,0.112,0.17,0.471,0.322,0.146,1.0,0.995,0.993,0.845,0.947,0.03,0.025,0.85,0.0,0.0
D533,0.42,0.383,0.231,0.009,0.821,0.531,0.058,0.182,0.145,0.172,0.472,0.345,0.133,0.997,0.995,0.996,0.899,0.959,0.03,0.025,0.85,0.0,0.0
D534,0.432,0.409,0.247,0.007,0.925,0.652,0.065,0.194,0.143,0.173,0.472,0.346,0.14,0.996,0.995,0.996,0.882,0.945,0.03,0.025,0.85,0.001,0.002
D535,0.444,0.445,0.277,0.019,0.933,0.779,0.076,0.203,0.158,0.192,0.474,0.378,0.145,0.997,0.996,0.994,0.86,0.944,0.03,0.025,0.85,0.0,0.0
D536,0.468,0.573,0.366,0.015,0.936,0.794,0.105,0.237,0.187,0.214,0.478,0.425,0.181,0.999,0.996,0.997,0.922,0.964,0.03,0.025,0.85,0.0,0.001
D537,0.367,0.471,0.1,0.006,0.721,0.321,0.017,0.063,0.022,0.087,0.446,0.176,0.055,0.94,0.979,0.992,0.832,0.948,0.03,0.025,0.85,0.0,0.0
D538,0.386,0.554,0.122,0.013,0.804,0.604,0.035,0.084,0.033,0.072,0.446,0.139,0.045,0.934,0.981,0.991,0.796,0.941,0.03,0.025,0.85,0.0,0.0
D539,0.414,0.58,0.167,0.016,0.942,0.751,0.071,0.112,0.067,0.101,0.455,0.196,0.061,0.984,0.989,0.99,0.786,0.945,0.03,0.025,0.85,0.0,0.0
D54,0.394,0.286,0.152,0.01,0.812,0.519,0.045,0.101,0.057,0.134,0.458,0.251,0.084,0.982,0.983,0.993,0.892,0.941,0.06,0.051,0.85,0.001,0.002
D540,0.448,0.643,0.24,0.028,0.981,0.875,0.12,0.157,0.109,0.139,0.462,0.261,0.127,0.996,0.993,0.996,0.893,0.94,0.03,0.025,0.85,0.0,0.001
D541,0.449,0.753,0.295,0.01,0.955,0.757,0.104,0.199,0.151,0.17,0.465,0.313,0.167,0.984,0.994,0.989,0.77,0.942,0.03,0.024,0.8,0.0,0.0
D542,0.455,0.746,0.31,0.014,0.96,0.781,0.108,0.215,0.184,0.167,0.466,0.327,0.164,0.988,0.994,0.99,0.795,0.939,0.03,0.024,0.8,0.001,0.001
D543,0.47,0.772,0.362,0.019,0.978,0.852,0.131,0.237,0.178,0.184,0.468,0.372,0.187,0.991,0.994,0.992,0.829,0.939,0.03,0.024,0.8,0.0,0.0
D544,0.488,0.831,0.47,0.013,0.966,0.858,0.156,0.279,0.231,0.204,0.474,0.394,0.225,0.994,0.996,0.993,0.848,0.955,0.03,0.024,0.8,0.0,0.001
D545,0.223,0.071,0.02,0.002,0.048,0.0,0.0,0.0,0.0,0.002,0.303,0.003,0.001,0.251,0.846,0.978,0.656,0.895,0.015,0.012,0.8,0.0,0.0
D546,0.248,0.081,0.023,0.01,0.404,0.003,0.006,0.004,0.006,0.01,0.322,0.021,0.003,0.284,0.921,0.977,0.652,0.9,0.015,0.012,0.8,0.0,0.0
D547,0.367,0.176,0.08,0.296,0.957,0.867,0.073,0.054,0.046,0.05,0.376,0.093,0.046,0.491,0.976,0.99,0.733,0.942,0.015,0.012,0.8,0.0,0.001
D548,0.395,0.262,0.128,0.217,0.972,0.899,0.119,0.097,0.085,0.096,0.407,0.197,0.084,0.628,0.988,0.991,0.762,0.933,0.015,0.012,0.8,0.001,0.003
D549,0.283,0.148,0.079,0.029,0.276,0.216,0.007,0.031,0.013,0.019,0.377,0.027,0.015,0.613,0.971,0.985,0.654,0.929,0.015,0.012,0.8,0.001,0.001
D55,0.415,0.365,0.196,0.012,0.878,0.594,0.079,0.155,0.072,0.149,0.462,0.275,0.066,0.991,0.985,0.997,0.937,0.959,0.06,0.051,0.85,0.0,0.001
D550,0.32,0.172,0.093,0.069,0.658,0.416,0.018,0.057,0.025,0.028,0.382,0.042,0.024,0.657,0.976,0.988,0.68,0.938,0.015,0.012,0.8,0.0,0.0
D551,0.375,0.264,0.148,0.173,0.934,0.796,0.063,0.101,0.072,0.066,0.4,0.122,0.082,0.707,0.985,0.978,0.605,0.919,0.015,0.012,0.8,0.002,0.006
D552,0.417,0.396,0.244,0.182,0.984,0.912,0.118,0.152,0.136,0.111,0.422,0.219,0.121,0.794,0.991,0.984,0.66,0.929,0.015,0.012,0.8,0.0,0.0
D553,0.232,0.194,0.026,0.006,0.573,0.0,0.0,0.0,0.0,0.002,0.261,0.003,0.0,0.172,0.766,0.96,0.553,0.862,0.015,0.01,0.7,0.0,0.0
D554,0.256,0.228,0.04,0.017,0.739,0.054,0.017,0.013,0.006,0.012,0.29,0.016,0.009,0.212,0.876,0.954,0.544,0.888,0.015,0.01,0.7,0.0,0.001
D555,0.339,0.312,0.091,0.078,0.91,0.752,0.104,0.055,0.046,0.054,0.373,0.099,0.055,0.452,0.979,0.961,0.554,0.864,0.015,0.01,0.7,0.001,0.002
D556,0.373,0.374,0.133,0.126,0.966,0.833,0.147,0.09,0.094,0.076,0.396,0.148,0.076,0.588,0.986,0.966,0.574,0.899,0.015,0.01,0.7,0.0,0.001
D557,0.349,0.427,0.13,0.023,0.884,0.734,0.055,0.11,0.073,0.084,0.38,0.157,0.079,0.56,0.98,0.939,0.49,0.838,0.015,0.01,0.7,0.0,0.001
D558,0.36,0.446,0.153,0.044,0.893,0.803,0.075,0.125,0.069,0.092,0.384,0.161,0.085,0.588,0.981,0.939,0.485,0.86,0.015,0.01,0.7,0.001,0.003
D559,0.396,0.531,0.218,0.151,0.984,0.858,0.118,0.158,0.113,0.119,0.408,0.219,0.134,0.703,0.989,0.938,0.482,0.853,0.015,0.01,0.7,0.0,0.0
D56,0.431,0.447,0.268,0.01,0.869,0.582,0.126,0.206,0.137,0.175,0.467,0.331,0.137,0.982,0.988,0.992,0.867,0.944,0.06,0.051,0.85,0.001,0.002
D560,0.407,0.564,0.256,0.097,0.975,0.897,0.139,0.193,0.148,0.131,0.416,0.26,0.137,0.728,0.991,0.942,0.492,0.861,0.015,0.01,0.7,0.0,0.001
D561,0.274,0.067,0.019,0.0,0.004,0.0,0.0,0.0,0.0,0.01,0.412,0.018,0.004,0.876,0.934,0.993,0.836,0.955,0.03,0.025,0.85,0.001,0.002
D562,0.315,0.088,0.029,0.013,0.555,0.0,0.011,0.009,0.007,0.016,0.419,0.03,0.003,0.939,0.958,0.999,0.973,0.983,0.03,0.025,0.85,0.0,0.001
D563,0.402,0.201,0.091,0.046,0.957,0.824,0.08,0.067,0.058,0.072,0.444,0.136,0.04,0.964,0.986,0.999,0.981,0.986,0.03,0.025,0.85,0.0,0.0
D564,0.411,0.291,0.145,0.028,0.946,0.83,0.126,0.11,0.087,0.107,0.454,0.201,0.079,0.996,0.99,0.991,0.808,0.943,0.03,0.025,0.85,0.0,0.0
D565,0.314,0.141,0.075,0.005,0.194,0.104,0.006,0.031,0.01,0.061,0.45,0.113,0.022,0.988,0.988,0.996,0.866,0.952,0.03,0.025,0.85,0.0,0.0
D566,0.353,0.163,0.086,0.01,0.854,0.154,0.018,0.045,0.018,0.073,0.453,0.133,0.037,0.994,0.99,0.996,0.88,0.95,0.03,0.025,0.85,0.001,0.002
D567,0.391,0.216,0.118,0.029,0.933,0.734,0.042,0.078,0.048,0.087,0.456,0.163,0.04,0.99,0.991,0.993,0.842,0.945,0.03,0.025,0.85,0.0,0.0
D568,0.425,0.36,0.205,0.023,0.925,0.787,0.101,0.131,0.101,0.134,0.466,0.276,0.107,0.996,0.994,0.996,0.885,0.96,0.03,0.025,0.85,0.0,0.001
D569,0.288,0.192,0.027,0.002,0.564,0.0,0.0,0.0,0.0,0.006,0.385,0.012,0.001,0.64,0.858,0.99,0.807,0.94,0.03,0.025,0.85,0.0,0.0
D57,0.394,0.388,0.203,0.005,0.737,0.454,0.071,0.17,0.101,0.119,0.454,0.224,0.078,0.97,0.982,0.99,0.822,0.935,0.06,0.051,0.85,0.0,0.0
D570,0.335,0.243,0.043,0.019,0.809,0.442,0.023,0.016,0.021,0.015,0.401,0.028,0.01,0.719,0.934,0.991,0.797,0.942,0.03,0.025,0.85,0.0,0.0
D571,0.384,0.299,0.089,0.023,0.93,0.73,0.09,0.054,0.046,0.054,0.434,0.115,0.052,0.93,0.98,0.99,0.791,0.945,0.03,0.025,0.85,0.0,0.0
D572,0.426,0.412,0.161,0.033,0.967,0.861,0.189,0.106,0.1,0.102,0.45,0.199,0.087,0.988,0.99,0.995,0.883,0.941,0.03,0.025,0.85,0.0,0.001
D573,0.39,0.42,0.127,0.007,0.867,0.625,0.055,0.113,0.069,0.106,0.447,0.194,0.064,0.954,0.987,0.987,0.765,0.935,0.03,0.024,0.8,0.0,0.0
D574,0.402,0.42,0.136,0.012,0.934,0.713,0.062,0.11,0.093,0.096,0.447,0.187,0.09,0.946,0.988,0.992,0.817,0.948,0.03,0.024,0.8,0.001,0.001
D575,0.42,0.48,0.183,0.02,0.97,0.821,0.1,0.148,0.107,0.124,0.454,0.237,0.1,0.966,0.991,0.988,0.769,0.93,0.03,0.024,0.8,0.0,0.0
D576,0.45,0.588,0.282,0.015,0.96,0.855,0.156,0.194,0.146,0.163,0.464,0.312,0.139,0.99,0.995,0.993,0.842,0.96,0.03,0.024,0.8,0.0,0.001
D577,0.176,0.018,0.005,0.0,0.0,0.0,0.0,0.0,0.0,0.001,0.187,0.0,0.0,0.031,0.51,0.957,0.568,0.874,0.015,0.01,0.7,0.0,0.0
D578,0.209,0.027,0.009,0.003,0.363,0.003,0.01,0.004,0.001,0.009,0.241,0.018,0.003,0.07,0.707,0.959,0.564,0.875,0.015,0.01,0.7,0.0,0.0
D579,0.352,0.128,0.064,0.294,0.952,0.866,0.136,0.054,0.055,0.049,0.371,0.09,0.046,0.434,0.973,0.976,0.635,0.904,0.015,0.01,0.7,0.0,0.001
D58,0.402,0.37,0.204,0.003,0.839,0.466,0.086,0.164,0.122,0.128,0.453,0.251,0.078,0.955,0.981,0.99,0.858,0.928,0.06,0.051,0.85,0.001,0.001
D580,0.389,0.219,0.116,0.266,0.972,0.899,0.219,0.096,0.104,0.096,0.406,0.197,0.107,0.624,0.988,0.978,0.639,0.907,0.015,0.01,0.7,0.001,0.003
D581,0.208,0.044,0.022,0.0,0.0,0.0,0.0,0.0,0.0,0.001,0.275,0.0,0.0,0.196,0.833,0.978,0.572,0.917,0.015,0.01,0.7,0.001,0.001
D582,0.266,0.063,0.032,0.123,0.658,0.272,0.015,0.009,0.007,0.009,0.291,0.015,0.01,0.209,0.897,0.981,0.617,0.924,0.015,0.01,0.7,0.0,0.0
D583,0.35,0.161,0.085,0.354,0.934,0.824,0.099,0.055,0.058,0.057,0.363,0.106,0.042,0.425,0.971,0.97,0.542,0.913,0.015,0.01,0.7,0.002,0.006
D584,0.389,0.28,0.161,0.249,0.984,0.903,0.181,0.1,0.081,0.095,0.4,0.185,0.094,0.642,0.988,0.978,0.593,0.92,0.015,0.01,0.7,0.0,0.0
D585,0.165,0.057,0.007,0.0,0.0,0.0,0.0,0.0,0.0,0.001,0.155,0.0,0.0,0.016,0.512,0.935,0.496,0.83,0.015,0.009,0.6,0.0,0.0
D586,0.217,0.084,0.018,0.007,0.452,0.009,0.035,0.01,0.012,0.011,0.209,0.015,0.007,0.125,0.819,0.944,0.513,0.875,0.015,0.009,0.6,0.0,0.001
D587,0.318,0.173,0.069,0.076,0.837,0.572,0.186,0.055,0.058,0.054,0.368,0.099,0.052,0.424,0.977,0.953,0.538,0.888,0.015,0.009,0.6,0.001,0.002
D588,0.365,0.248,0.114,0.153,0.967,0.815,0.251,0.093,0.085,0.078,0.395,0.152,0.107,0.582,0.986,0.954,0.54,0.879,0.015,0.009,0.6,0.0,0.001
D589,0.217,0.147,0.052,0.005,0.29,0.058,0.006,0.016,0.007,0.012,0.272,0.021,0.012,0.148,0.891,0.936,0.409,0.875,0.015,0.009,0.6,0.0,0.001
D59,0.43,0.477,0.289,0.015,0.925,0.588,0.127,0.212,0.167,0.142,0.462,0.278,0.11,0.988,0.986,0.988,0.807,0.936,0.06,0.051,0.85,0.0,0.001
D590,0.271,0.17,0.066,0.023,0.801,0.387,0.028,0.03,0.018,0.029,0.291,0.052,0.025,0.246,0.941,0.938,0.414,0.872,0.015,0.009,0.6,0.001,0.003
D591,0.344,0.284,0.132,0.153,0.961,0.794,0.133,0.085,0.075,0.069,0.357,0.134,0.09,0.473,0.978,0.94,0.416,0.87,0.015,0.009,0.6,0.0,0.0
D592,0.363,0.326,0.166,0.111,0.964,0.885,0.172,0.103,0.094,0.089,0.387,0.17,0.096,0.557,0.986,0.945,0.44,0.875,0.015,0.009,0.6,0.0,0.001
D593,0.215,0.017,0.005,0.0,0.0,0.0,0.0,0.0,0.0,0.001,0.315,0.0,0.0,0.297,0.553,0.987,0.772,0.934,0.03,0.024,0.8,0.001,0.002
D594,0.274,0.035,0.014,0.011,0.472,0.0,0.015,0.009,0.007,0.007,0.356,0.013,0.012,0.458,0.826,0.999,0.972,0.975,0.03,0.024,0.8,0.0,0.001
D595,0.397,0.15,0.075,0.056,0.957,0.824,0.142,0.063,0.063,0.069,0.437,0.13,0.046,0.936,0.981,0.998,0.972,0.979,0.03,0.024,0.8,0.0,0.0
D596,0.409,0.251,0.133,0.038,0.946,0.83,0.22,0.109,0.116,0.104,0.451,0.197,0.093,0.988,0.988,0.986,0.761,0.937,0.03,0.024,0.8,0.0,0.0
D597,0.267,0.041,0.021,0.0,0.0,0.0,0.0,0.0,0.0,0.004,0.392,0.004,0.0,0.83,0.916,0.993,0.813,0.954,0.03,0.025,0.85,0.0,0.0
D598,0.315,0.057,0.029,0.021,0.801,0.164,0.013,0.006,0.009,0.008,0.401,0.015,0.009,0.788,0.95,0.993,0.809,0.95,0.03,0.025,0.85,0.001,0.002
D599,0.362,0.112,0.058,0.062,0.933,0.737,0.055,0.034,0.022,0.028,0.417,0.057,0.024,0.855,0.97,0.99,0.747,0.952,0.03,0.025,0.85,0.0,0.0
D6,0.393,0.584,0.363,0.02,0.675,0.403,0.111,0.236,0.179,0.145,0.429,0.26,0.146,0.779,0.983,0.97,0.616,0.881,0.03,0.024,0.8,0.001,0.004
D60,0.446,0.539,0.319,0.022,0.949,0.633,0.143,0.227,0.173,0.154,0.462,0.307,0.149,0.982,0.987,0.992,0.854,0.949,0.06,0.051,0.85,0.003,0.009
D600,0.406,0.258,0.14,0.037,0.927,0.791,0.152,0.096,0.087,0.081,0.446,0.167,0.081,0.972,0.987,0.995,0.858,0.956,0.03,0.025,0.85,0.0,0.001
D601,0.201,0.058,0.007,0.0,0.0,0.0,0.0,0.0,0.0,0.001,0.277,0.0,0.0,0.066,0.524,0.983,0.735,0.926,0.03,0.024,0.8,0.0,0.0
D602,0.287,0.09,0.021,0.015,0.707,0.085,0.04,0.013,0.016,0.011,0.379,0.022,0.009,0.481,0.901,0.987,0.761,0.912,0.03,0.024,0.8,0.0,0.0
D603,0.369,0.164,0.066,0.027,0.928,0.678,0.15,0.054,0.043,0.052,0.43,0.109,0.064,0.91,0.977,0.986,0.752,0.929,0.03,0.022,0.75,0.0,0.0
D604,0.418,0.292,0.137,0.044,0.967,0.861,0.312,0.107,0.106,0.1,0.448,0.193,0.103,0.984,0.989,0.99,0.817,0.933,0.03,0.022,0.75,0.0,0.001
D605,0.269,0.15,0.051,0.002,0.303,0.0,0.002,0.006,0.004,0.016,0.38,0.033,0.016,0.527,0.918,0.99,0.762,0.947,0.03,0.022,0.75,0.0,0.0
D606,0.319,0.16,0.06,0.007,0.76,0.339,0.022,0.025,0.009,0.024,0.386,0.049,0.019,0.663,0.943,0.992,0.81,0.953,0.03,0.022,0.75,0.001,0.001
D607,0.372,0.234,0.101,0.022,0.912,0.722,0.091,0.067,0.048,0.054,0.422,0.106,0.054,0.887,0.981,0.988,0.752,0.943,0.03,0.022,0.75,0.0,0.0
D608,0.419,0.364,0.19,0.022,0.94,0.813,0.201,0.131,0.1,0.107,0.447,0.221,0.107,0.955,0.99,0.995,0.851,0.97,0.03,0.022,0.75,0.0,0.001
D609,0.151,0.005,0.001,0.0,0.0,0.0,0.0,0.0,0.0,0.001,0.1,0.0,0.0,0.003,0.5,0.906,0.468,0.816,0.015,0.007,0.5,0.0,0.0
D61,0.462,0.776,0.449,0.019,0.964,0.579,0.185,0.275,0.245,0.121,0.455,0.206,0.14,0.991,0.983,0.994,0.918,0.962,0.06,0.048,0.8,0.001,0.002
D610,0.189,0.013,0.005,0.001,0.363,0.003,0.02,0.004,0.009,0.009,0.154,0.018,0.001,0.061,0.7,0.929,0.505,0.849,0.015,0.007,0.5,0.0,0.0
D611,0.341,0.116,0.06,0.351,0.952,0.866,0.235,0.054,0.052,0.048,0.371,0.09,0.055,0.434,0.973,0.943,0.523,0.86,0.015,0.007,0.5,0.0,0.001
D612,0.378,0.21,0.115,0.321,0.972,0.899,0.357,0.096,0.084,0.096,0.406,0.197,0.101,0.624,0.988,0.948,0.518,0.866,0.015,0.007,0.5,0.001,0.003
D613,0.18,0.012,0.006,0.0,0.0,0.0,0.0,0.0,0.0,0.001,0.167,0.0,0.0,0.019,0.74,0.966,0.522,0.906,0.015,0.009,0.6,0.001,0.001
D614,0.251,0.03,0.015,0.181,0.658,0.327,0.027,0.009,0.018,0.009,0.213,0.015,0.004,0.113,0.878,0.966,0.536,0.901,0.015,0.009,0.6,0.0,0.0
D615,0.347,0.129,0.067,0.413,0.934,0.813,0.176,0.055,0.054,0.057,0.361,0.106,0.063,0.418,0.971,0.963,0.517,0.906,0.015,0.009,0.6,0.002,0.006
D616,0.384,0.24,0.135,0.275,0.984,0.913,0.293,0.1,0.099,0.096,0.399,0.185,0.1,0.615,0.987,0.967,0.535,0.907,0.015,0.009,0.6,0.0,0.0
D617,0.133,0.015,0.002,0.0,0.0,0.0,0.0,0.0,0.0,0.001,0.082,0.0,0.0,0.004,0.5,0.856,0.384,0.762,0.015,0.004,0.3,0.0,0.0
D618,0.178,0.038,0.013,0.017,0.266,0.001,0.071,0.01,0.018,0.011,0.134,0.015,0.009,0.124,0.817,0.868,0.399,0.795,0.015,0.004,0.3,0.0,0.001
D619,0.297,0.13,0.063,0.137,0.837,0.572,0.309,0.055,0.055,0.054,0.368,0.099,0.039,0.419,0.977,0.888,0.415,0.8,0.015,0.004,0.3,0.001,0.002
D62,0.459,0.795,0.432,0.012,0.964,0.552,0.161,0.281,0.233,0.118,0.455,0.221,0.149,0.976,0.984,0.995,0.9,0.966,0.06,0.048,0.8,0.0,0.001
D620,0.345,0.211,0.111,0.207,0.967,0.815,0.373,0.093,0.087,0.078,0.395,0.152,0.093,0.582,0.986,0.893,0.417,0.808,0.015,0.004,0.3,0.0,0.001
D621,0.154,0.04,0.017,0.0,0.0,0.0,0.0,0.0,0.0,0.001,0.149,0.003,0.0,0.015,0.748,0.909,0.337,0.854,0.015,0.004,0.3,0.0,0.001
D622,0.229,0.06,0.028,0.041,0.773,0.355,0.036,0.009,0.007,0.016,0.19,0.027,0.009,0.115,0.924,0.914,0.344,0.864,0.015,0.004,0.3,0.001,0.003
D623,0.319,0.18,0.094,0.195,0.961,0.794,0.224,0.066,0.067,0.062,0.347,0.124,0.082,0.41,0.976,0.92,0.335,0.852,0.015,0.004,0.3,0.0,0.0
D624,0.341,0.225,0.123,0.176,0.964,0.885,0.281,0.084,0.085,0.078,0.38,0.154,0.085,0.519,0.984,0.925,0.362,0.865,0.015,0.004,0.3,0.0,0.001
D625,0.184,0.004,0.001,0.0,0.0,0.0,0.0,0.0,0.0,0.001,0.198,0.0,0.0,0.006,0.5,0.978,0.687,0.92,0.03,0.021,0.7,0.001,0.002
D626,0.262,0.022,0.01,0.026,0.472,0.0,0.027,0.009,0.003,0.007,0.269,0.013,0.004,0.419,0.823,0.997,0.931,0.97,0.03,0.021,0.7,0.0,0.001
D627,0.393,0.137,0.07,0.068,0.957,0.824,0.23,0.063,0.061,0.069,0.437,0.13,0.057,0.936,0.981,0.997,0.934,0.951,0.03,0.021,0.7,0.0,0.0
D628,0.405,0.242,0.131,0.05,0.946,0.83,0.329,0.109,0.093,0.104,0.451,0.197,0.082,0.988,0.988,0.978,0.71,0.921,0.03,0.021,0.7,0.0,0.0
D629,0.216,0.011,0.005,0.0,0.0,0.0,0.0,0.0,0.0,0.001,0.289,0.0,0.0,0.179,0.745,0.992,0.786,0.95,0.03,0.022,0.75,0.0,0.0
D63,0.465,0.785,0.415,0.017,0.97,0.561,0.17,0.269,0.245,0.145,0.46,0.29,0.143,0.988,0.986,0.995,0.922,0.955,0.06,0.048,0.8,0.0,0.0
D630,0.273,0.024,0.012,0.028,0.627,0.166,0.02,0.006,0.006,0.008,0.311,0.015,0.006,0.37,0.875,0.991,0.784,0.947,0.03,0.022,0.75,0.001,0.002
D631,0.349,0.079,0.04,0.074,0.933,0.739,0.096,0.033,0.022,0.029,0.404,0.057,0.045,0.742,0.965,0.984,0.702,0.94,0.03,0.022,0.75,0.0,0.0
D632,0.403,0.224,0.12,0.047,0.927,0.791,0.242,0.096,0.106,0.079,0.443,0.164,0.072,0.949,0.986,0.995,0.861,0.959,0.03,0.022,0.75,0.0,0.001
D633,0.176,0.015,0.002,0.0,0.0,0.0,0.0,0.0,0.0,0.001,0.166,0.0,0.0,0.003,0.5,0.97,0.661,0.907,0.03,0.018,0.6,0.0,0.0
D634,0.263,0.043,0.015,0.027,0.581,0.085,0.065,0.013,0.016,0.011,0.378,0.022,0.009,0.469,0.901,0.97,0.653,0.882,0.03,0.018,0.6,0.0,0.0
D635,0.354,0.124,0.059,0.043,0.928,0.678,0.217,0.054,0.054,0.052,0.43,0.109,0.045,0.91,0.977,0.968,0.642,0.901,0.03,0.016,0.55,0.0,0.0
D636,0.405,0.252,0.131,0.058,0.967,0.861,0.422,0.107,0.104,0.1,0.448,0.193,0.094,0.984,0.989,0.979,0.718,0.908,0.03,0.016,0.55,0.0,0.001
D637,0.2,0.042,0.018,0.0,0.0,0.0,0.0,0.0,0.0,0.001,0.254,0.0,0.0,0.061,0.756,0.989,0.734,0.953,0.03,0.016,0.55,0.0,0.0
D638,0.273,0.056,0.025,0.015,0.76,0.334,0.028,0.007,0.007,0.012,0.296,0.022,0.012,0.251,0.872,0.99,0.767,0.95,0.03,0.016,0.55,0.001,0.001
D639,0.347,0.131,0.065,0.038,0.912,0.722,0.129,0.043,0.042,0.042,0.408,0.084,0.037,0.776,0.973,0.985,0.7,0.944,0.03,0.016,0.55,0.0,0.0
D64,0.492,0.87,0.532,0.03,0.964,0.669,0.196,0.34,0.301,0.166,0.466,0.328,0.194,0.985,0.989,0.996,0.911,0.969,0.06,0.048,0.8,0.0,0.001
D640,0.402,0.266,0.148,0.035,0.933,0.807,0.31,0.103,0.115,0.099,0.442,0.201,0.101,0.94,0.989,0.993,0.805,0.968,0.03,0.016,0.55,0.0,0.001
D641,0.386,0.45,0.244,0.087,0.851,0.721,0.076,0.158,0.111,0.114,0.406,0.222,0.093,0.692,0.984,0.974,0.594,0.899,0.007,0.006,0.8,0.0,0.0
D642,0.396,0.454,0.244,0.071,0.903,0.811,0.075,0.154,0.118,0.114,0.412,0.227,0.113,0.727,0.992,0.978,0.612,0.899,0.007,0.006,0.8,0.0,0.0
D643,0.425,0.507,0.287,0.172,0.975,0.94,0.104,0.169,0.133,0.126,0.43,0.254,0.122,0.81,0.996,0.981,0.626,0.911,0.007,0.006,0.8,0.0,0.0
D644,0.456,0.603,0.386,0.208,0.993,0.971,0.146,0.231,0.186,0.168,0.442,0.322,0.184,0.861,0.997,0.98,0.626,0.913,0.007,0.006,0.8,0.0,0.0
D645,0.409,0.403,0.247,0.101,0.949,0.882,0.07,0.142,0.118,0.141,0.436,0.276,0.125,0.855,0.997,0.967,0.567,0.901,0.007,0.006,0.8,0.0,0.001
D646,0.415,0.418,0.26,0.141,0.957,0.89,0.071,0.141,0.103,0.144,0.437,0.261,0.122,0.886,0.997,0.978,0.604,0.913,0.007,0.006,0.8,0.0,0.001
D647,0.427,0.479,0.311,0.144,0.951,0.919,0.091,0.176,0.157,0.153,0.441,0.289,0.159,0.9,0.997,0.965,0.556,0.891,0.007,0.006,0.8,0.001,0.003
D648,0.451,0.565,0.386,0.183,0.984,0.963,0.111,0.21,0.185,0.173,0.448,0.343,0.197,0.911,0.997,0.972,0.589,0.9,0.007,0.006,0.8,0.001,0.001
D649,0.377,0.679,0.22,0.139,0.932,0.831,0.065,0.172,0.116,0.06,0.374,0.118,0.072,0.524,0.982,0.947,0.493,0.848,0.007,0.005,0.7,0.0,0.0
D65,0.21,0.11,0.056,0.002,0.033,0.0,0.0,0.003,0.0,0.01,0.293,0.021,0.003,0.14,0.75,0.947,0.545,0.858,0.03,0.024,0.8,0.001,0.001
D650,0.38,0.685,0.23,0.135,0.932,0.859,0.067,0.172,0.135,0.069,0.379,0.125,0.081,0.531,0.985,0.94,0.473,0.843,0.007,0.005,0.7,0.0,0.0
D651,0.415,0.741,0.308,0.228,0.993,0.948,0.105,0.21,0.163,0.094,0.403,0.178,0.106,0.666,0.994,0.948,0.487,0.851,0.007,0.005,0.7,0.0,0.001
D652,0.437,0.782,0.386,0.19,0.98,0.94,0.125,0.249,0.216,0.131,0.422,0.257,0.172,0.771,0.996,0.942,0.477,0.849,0.007,0.005,0.7,0.001,0.003
D653,0.429,0.682,0.455,0.108,0.952,0.886,0.22,0.292,0.24,0.09,0.393,0.164,0.121,0.654,0.988,0.957,0.53,0.886,0.007,0.006,0.8,0.0,0.0
D654,0.44,0.723,0.483,0.151,0.963,0.908,0.229,0.295,0.232,0.1,0.4,0.193,0.143,0.669,0.991,0.963,0.546,0.875,0.007,0.006,0.8,0.001,0.002
D655,0.453,0.751,0.54,0.121,0.951,0.913,0.246,0.301,0.251,0.116,0.414,0.219,0.157,0.743,0.994,0.97,0.563,0.906,0.007,0.006,0.8,0.0,0.0
D656,0.48,0.786,0.567,0.212,0.988,0.954,0.254,0.331,0.284,0.163,0.433,0.322,0.211,0.843,0.997,0.964,0.544,0.899,0.007,0.006,0.8,0.0,0.0
D657,0.422,0.432,0.219,0.016,0.852,0.641,0.066,0.151,0.105,0.149,0.464,0.299,0.117,0.968,0.993,0.999,0.955,0.986,0.015,0.013,0.85,0.0,0.0
D658,0.434,0.439,0.235,0.049,0.909,0.749,0.077,0.163,0.119,0.148,0.462,0.296,0.125,0.978,0.994,0.999,0.945,0.982,0.015,0.013,0.85,0.0,0.0
D659,0.456,0.514,0.308,0.043,0.964,0.901,0.108,0.199,0.151,0.169,0.469,0.343,0.141,0.993,0.997,0.997,0.882,0.977,0.015,0.013,0.85,0.0,0.0
D66,0.224,0.111,0.054,0.01,0.206,0.006,0.003,0.006,0.0,0.013,0.294,0.021,0.003,0.149,0.744,0.963,0.599,0.896,0.03,0.024,0.8,0.002,0.005
D660,0.484,0.612,0.403,0.122,0.996,0.947,0.144,0.241,0.209,0.201,0.474,0.393,0.199,0.995,0.998,0.996,0.863,0.97,0.015,0.013,0.85,0.001,0.001
D661,0.448,0.425,0.265,0.042,0.951,0.896,0.073,0.149,0.113,0.178,0.474,0.357,0.168,0.997,0.998,0.998,0.926,0.974,0.015,0.013,0.85,0.0,0.0
D662,0.444,0.431,0.271,0.029,0.947,0.866,0.075,0.148,0.126,0.181,0.475,0.349,0.178,0.996,0.998,0.996,0.86,0.966,0.015,0.013,0.85,0.0,0.0
D663,0.467,0.496,0.317,0.091,0.991,0.938,0.09,0.174,0.151,0.204,0.477,0.392,0.184,0.996,0.998,0.998,0.927,0.98,0.015,0.013,0.85,0.0,0.001
D664,0.472,0.568,0.385,0.063,0.975,0.91,0.111,0.209,0.177,0.201,0.478,0.406,0.208,0.999,0.998,0.996,0.86,0.965,0.015,0.013,0.85,0.001,0.002
D665,0.431,0.686,0.225,0.032,0.945,0.834,0.064,0.174,0.132,0.11,0.456,0.222,0.113,0.963,0.994,0.989,0.738,0.93,0.015,0.013,0.85,0.0,0.0
D666,0.433,0.661,0.225,0.034,0.957,0.841,0.066,0.184,0.134,0.112,0.457,0.216,0.103,0.972,0.995,0.991,0.754,0.938,0.015,0.013,0.85,0.0,0.0
D667,0.455,0.731,0.293,0.058,0.966,0.876,0.097,0.21,0.178,0.144,0.463,0.287,0.149,0.988,0.996,0.992,0.762,0.941,0.015,0.013,0.85,0.0,0.0
D668,0.476,0.791,0.377,0.101,0.996,0.943,0.124,0.24,0.2,0.167,0.467,0.328,0.186,0.99,0.997,0.99,0.761,0.933,0.015,0.013,0.85,0.0,0.0
D669,0.464,0.681,0.439,0.036,0.948,0.866,0.207,0.269,0.204,0.139,0.46,0.268,0.147,0.966,0.994,0.991,0.761,0.944,0.015,0.013,0.85,0.0,0.0
D67,0.357,0.232,0.121,0.199,0.94,0.86,0.109,0.078,0.093,0.06,0.37,0.122,0.06,0.484,0.948,0.939,0.539,0.856,0.03,0.024,0.8,0.0,0.001
D670,0.471,0.693,0.454,0.031,0.949,0.888,0.212,0.277,0.219,0.147,0.461,0.287,0.181,0.97,0.996,0.992,0.783,0.947,0.015,0.013,0.85,0.0,0.0
D671,0.485,0.76,0.532,0.022,0.978,0.899,0.238,0.292,0.25,0.16,0.468,0.316,0.172,0.993,0.997,0.992,0.779,0.948,0.015,0.013,0.85,0.0,0.0
D672,0.503,0.805,0.595,0.042,0.987,0.92,0.265,0.34,0.305,0.178,0.471,0.35,0.207,0.989,0.997,0.993,0.791,0.944,0.015,0.013,0.85,0.0,0.001
D673,0.28,0.166,0.074,0.034,0.581,0.322,0.01,0.024,0.007,0.026,0.33,0.05,0.012,0.316,0.918,0.975,0.598,0.901,0.007,0.006,0.8,0.0,0.0
D674,0.32,0.177,0.079,0.079,0.811,0.749,0.019,0.029,0.014,0.028,0.355,0.054,0.015,0.38,0.976,0.973,0.598,0.893,0.007,0.006,0.8,0.0,0.0
D675,0.37,0.246,0.12,0.202,0.975,0.94,0.078,0.069,0.066,0.058,0.395,0.116,0.043,0.561,0.99,0.973,0.594,0.897,0.007,0.006,0.8,0.0,0.0
D676,0.411,0.366,0.205,0.239,0.993,0.963,0.151,0.13,0.109,0.107,0.419,0.206,0.104,0.725,0.995,0.98,0.624,0.912,0.007,0.006,0.8,0.0,0.0
D677,0.296,0.144,0.077,0.039,0.51,0.385,0.022,0.054,0.033,0.049,0.376,0.091,0.031,0.508,0.983,0.962,0.543,0.894,0.007,0.006,0.8,0.0,0.001
D678,0.321,0.15,0.081,0.083,0.778,0.537,0.025,0.054,0.033,0.053,0.381,0.108,0.022,0.507,0.986,0.973,0.568,0.916,0.007,0.006,0.8,0.0,0.001
D679,0.366,0.227,0.127,0.148,0.926,0.88,0.063,0.097,0.068,0.077,0.399,0.152,0.058,0.626,0.991,0.962,0.534,0.898,0.007,0.006,0.8,0.001,0.003
D68,0.365,0.267,0.146,0.092,0.86,0.755,0.143,0.11,0.066,0.084,0.389,0.173,0.125,0.606,0.965,0.951,0.562,0.874,0.03,0.024,0.8,0.004,0.011
D680,0.409,0.343,0.205,0.212,0.984,0.963,0.114,0.138,0.11,0.124,0.423,0.249,0.114,0.761,0.995,0.97,0.568,0.915,0.007,0.006,0.8,0.001,0.001
D681,0.282,0.351,0.067,0.036,0.78,0.392,0.005,0.022,0.004,0.021,0.313,0.041,0.01,0.281,0.936,0.932,0.466,0.833,0.007,0.005,0.7,0.0,0.0
D682,0.301,0.356,0.071,0.063,0.852,0.672,0.012,0.031,0.012,0.026,0.319,0.049,0.01,0.275,0.95,0.93,0.456,0.829,0.007,0.005,0.7,0.0,0.0
D683,0.362,0.449,0.138,0.173,0.975,0.894,0.083,0.08,0.06,0.069,0.379,0.138,0.067,0.515,0.99,0.934,0.465,0.836,0.007,0.005,0.7,0.0,0.001
D684,0.39,0.53,0.21,0.12,0.963,0.91,0.129,0.138,0.128,0.104,0.406,0.209,0.114,0.678,0.995,0.931,0.461,0.837,0.007,0.005,0.7,0.001,0.003
D685,0.333,0.399,0.191,0.042,0.772,0.645,0.107,0.144,0.089,0.046,0.336,0.084,0.057,0.408,0.954,0.955,0.509,0.876,0.007,0.005,0.7,0.0,0.0
D686,0.357,0.432,0.203,0.073,0.896,0.792,0.123,0.146,0.107,0.051,0.347,0.094,0.085,0.44,0.974,0.962,0.532,0.884,0.007,0.005,0.7,0.001,0.002
D687,0.389,0.496,0.265,0.088,0.934,0.887,0.173,0.172,0.124,0.079,0.388,0.144,0.098,0.599,0.991,0.969,0.548,0.898,0.007,0.005,0.7,0.0,0.0
D688,0.428,0.577,0.331,0.18,0.978,0.94,0.22,0.211,0.169,0.137,0.418,0.269,0.143,0.746,0.996,0.965,0.537,0.885,0.007,0.005,0.7,0.0,0.0
D689,0.308,0.159,0.067,0.007,0.413,0.125,0.006,0.019,0.006,0.043,0.425,0.081,0.015,0.816,0.956,0.994,0.81,0.952,0.015,0.013,0.85,0.0,0.0
D69,0.226,0.092,0.045,0.01,0.069,0.027,0.005,0.021,0.006,0.015,0.309,0.024,0.015,0.242,0.869,0.971,0.583,0.915,0.03,0.021,0.7,0.001,0.001
D690,0.343,0.167,0.075,0.042,0.624,0.414,0.018,0.03,0.013,0.05,0.429,0.101,0.024,0.893,0.975,0.996,0.849,0.965,0.015,0.013,0.85,0.0,0.0
D691,0.41,0.272,0.142,0.051,0.964,0.901,0.093,0.089,0.078,0.09,0.451,0.183,0.066,0.972,0.993,0.996,0.849,0.955,0.015,0.013,0.85,0.0,0.0
D692,0.442,0.382,0.22,0.13,0.996,0.943,0.148,0.139,0.121,0.137,0.462,0.266,0.104,0.988,0.996,0.996,0.849,0.971,0.015,0.013,0.85,0.001,0.001
D693,0.35,0.155,0.083,0.017,0.545,0.431,0.023,0.057,0.031,0.069,0.451,0.133,0.03,0.98,0.994,0.997,0.873,0.958,0.015,0.013,0.85,0.0,0.0
D694,0.357,0.158,0.085,0.012,0.617,0.471,0.025,0.059,0.041,0.075,0.453,0.143,0.025,0.984,0.994,0.997,0.872,0.965,0.015,0.013,0.85,0.0,0.0
D695,0.418,0.252,0.14,0.102,0.991,0.938,0.071,0.098,0.078,0.107,0.459,0.203,0.082,0.99,0.996,0.996,0.852,0.97,0.015,0.013,0.85,0.0,0.001
D696,0.433,0.342,0.202,0.069,0.961,0.898,0.112,0.147,0.129,0.13,0.465,0.26,0.1,0.995,0.996,0.997,0.876,0.969,0.015,0.013,0.85,0.001,0.002
D697,0.347,0.349,0.066,0.012,0.807,0.476,0.004,0.019,0.009,0.037,0.423,0.075,0.019,0.818,0.977,0.989,0.737,0.93,0.015,0.013,0.85,0.0,0.0
D698,0.366,0.342,0.072,0.017,0.901,0.654,0.014,0.037,0.013,0.053,0.428,0.1,0.025,0.856,0.983,0.989,0.744,0.936,0.015,0.013,0.85,0.0,0.0
D699,0.408,0.448,0.137,0.044,0.946,0.845,0.078,0.093,0.08,0.09,0.447,0.178,0.07,0.964,0.993,0.99,0.749,0.936,0.015,0.013,0.85,0.0,0.0
D7,0.439,0.682,0.476,0.05,0.878,0.645,0.145,0.281,0.275,0.154,0.432,0.275,0.197,0.854,0.987,0.968,0.608,0.891,0.03,0.024,0.8,0.0,0.0
D70,0.242,0.095,0.047,0.022,0.421,0.003,0.009,0.015,0.009,0.012,0.309,0.018,0.021,0.212,0.882,0.975,0.593,0.919,0.03,0.021,0.7,0.001,0.004
D700,0.439,0.548,0.213,0.096,0.996,0.937,0.133,0.138,0.125,0.122,0.456,0.248,0.111,0.98,0.995,0.989,0.754,0.93,0.015,0.013,0.85,0.0,0.0
D701,0.377,0.396,0.184,0.017,0.777,0.604,0.104,0.129,0.076,0.07,0.427,0.135,0.053,0.799,0.972,0.991,0.747,0.941,0.015,0.013,0.85,0.0,0.0
D702,0.403,0.406,0.194,0.019,0.951,0.845,0.115,0.139,0.075,0.077,0.435,0.158,0.07,0.872,0.986,0.988,0.735,0.93,0.015,0.013,0.85,0.0,0.0
D703,0.433,0.517,0.275,0.014,0.945,0.854,0.181,0.177,0.116,0.114,0.454,0.225,0.119,0.962,0.995,0.992,0.756,0.944,0.015,0.013,0.85,0.0,0.0
D704,0.456,0.583,0.339,0.032,0.968,0.889,0.216,0.229,0.187,0.14,0.461,0.287,0.154,0.982,0.996,0.992,0.757,0.937,0.015,0.013,0.85,0.0,0.001
D705,0.186,0.047,0.019,0.0,0.004,0.0,0.0,0.0,0.0,0.001,0.21,0.001,0.0,0.035,0.651,0.963,0.563,0.88,0.007,0.005,0.7,0.0,0.0
D706,0.28,0.061,0.026,0.092,0.811,0.677,0.023,0.008,0.007,0.008,0.29,0.014,0.012,0.105,0.922,0.959,0.564,0.876,0.007,0.005,0.7,0.0,0.0
D707,0.343,0.13,0.064,0.228,0.975,0.938,0.118,0.04,0.04,0.039,0.372,0.081,0.036,0.394,0.984,0.96,0.556,0.875,0.007,0.005,0.7,0.0,0.0
D708,0.389,0.255,0.14,0.265,0.993,0.964,0.236,0.095,0.1,0.091,0.408,0.174,0.087,0.618,0.993,0.967,0.574,0.891,0.007,0.005,0.7,0.0,0.0
D709,0.195,0.04,0.02,0.0,0.001,0.0,0.0,0.0,0.0,0.003,0.261,0.006,0.001,0.082,0.841,0.952,0.476,0.894,0.007,0.005,0.7,0.0,0.001
D71,0.348,0.207,0.11,0.086,0.842,0.696,0.101,0.081,0.066,0.069,0.378,0.137,0.057,0.579,0.969,0.98,0.626,0.928,0.03,0.021,0.7,0.0,0.0
D710,0.266,0.044,0.022,0.132,0.778,0.488,0.004,0.002,0.002,0.006,0.269,0.013,0.004,0.088,0.892,0.962,0.511,0.91,0.007,0.005,0.7,0.0,0.001
D711,0.333,0.126,0.067,0.197,0.926,0.873,0.084,0.044,0.046,0.043,0.362,0.082,0.043,0.39,0.982,0.957,0.488,0.907,0.007,0.005,0.7,0.001,0.003
D712,0.386,0.247,0.14,0.261,0.984,0.963,0.177,0.097,0.091,0.092,0.405,0.194,0.097,0.651,0.993,0.962,0.505,0.914,0.007,0.005,0.7,0.001,0.001
D713,0.181,0.12,0.018,0.001,0.158,0.0,0.0,0.0,0.0,0.0,0.203,0.0,0.0,0.042,0.707,0.903,0.422,0.8,0.007,0.004,0.6,0.0,0.0
D714,0.237,0.126,0.022,0.032,0.712,0.434,0.01,0.004,0.001,0.004,0.226,0.008,0.004,0.061,0.85,0.901,0.414,0.799,0.007,0.004,0.6,0.0,0.0
D715,0.325,0.23,0.081,0.137,0.934,0.863,0.134,0.052,0.05,0.05,0.36,0.101,0.046,0.39,0.985,0.908,0.415,0.808,0.007,0.004,0.6,0.0,0.001
D716,0.37,0.333,0.152,0.154,0.963,0.901,0.218,0.107,0.089,0.092,0.396,0.181,0.113,0.6,0.993,0.906,0.404,0.811,0.007,0.005,0.7,0.001,0.003
D717,0.23,0.163,0.067,0.009,0.393,0.121,0.018,0.026,0.011,0.013,0.228,0.024,0.013,0.12,0.819,0.951,0.461,0.904,0.007,0.005,0.7,0.0,0.0
D718,0.282,0.166,0.072,0.079,0.831,0.65,0.038,0.035,0.014,0.015,0.249,0.028,0.013,0.181,0.918,0.957,0.478,0.872,0.007,0.004,0.6,0.001,0.002
D719,0.347,0.267,0.129,0.106,0.938,0.87,0.155,0.076,0.073,0.054,0.364,0.102,0.062,0.446,0.988,0.965,0.502,0.914,0.007,0.004,0.6,0.0,0.0
D72,0.367,0.266,0.144,0.106,0.916,0.788,0.139,0.093,0.069,0.087,0.397,0.173,0.084,0.606,0.976,0.973,0.581,0.915,0.03,0.021,0.7,0.001,0.003
D720,0.401,0.379,0.208,0.196,0.978,0.939,0.25,0.134,0.119,0.118,0.405,0.231,0.128,0.657,0.995,0.962,0.489,0.909,0.007,0.005,0.7,0.0,0.0
D721,0.224,0.045,0.018,0.0,0.0,0.0,0.0,0.0,0.0,0.0,0.331,0.0,0.0,0.281,0.689,0.991,0.771,0.935,0.015,0.013,0.85,0.0,0.0
D722,0.269,0.054,0.023,0.02,0.44,0.002,0.009,0.006,0.004,0.004,0.368,0.007,0.006,0.514,0.853,0.995,0.821,0.958,0.015,0.012,0.8,0.0,0.0
D723,0.39,0.167,0.087,0.054,0.953,0.88,0.151,0.06,0.059,0.062,0.436,0.124,0.056,0.919,0.988,0.995,0.822,0.948,0.015,0.012,0.8,0.0,0.0
D724,0.428,0.275,0.154,0.135,0.996,0.944,0.229,0.105,0.09,0.107,0.454,0.202,0.099,0.978,0.995,0.995,0.823,0.966,0.015,0.013,0.85,0.001,0.001
D725,0.261,0.044,0.022,0.0,0.002,0.0,0.0,0.0,0.0,0.004,0.385,0.009,0.0,0.675,0.918,0.996,0.846,0.964,0.015,0.013,0.85,0.0,0.0
D726,0.276,0.046,0.023,0.009,0.306,0.001,0.002,0.004,0.001,0.007,0.388,0.015,0.001,0.662,0.927,0.996,0.855,0.96,0.015,0.013,0.85,0.0,0.0
D727,0.393,0.148,0.078,0.12,0.991,0.937,0.097,0.054,0.059,0.047,0.43,0.101,0.051,0.894,0.986,0.995,0.804,0.968,0.015,0.013,0.85,0.0,0.001
D728,0.418,0.247,0.139,0.088,0.961,0.898,0.174,0.099,0.103,0.089,0.45,0.185,0.098,0.981,0.993,0.996,0.86,0.966,0.015,0.013,0.85,0.001,0.002
D729,0.232,0.117,0.017,0.001,0.153,0.0,0.0,0.0,0.0,0.001,0.336,0.003,0.0,0.257,0.777,0.984,0.701,0.922,0.015,0.012,0.8,0.0,0.0
D73,0.245,0.135,0.068,0.012,0.272,0.06,0.011,0.027,0.009,0.024,0.323,0.051,0.015,0.2,0.858,0.98,0.686,0.911,0.03,0.021,0.7,0.0,0.001
D730,0.318,0.126,0.024,0.015,0.869,0.671,0.014,0.007,0.007,0.01,0.376,0.022,0.004,0.483,0.932,0.984,0.707,0.922,0.015,0.012,0.8,0.0,0.0
D731,0.384,0.24,0.085,0.039,0.937,0.829,0.13,0.06,0.056,0.065,0.435,0.129,0.064,0.941,0.99,0.986,0.713,0.928,0.015,0.012,0.8,0.0,0.0
D732,0.423,0.356,0.158,0.105,0.996,0.932,0.221,0.11,0.119,0.101,0.447,0.207,0.11,0.969,0.994,0.987,0.734,0.925,0.015,0.012,0.8,0.0,0.0
D733,0.264,0.156,0.064,0.004,0.384,0.051,0.021,0.029,0.013,0.017,0.346,0.032,0.007,0.365,0.846,0.99,0.718,0.944,0.015,0.012,0.8,0.0,0.0
D734,0.321,0.169,0.071,0.012,0.781,0.533,0.035,0.035,0.025,0.025,0.376,0.049,0.013,0.518,0.945,0.988,0.705,0.948,0.015,0.012,0.8,0.0,0.0
D735,0.395,0.282,0.142,0.021,0.947,0.844,0.159,0.092,0.072,0.077,0.438,0.151,0.068,0.905,0.991,0.991,0.731,0.948,0.015,0.012,0.8,0.0,0.0
D736,0.421,0.366,0.203,0.041,0.968,0.89,0.222,0.134,0.115,0.1,0.45,0.203,0.114,0.96,0.994,0.991,0.746,0.947,0.015,0.012,0.8,0.0,0.001
D737,0.157,0.012,0.005,0.0,0.0,0.0,0.0,0.0,0.0,0.0,0.11,0.0,0.0,0.003,0.5,0.941,0.52,0.859,0.007,0.004,0.5,0.0,0.0
D738,0.269,0.027,0.013,0.159,0.811,0.675,0.044,0.008,0.007,0.007,0.287,0.013,0.01,0.107,0.919,0.937,0.518,0.853,0.007,0.004,0.5,0.0,0.0
D739,0.334,0.095,0.048,0.285,0.975,0.938,0.204,0.04,0.037,0.039,0.372,0.081,0.04,0.393,0.984,0.938,0.508,0.851,0.007,0.004,0.5,0.0,0.0
D74,0.3,0.178,0.092,0.023,0.642,0.382,0.035,0.06,0.027,0.037,0.341,0.072,0.024,0.331,0.92,0.979,0.69,0.909,0.03,0.024,0.8,0.0,0.0
D740,0.381,0.219,0.121,0.297,0.993,0.963,0.373,0.094,0.09,0.091,0.408,0.173,0.102,0.618,0.993,0.946,0.515,0.865,0.007,0.004,0.5,0.0,0.0
D741,0.164,0.01,0.005,0.0,0.0,0.0,0.0,0.0,0.0,0.0,0.148,0.0,0.0,0.004,0.739,0.922,0.389,0.869,0.007,0.004,0.5,0.0,0.001
D742,0.237,0.014,0.007,0.194,0.778,0.455,0.006,0.001,0.001,0.002,0.153,0.004,0.001,0.022,0.821,0.935,0.415,0.881,0.007,0.004,0.5,0.0,0.001
D743,0.322,0.098,0.051,0.261,0.926,0.866,0.158,0.043,0.054,0.041,0.358,0.08,0.039,0.374,0.981,0.935,0.407,0.886,0.007,0.004,0.5,0.001,0.003
D744,0.376,0.219,0.122,0.322,0.984,0.963,0.298,0.096,0.099,0.092,0.404,0.192,0.099,0.64,0.993,0.938,0.403,0.891,0.007,0.004,0.5,0.001,0.001
D745,0.133,0.033,0.004,0.0,0.0,0.0,0.0,0.0,0.0,0.0,0.1,0.0,0.0,0.004,0.508,0.85,0.363,0.758,0.007,0.002,0.3,0.0,0.0
D746,0.21,0.039,0.008,0.061,0.712,0.434,0.016,0.004,0.002,0.004,0.188,0.008,0.005,0.042,0.842,0.839,0.347,0.747,0.007,0.002,0.3,0.0,0.0
D747,0.308,0.144,0.065,0.183,0.934,0.863,0.233,0.052,0.066,0.05,0.358,0.101,0.064,0.382,0.985,0.858,0.354,0.765,0.007,0.002,0.3,0.0,0.001
D748,0.349,0.258,0.137,0.218,0.963,0.901,0.348,0.107,0.094,0.092,0.396,0.181,0.109,0.599,0.993,0.858,0.336,0.771,0.007,0.002,0.3,0.001,0.003
D749,0.16,0.046,0.021,0.0,0.0,0.0,0.0,0.0,0.0,0.0,0.125,0.0,0.0,0.013,0.673,0.934,0.409,0.886,0.007,0.003,0.4,0.0,0.0
D75,0.377,0.305,0.165,0.092,0.964,0.734,0.136,0.096,0.057,0.069,0.393,0.146,0.104,0.579,0.966,0.983,0.737,0.909,0.03,0.024,0.8,0.001,0.001
D750,0.249,0.054,0.025,0.136,0.831,0.627,0.017,0.007,0.002,0.004,0.176,0.007,0.001,0.058,0.873,0.94,0.423,0.881,0.007,0.003,0.4,0.001,0.002
D751,0.322,0.151,0.078,0.153,0.943,0.87,0.199,0.051,0.051,0.046,0.356,0.087,0.039,0.378,0.987,0.948,0.438,0.896,0.007,0.003,0.4,0.0,0.0
D752,0.376,0.286,0.162,0.218,0.978,0.933,0.343,0.114,0.111,0.109,0.401,0.216,0.107,0.625,0.994,0.947,0.418,0.9,0.007,0.003,0.4,0.0,0.0
D753,0.186,0.012,0.004,0.0,0.0,0.0,0.0,0.0,0.0,0.0,0.206,0.0,0.0,0.005,0.5,0.986,0.716,0.942,0.015,0.01,0.7,0.0,0.0
D754,0.236,0.021,0.009,0.007,0.44,0.002,0.01,0.004,0.002,0.004,0.279,0.007,0.004,0.246,0.704,0.992,0.793,0.946,0.015,0.01,0.7,0.0,0.0
D755,0.387,0.137,0.072,0.076,0.953,0.88,0.256,0.06,0.051,0.062,0.435,0.124,0.058,0.919,0.988,0.992,0.787,0.938,0.015,0.01,0.7,0.0,0.0
D756,0.422,0.242,0.135,0.142,0.996,0.944,0.341,0.104,0.096,0.106,0.453,0.201,0.108,0.978,0.994,0.992,0.77,0.955,0.015,0.01,0.7,0.001,0.001
D757,0.206,0.011,0.006,0.0,0.0,0.0,0.0,0.0,0.0,0.0,0.269,0.0,0.0,0.051,0.746,0.993,0.779,0.956,0.015,0.01,0.7,0.0,0.0
D758,0.225,0.014,0.007,0.007,0.304,0.0,0.0,0.0,0.0,0.001,0.289,0.001,0.005,0.076,0.782,0.993,0.788,0.952,0.015,0.01,0.7,0.0,0.0
D759,0.382,0.118,0.062,0.142,0.991,0.94,0.172,0.051,0.049,0.042,0.426,0.091,0.048,0.849,0.985,0.992,0.751,0.962,0.015,0.01,0.7,0.0,0.001
D76,0.41,0.41,0.248,0.085,0.955,0.8,0.198,0.173,0.14,0.143,0.423,0.301,0.128,0.749,0.984,0.977,0.659,0.884,0.03,0.021,0.7,0.0,0.0
D760,0.412,0.221,0.122,0.113,0.961,0.898,0.292,0.098,0.105,0.084,0.447,0.178,0.106,0.976,0.993,0.994,0.795,0.962,0.015,0.01,0.7,0.001,0.002
D761,0.177,0.032,0.004,0.0,0.0,0.0,0.0,0.0,0.0,0.0,0.2,0.0,0.0,0.009,0.508,0.975,0.645,0.904,0.015,0.009,0.6,0.0,0.0
D762,0.294,0.046,0.012,0.028,0.869,0.671,0.024,0.007,0.011,0.01,0.359,0.019,0.009,0.349,0.916,0.974,0.649,0.898,0.015,0.009,0.6,0.0,0.0
D763,0.371,0.159,0.071,0.054,0.922,0.817,0.221,0.06,0.048,0.065,0.435,0.129,0.055,0.938,0.99,0.98,0.673,0.914,0.015,0.009,0.6,0.0,0.0
D764,0.413,0.275,0.143,0.118,0.996,0.932,0.351,0.11,0.11,0.101,0.447,0.206,0.119,0.969,0.994,0.981,0.687,0.921,0.015,0.009,0.6,0.0,0.0
D765,0.193,0.045,0.02,0.0,0.001,0.0,0.0,0.0,0.0,0.0,0.227,0.0,0.0,0.042,0.693,0.987,0.669,0.942,0.015,0.009,0.6,0.0,0.0
D766,0.281,0.054,0.025,0.025,0.781,0.489,0.016,0.006,0.002,0.009,0.312,0.016,0.003,0.301,0.925,0.985,0.658,0.949,0.015,0.009,0.6,0.0,0.0
D767,0.372,0.172,0.09,0.033,0.949,0.81,0.209,0.06,0.06,0.065,0.432,0.125,0.066,0.89,0.99,0.987,0.678,0.946,0.015,0.009,0.6,0.0,0.0
D768,0.403,0.271,0.151,0.055,0.968,0.888,0.295,0.108,0.088,0.088,0.446,0.183,0.1,0.954,0.993,0.99,0.705,0.957,0.015,0.009,0.6,0.0,0.001
D769,0.427,0.622,0.432,0.018,0.812,0.549,0.168,0.26,0.218,0.161,0.437,0.313,0.209,0.83,0.984,0.982,0.716,0.921,0.03,0.021,0.7,0.0,0.001
D77,0.331,0.644,0.207,0.06,0.836,0.179,0.1,0.161,0.134,0.033,0.314,0.066,0.101,0.296,0.901,0.974,0.593,0.92,0.03,0.021,0.7,0.0,0.0
D770,0.421,0.603,0.425,0.04,0.812,0.522,0.152,0.242,0.212,0.184,0.44,0.358,0.224,0.83,0.987,0.966,0.622,0.893,0.03,0.021,0.7,0.0,0.0
D771,0.454,0.674,0.493,0.079,0.893,0.728,0.16,0.278,0.224,0.179,0.443,0.364,0.179,0.875,0.988,0.986,0.753,0.935,0.03,0.021,0.7,0.002,0.005
D772,0.501,0.81,0.66,0.201,0.928,0.8,0.232,0.343,0.31,0.216,0.457,0.391,0.301,0.925,0.992,0.99,0.783,0.926,0.03,0.021,0.7,0.0,0.0
D773,0.449,0.65,0.471,0.048,0.937,0.791,0.147,0.248,0.197,0.181,0.455,0.379,0.212,0.904,0.991,0.958,0.586,0.877,0.03,0.024,0.8,0.0,0.001
D774,0.44,0.572,0.388,0.073,0.94,0.809,0.117,0.224,0.143,0.197,0.452,0.364,0.164,0.925,0.991,0.965,0.611,0.88,0.03,0.024,0.8,0.0,0.0
D775,0.468,0.693,0.502,0.076,0.94,0.824,0.149,0.263,0.266,0.2,0.454,0.436,0.221,0.925,0.992,0.97,0.63,0.89,0.03,0.024,0.8,0.001,0.002
D776,0.463,0.644,0.467,0.14,0.955,0.797,0.147,0.242,0.236,0.196,0.452,0.394,0.224,0.931,0.991,0.97,0.658,0.883,0.03,0.024,0.8,0.0,0.001
D777,0.363,0.625,0.217,0.03,0.767,0.469,0.065,0.152,0.101,0.109,0.393,0.233,0.11,0.585,0.967,0.958,0.591,0.858,0.03,0.021,0.7,0.0,0.0
D778,0.372,0.664,0.234,0.048,0.77,0.534,0.071,0.176,0.11,0.104,0.398,0.206,0.113,0.642,0.967,0.953,0.588,0.865,0.03,0.021,0.7,0.0,0.0
D779,0.416,0.731,0.313,0.036,0.872,0.755,0.103,0.2,0.155,0.158,0.418,0.301,0.173,0.755,0.982,0.958,0.594,0.872,0.03,0.021,0.7,0.008,0.022
D78,0.336,0.69,0.225,0.057,0.8,0.257,0.11,0.182,0.107,0.036,0.324,0.069,0.099,0.34,0.914,0.967,0.56,0.909,0.03,0.021,0.7,0.0,0.0
D780,0.428,0.706,0.346,0.07,0.913,0.776,0.137,0.233,0.152,0.145,0.425,0.287,0.146,0.785,0.984,0.977,0.678,0.897,0.03,0.021,0.7,0.0,0.0
D781,0.44,0.784,0.402,0.065,0.952,0.722,0.122,0.242,0.212,0.134,0.427,0.26,0.149,0.821,0.986,0.977,0.658,0.905,0.03,0.024,0.8,0.002,0.006
D782,0.466,0.827,0.549,0.138,0.97,0.806,0.162,0.281,0.251,0.167,0.432,0.296,0.191,0.815,0.988,0.977,0.647,0.906,0.03,0.024,0.8,0.0,0.0
D783,0.477,0.867,0.582,0.13,0.949,0.848,0.177,0.293,0.248,0.175,0.443,0.352,0.23,0.881,0.991,0.971,0.617,0.894,0.03,0.024,0.8,0.0,0.0
D784,0.477,0.849,0.495,0.078,0.97,0.845,0.155,0.275,0.287,0.201,0.446,0.394,0.191,0.86,0.99,0.982,0.686,0.926,0.03,0.024,0.8,0.001,0.002
D785,0.442,0.56,0.361,0.005,0.815,0.364,0.127,0.236,0.182,0.196,0.475,0.412,0.212,0.991,0.991,0.993,0.897,0.952,0.06,0.051,0.85,0.0,0.0
D786,0.45,0.614,0.411,0.007,0.791,0.451,0.154,0.242,0.215,0.194,0.473,0.412,0.173,0.994,0.991,0.992,0.877,0.95,0.06,0.051,0.85,0.001,0.002
D787,0.486,0.668,0.464,0.019,0.958,0.585,0.167,0.287,0.251,0.23,0.477,0.472,0.248,1.0,0.992,0.996,0.929,0.975,0.06,0.051,0.85,0.002,0.005
D788,0.479,0.637,0.423,0.022,0.976,0.764,0.14,0.26,0.263,0.199,0.475,0.394,0.203,1.0,0.992,0.993,0.889,0.946,0.06,0.051,0.85,0.0,0.0
D789,0.458,0.569,0.363,0.013,0.955,0.654,0.107,0.224,0.158,0.199,0.474,0.391,0.23,1.0,0.992,0.992,0.859,0.941,0.06,0.051,0.85,0.001,0.001
D79,0.37,0.657,0.248,0.108,0.893,0.663,0.13,0.173,0.116,0.07,0.349,0.143,0.128,0.448,0.947,0.964,0.55,0.895,0.03,0.018,0.6,0.001,0.001
D790,0.458,0.557,0.347,0.01,0.943,0.701,0.112,0.206,0.203,0.204,0.477,0.412,0.203,1.0,0.992,0.989,0.833,0.933,0.06,0.051,0.85,0.0,0.0
D791,0.47,0.644,0.43,0.016,0.919,0.696,0.135,0.266,0.224,0.191,0.474,0.367,0.209,1.0,0.992,0.993,0.878,0.943,0.06,0.051,0.85,0.001,0.001
D792,0.481,0.701,0.488,0.018,0.961,0.758,0.162,0.26,0.233,0.203,0.476,0.403,0.185,1.0,0.992,0.991,0.858,0.939,0.06,0.051,0.85,0.001,0.002
D793,0.409,0.641,0.216,0.011,0.782,0.475,0.06,0.164,0.119,0.131,0.454,0.272,0.152,0.901,0.977,0.987,0.817,0.929,0.06,0.048,0.8,0.001,0.003
D794,0.41,0.662,0.214,0.009,0.773,0.421,0.06,0.152,0.14,0.13,0.455,0.26,0.137,0.901,0.979,0.993,0.882,0.944,0.06,0.048,0.8,0.0,0.0
D795,0.425,0.678,0.235,0.009,0.904,0.588,0.074,0.176,0.134,0.139,0.459,0.272,0.113,0.973,0.983,0.986,0.792,0.936,0.06,0.048,0.8,0.0,0.0
D796,0.449,0.761,0.304,0.005,0.884,0.591,0.087,0.233,0.197,0.179,0.459,0.328,0.206,0.961,0.985,0.991,0.845,0.934,0.06,0.048,0.8,0.007,0.019
D797,0.472,0.767,0.402,0.016,0.964,0.663,0.114,0.269,0.209,0.172,0.47,0.337,0.176,0.997,0.991,0.994,0.933,0.953,0.06,0.051,0.85,0.001,0.001
D798,0.475,0.792,0.394,0.033,0.973,0.743,0.119,0.263,0.179,0.182,0.472,0.355,0.128,0.997,0.991,0.996,0.928,0.94,0.06,0.051,0.85,0.0,0.0
D799,0.49,0.824,0.503,0.029,0.955,0.693,0.161,0.304,0.23,0.188,0.473,0.361,0.203,0.994,0.991,0.996,0.937,0.968,0.06,0.051,0.85,0.0,0.0
D8,0.445,0.671,0.437,0.067,0.97,0.818,0.131,0.242,0.182,0.179,0.442,0.325,0.137,0.857,0.989,0.968,0.625,0.899,0.03,0.024,0.8,0.001,0.003
D80,0.429,0.793,0.389,0.105,0.899,0.746,0.191,0.26,0.215,0.104,0.392,0.209,0.185,0.687,0.974,0.978,0.628,0.929,0.03,0.021,0.7,0.003,0.008
D800,0.485,0.791,0.444,0.015,0.961,0.693,0.138,0.254,0.2,0.215,0.477,0.415,0.212,1.0,0.993,0.996,0.936,0.965,0.06,0.051,0.85,0.004,0.011
D801,0.326,0.277,0.158,0.009,0.633,0.278,0.063,0.104,0.066,0.087,0.388,0.182,0.063,0.579,0.945,0.977,0.697,0.904,0.03,0.021,0.7,0.0,0.001
D802,0.331,0.279,0.159,0.021,0.63,0.376,0.065,0.116,0.06,0.103,0.392,0.212,0.075,0.615,0.954,0.965,0.623,0.89,0.03,0.021,0.7,0.0,0.0
D803,0.397,0.386,0.234,0.073,0.893,0.734,0.11,0.155,0.113,0.116,0.416,0.245,0.116,0.734,0.979,0.985,0.747,0.934,0.03,0.021,0.7,0.002,0.005
D804,0.447,0.552,0.37,0.154,0.928,0.794,0.201,0.224,0.239,0.158,0.439,0.299,0.203,0.869,0.988,0.987,0.758,0.91,0.03,0.021,0.7,0.0,0.0
D805,0.359,0.287,0.163,0.035,0.74,0.57,0.068,0.113,0.093,0.11,0.415,0.227,0.099,0.701,0.975,0.965,0.586,0.9,0.03,0.024,0.8,0.0,0.001
D806,0.348,0.246,0.137,0.065,0.749,0.552,0.054,0.087,0.051,0.087,0.406,0.179,0.051,0.678,0.971,0.971,0.616,0.902,0.03,0.024,0.8,0.0,0.0
D807,0.4,0.388,0.235,0.077,0.904,0.701,0.116,0.149,0.122,0.137,0.427,0.251,0.137,0.803,0.983,0.975,0.644,0.883,0.03,0.024,0.8,0.001,0.002
D808,0.405,0.387,0.236,0.115,0.925,0.788,0.12,0.179,0.113,0.124,0.428,0.227,0.113,0.806,0.984,0.974,0.637,0.888,0.03,0.024,0.8,0.0,0.001
D809,0.281,0.353,0.069,0.016,0.663,0.137,0.012,0.027,0.015,0.043,0.33,0.096,0.018,0.358,0.885,0.959,0.596,0.859,0.03,0.021,0.7,0.0,0.0
D81,0.274,0.114,0.052,0.001,0.215,0.009,0.0,0.003,0.0,0.024,0.395,0.042,0.0,0.54,0.84,0.991,0.874,0.957,0.06,0.051,0.85,0.002,0.006
D810,0.29,0.38,0.075,0.025,0.666,0.242,0.019,0.042,0.021,0.043,0.335,0.096,0.03,0.361,0.893,0.955,0.588,0.867,0.03,0.021,0.7,0.0,0.0
D811,0.366,0.489,0.15,0.036,0.815,0.66,0.089,0.093,0.069,0.109,0.397,0.212,0.084,0.654,0.975,0.963,0.613,0.873,0.03,0.021,0.7,0.008,0.022
D812,0.386,0.481,0.185,0.087,0.925,0.722,0.129,0.113,0.096,0.119,0.4,0.227,0.084,0.642,0.971,0.979,0.68,0.89,0.03,0.021,0.7,0.0,0.0
D813,0.354,0.508,0.184,0.039,0.863,0.352,0.069,0.128,0.128,0.061,0.382,0.113,0.06,0.603,0.964,0.973,0.607,0.882,0.03,0.024,0.8,0.002,0.006
D814,0.385,0.575,0.272,0.079,0.925,0.534,0.103,0.167,0.164,0.076,0.393,0.149,0.072,0.615,0.97,0.975,0.634,0.903,0.03,0.024,0.8,0.0,0.0
D815,0.423,0.656,0.332,0.104,0.937,0.758,0.145,0.206,0.191,0.103,0.411,0.212,0.131,0.788,0.984,0.975,0.631,0.897,0.03,0.024,0.8,0.0,0.0
D816,0.425,0.667,0.316,0.061,0.913,0.764,0.14,0.2,0.158,0.134,0.424,0.272,0.107,0.812,0.986,0.977,0.646,0.915,0.03,0.024,0.8,0.001,0.002
D817,0.352,0.244,0.132,0.001,0.582,0.11,0.034,0.09,0.084,0.106,0.453,0.194,0.066,0.973,0.974,0.987,0.832,0.933,0.06,0.051,0.85,0.0,0.0
D818,0.363,0.29,0.164,0.003,0.603,0.176,0.071,0.122,0.081,0.119,0.453,0.218,0.057,0.964,0.974,0.987,0.816,0.935,0.06,0.051,0.85,0.001,0.002
D819,0.419,0.385,0.226,0.023,0.958,0.475,0.117,0.149,0.131,0.155,0.462,0.322,0.128,0.991,0.984,0.987,0.826,0.929,0.06,0.051,0.85,0.002,0.005
D82,0.356,0.139,0.068,0.023,0.818,0.561,0.031,0.024,0.018,0.039,0.408,0.081,0.033,0.842,0.926,0.995,0.907,0.957,0.06,0.051,0.85,0.0,0.001
D820,0.421,0.393,0.226,0.016,0.928,0.722,0.104,0.155,0.134,0.128,0.461,0.263,0.093,0.997,0.984,0.983,0.798,0.922,0.06,0.051,0.85,0.0,0.0
D821,0.38,0.237,0.125,0.01,0.764,0.409,0.044,0.084,0.057,0.115,0.457,0.221,0.107,0.988,0.984,0.991,0.858,0.938,0.06,0.051,0.85,0.001,0.001
D822,0.386,0.251,0.133,0.009,0.791,0.496,0.051,0.09,0.06,0.115,0.46,0.224,0.116,0.997,0.984,0.989,0.825,0.938,0.06,0.051,0.85,0.0,0.0
D823,0.41,0.354,0.199,0.019,0.872,0.6,0.089,0.137,0.101,0.151,0.463,0.269,0.087,0.988,0.988,0.989,0.818,0.936,0.06,0.051,0.85,0.001,0.001
D824,0.438,0.444,0.265,0.029,0.949,0.731,0.138,0.179,0.158,0.152,0.465,0.281,0.131,0.994,0.989,0.989,0.832,0.937,0.06,0.051,0.85,0.001,0.002
D825,0.329,0.359,0.068,0.006,0.693,0.03,0.006,0.036,0.021,0.069,0.418,0.137,0.045,0.806,0.922,0.987,0.805,0.93,0.06,0.048,0.8,0.001,0.003
D826,0.346,0.385,0.074,0.005,0.69,0.167,0.015,0.039,0.033,0.085,0.426,0.161,0.06,0.794,0.94,0.993,0.89,0.946,0.06,0.048,0.8,0.0,0.0
D827,0.383,0.42,0.107,0.009,0.922,0.504,0.05,0.075,0.042,0.096,0.443,0.179,0.069,0.937,0.973,0.985,0.77,0.93,0.06,0.048,0.8,0.0,0.0
D828,0.417,0.542,0.165,0.005,0.907,0.579,0.075,0.122,0.063,0.148,0.452,0.284,0.131,0.964,0.982,0.993,0.873,0.943,0.06,0.048,0.8,0.007,0.019
D829,0.408,0.511,0.206,0.009,0.919,0.379,0.063,0.14,0.116,0.099,0.451,0.2,0.06,0.961,0.979,0.996,0.956,0.968,0.06,0.051,0.85,0.001,0.001
D83,0.374,0.233,0.111,0.025,0.973,0.361,0.091,0.06,0.048,0.063,0.433,0.134,0.036,0.934,0.955,0.991,0.877,0.938,0.06,0.051,0.85,0.0,0.0
D830,0.42,0.546,0.203,0.028,0.949,0.543,0.066,0.152,0.116,0.097,0.453,0.188,0.063,0.967,0.981,0.997,0.974,0.959,0.06,0.051,0.85,0.0,0.0
D831,0.45,0.618,0.303,0.025,0.955,0.681,0.123,0.194,0.173,0.128,0.459,0.242,0.146,0.985,0.985,0.997,0.95,0.975,0.06,0.051,0.85,0.0,0.0
D832,0.451,0.611,0.295,0.015,0.946,0.663,0.113,0.203,0.116,0.16,0.466,0.319,0.122,0.994,0.988,0.997,0.956,0.971,0.06,0.051,0.85,0.004,0.011
D833,0.214,0.085,0.044,0.0,0.045,0.006,0.005,0.006,0.003,0.012,0.281,0.018,0.003,0.116,0.743,0.974,0.732,0.892,0.03,0.021,0.7,0.0,0.001
D834,0.229,0.099,0.051,0.004,0.385,0.003,0.01,0.015,0.003,0.018,0.293,0.042,0.009,0.185,0.783,0.95,0.577,0.866,0.03,0.021,0.7,0.0,0.0
D835,0.353,0.223,0.122,0.073,0.845,0.699,0.116,0.09,0.093,0.07,0.387,0.146,0.072,0.537,0.964,0.978,0.691,0.907,0.03,0.021,0.7,0.002,0.005
D836,0.404,0.372,0.221,0.182,0.928,0.794,0.235,0.131,0.122,0.112,0.414,0.212,0.14,0.681,0.98,0.979,0.715,0.909,0.03,0.021,0.7,0.0,0.0
D837,0.219,0.086,0.044,0.006,0.048,0.033,0.0,0.003,0.0,0.013,0.312,0.021,0.0,0.26,0.857,0.961,0.523,0.908,0.03,0.021,0.7,0.0,0.001
D838,0.234,0.078,0.04,0.03,0.346,0.0,0.007,0.012,0.006,0.013,0.31,0.021,0.003,0.248,0.882,0.966,0.535,0.908,0.03,0.021,0.7,0.0,0.0
D839,0.353,0.212,0.117,0.111,0.907,0.701,0.122,0.084,0.066,0.079,0.393,0.14,0.096,0.6,0.972,0.966,0.533,0.92,0.03,0.021,0.7,0.001,0.002
D84,0.409,0.307,0.158,0.041,0.961,0.579,0.13,0.11,0.084,0.096,0.444,0.2,0.134,0.952,0.975,0.994,0.896,0.961,0.06,0.051,0.85,0.001,0.003
D840,0.369,0.262,0.148,0.139,0.919,0.773,0.16,0.119,0.081,0.087,0.402,0.17,0.099,0.687,0.977,0.961,0.491,0.901,0.03,0.021,0.7,0.0,0.001
D841,0.201,0.136,0.018,0.002,0.346,0.0,0.0,0.0,0.0,0.001,0.22,0.0,0.0,0.078,0.607,0.95,0.565,0.845,0.03,0.018,0.6,0.0,0.0
D842,0.207,0.148,0.022,0.002,0.313,0.0,0.002,0.003,0.009,0.003,0.229,0.006,0.003,0.087,0.705,0.951,0.571,0.859,0.03,0.018,0.6,0.0,0.0
D843,0.337,0.275,0.09,0.052,0.815,0.636,0.129,0.06,0.075,0.078,0.38,0.14,0.063,0.546,0.97,0.957,0.597,0.87,0.03,0.018,0.6,0.008,0.022
D844,0.357,0.288,0.122,0.11,0.919,0.707,0.195,0.084,0.075,0.088,0.386,0.17,0.069,0.54,0.965,0.968,0.643,0.869,0.03,0.018,0.6,0.0,0.0
D845,0.248,0.217,0.065,0.012,0.618,0.0,0.011,0.036,0.015,0.007,0.276,0.009,0.009,0.197,0.848,0.96,0.519,0.904,0.03,0.021,0.7,0.002,0.006
D846,0.281,0.272,0.102,0.029,0.77,0.227,0.037,0.057,0.048,0.016,0.289,0.024,0.012,0.227,0.87,0.966,0.554,0.921,0.03,0.021,0.7,0.0,0.0
D847,0.359,0.387,0.167,0.127,0.919,0.666,0.114,0.125,0.069,0.067,0.369,0.122,0.099,0.496,0.967,0.967,0.558,0.921,0.03,0.021,0.7,0.0,0.0
D848,0.385,0.444,0.201,0.085,0.904,0.749,0.151,0.14,0.134,0.103,0.4,0.209,0.101,0.678,0.98,0.971,0.548,0.92,0.03,0.021,0.7,0.001,0.002
D849,0.251,0.075,0.037,0.0,0.012,0.0,0.0,0.0,0.0,0.006,0.384,0.009,0.0,0.561,0.804,0.985,0.82,0.929,0.06,0.048,0.8,0.0,0.0
D85,0.276,0.089,0.043,0.002,0.045,0.0,0.0,0.0,0.0,0.019,0.41,0.039,0.006,0.83,0.917,0.991,0.83,0.943,0.06,0.048,0.8,0.002,0.006
D850,0.284,0.104,0.053,0.001,0.409,0.0,0.016,0.021,0.003,0.025,0.396,0.048,0.009,0.645,0.843,0.988,0.863,0.922,0.06,0.048,0.8,0.001,0.002
D851,0.384,0.217,0.117,0.025,0.946,0.454,0.13,0.078,0.099,0.084,0.437,0.17,0.066,0.952,0.962,0.99,0.876,0.934,0.06,0.048,0.8,0.002,0.005
D852,0.396,0.261,0.139,0.017,0.928,0.693,0.131,0.099,0.107,0.082,0.445,0.164,0.096,0.964,0.969,0.982,0.806,0.92,0.06,0.048,0.8,0.0,0.0
D853,0.267,0.07,0.034,0.002,0.036,0.0,0.0,0.003,0.0,0.021,0.401,0.033,0.0,0.728,0.905,0.989,0.807,0.941,0.06,0.048,0.8,0.001,0.001
D854,0.315,0.093,0.046,0.011,0.573,0.227,0.016,0.012,0.006,0.022,0.408,0.045,0.033,0.86,0.933,0.988,0.801,0.94,0.06,0.048,0.8,0.0,0.0
D855,0.372,0.198,0.103,0.032,0.872,0.585,0.094,0.081,0.072,0.058,0.434,0.104,0.048,0.934,0.967,0.987,0.761,0.933,0.06,0.048,0.8,0.001,0.001
D856,0.402,0.298,0.165,0.036,0.91,0.716,0.165,0.101,0.09,0.094,0.443,0.176,0.072,0.97,0.976,0.988,0.801,0.941,0.06,0.048,0.8,0.001,0.002
D857,0.241,0.136,0.018,0.0,0.307,0.0,0.0,0.0,0.0,0.001,0.331,0.0,0.0,0.304,0.649,0.985,0.782,0.921,0.06,0.045,0.75,0.001,0.003
D858,0.288,0.164,0.028,0.004,0.549,0.081,0.01,0.012,0.009,0.018,0.36,0.033,0.018,0.54,0.877,0.991,0.851,0.935,0.06,0.045,0.75,0.0,0.0
D859,0.35,0.215,0.062,0.008,0.824,0.46,0.068,0.048,0.048,0.049,0.428,0.099,0.03,0.899,0.961,0.981,0.749,0.921,0.06,0.045,0.75,0.0,0.0
D86,0.299,0.1,0.049,0.01,0.424,0.0,0.002,0.009,0.0,0.03,0.413,0.054,0.006,0.848,0.932,0.992,0.855,0.939,0.06,0.048,0.8,0.001,0.002
D860,0.387,0.341,0.115,0.006,0.904,0.504,0.105,0.093,0.081,0.096,0.441,0.185,0.078,0.955,0.977,0.99,0.84,0.928,0.06,0.045,0.75,0.007,0.019
D861,0.311,0.23,0.076,0.003,0.773,0.0,0.011,0.021,0.012,0.016,0.386,0.03,0.018,0.63,0.893,0.992,0.875,0.962,0.06,0.048,0.8,0.001,0.001
D862,0.341,0.263,0.081,0.02,0.803,0.319,0.021,0.039,0.033,0.027,0.388,0.045,0.024,0.699,0.907,0.997,0.954,0.967,0.06,0.048,0.8,0.0,0.0
D863,0.401,0.365,0.158,0.028,0.928,0.639,0.09,0.11,0.075,0.058,0.427,0.122,0.096,0.934,0.964,0.997,0.945,0.972,0.06,0.048,0.8,0.0,0.0
D864,0.41,0.408,0.184,0.017,0.893,0.606,0.097,0.128,0.101,0.109,0.441,0.215,0.122,0.937,0.976,0.997,0.947,0.97,0.06,0.045,0.75,0.004,0.011
D865,0.177,0.022,0.011,0.0,0.0,0.0,0.0,0.0,0.0,0.001,0.155,0.0,0.0,0.006,0.502,0.969,0.704,0.876,0.03,0.018,0.6,0.0,0.001
D866,0.211,0.039,0.02,0.001,0.379,0.048,0.011,0.009,0.0,0.007,0.195,0.018,0.006,0.09,0.669,0.975,0.75,0.873,0.03,0.015,0.5,0.0,0.0
D867,0.34,0.172,0.091,0.111,0.845,0.699,0.184,0.075,0.069,0.063,0.379,0.122,0.066,0.493,0.958,0.976,0.753,0.879,0.03,0.015,0.5,0.002,0.005
D868,0.388,0.302,0.172,0.215,0.928,0.794,0.33,0.119,0.119,0.106,0.409,0.2,0.104,0.648,0.978,0.972,0.724,0.864,0.03,0.015,0.5,0.0,0.0
D869,0.167,0.022,0.011,0.0,0.0,0.0,0.0,0.0,0.0,0.003,0.185,0.0,0.0,0.018,0.75,0.938,0.42,0.883,0.03,0.012,0.4,0.0,0.001
D87,0.373,0.183,0.093,0.019,0.878,0.585,0.067,0.054,0.048,0.075,0.435,0.149,0.063,0.949,0.97,0.987,0.757,0.928,0.06,0.051,0.85,0.0,0.001
D870,0.19,0.025,0.012,0.013,0.334,0.003,0.008,0.003,0.0,0.007,0.186,0.009,0.003,0.084,0.8,0.941,0.429,0.886,0.03,0.012,0.4,0.0,0.0
D871,0.328,0.154,0.083,0.161,0.907,0.701,0.208,0.063,0.075,0.072,0.381,0.122,0.081,0.513,0.968,0.948,0.429,0.899,0.03,0.012,0.4,0.001,0.002
D872,0.354,0.23,0.127,0.199,0.919,0.773,0.274,0.104,0.101,0.087,0.397,0.164,0.087,0.669,0.976,0.941,0.415,0.889,0.03,0.012,0.4,0.0,0.001
D873,0.146,0.041,0.005,0.0,0.0,0.0,0.0,0.0,0.0,0.001,0.119,0.0,0.0,0.009,0.505,0.918,0.478,0.806,0.03,0.009,0.3,0.0,0.0
D874,0.162,0.047,0.008,0.0,0.024,0.0,0.002,0.003,0.0,0.003,0.125,0.006,0.003,0.048,0.634,0.918,0.474,0.821,0.03,0.012,0.4,0.0,0.0
D875,0.314,0.171,0.073,0.072,0.815,0.579,0.22,0.06,0.057,0.076,0.375,0.14,0.066,0.522,0.969,0.924,0.502,0.826,0.03,0.012,0.4,0.008,0.022
D876,0.335,0.206,0.102,0.144,0.919,0.707,0.326,0.081,0.063,0.085,0.383,0.164,0.069,0.516,0.964,0.943,0.532,0.83,0.03,0.009,0.3,0.0,0.0
D877,0.168,0.068,0.019,0.001,0.012,0.0,0.0,0.0,0.0,0.004,0.16,0.0,0.012,0.018,0.75,0.928,0.397,0.872,0.03,0.012,0.4,0.002,0.006
D878,0.202,0.099,0.035,0.011,0.525,0.0,0.021,0.009,0.006,0.013,0.177,0.015,0.015,0.084,0.795,0.928,0.403,0.877,0.03,0.012,0.4,0.0,0.0
D879,0.323,0.221,0.099,0.192,0.919,0.663,0.146,0.066,0.075,0.066,0.359,0.116,0.101,0.427,0.961,0.94,0.419,0.893,0.03,0.012,0.4,0.0,0.0
D88,0.403,0.287,0.158,0.016,0.887,0.594,0.14,0.113,0.087,0.112,0.448,0.209,0.084,0.97,0.981,0.992,0.86,0.958,0.06,0.051,0.85,0.001,0.002
D880,0.355,0.305,0.149,0.14,0.904,0.749,0.217,0.107,0.093,0.101,0.395,0.2,0.107,0.639,0.979,0.948,0.441,0.896,0.03,0.012,0.4,0.001,0.002
D881,0.207,0.02,0.01,0.0,0.0,0.0,0.0,0.0,0.0,0.001,0.262,0.0,0.0,0.03,0.503,0.994,0.937,0.946,0.06,0.045,0.75,0.0,0.0
D882,0.248,0.041,0.021,0.0,0.391,0.0,0.014,0.009,0.003,0.013,0.31,0.024,0.009,0.358,0.693,0.986,0.859,0.915,0.06,0.042,0.7,0.001,0.002
D883,0.375,0.16,0.084,0.029,0.946,0.454,0.207,0.066,0.084,0.073,0.431,0.149,0.09,0.94,0.958,0.989,0.858,0.932,0.06,0.042,0.7,0.002,0.005
D884,0.399,0.224,0.117,0.021,0.928,0.693,0.208,0.099,0.072,0.078,0.442,0.158,0.104,0.958,0.968,0.995,0.963,0.946,0.06,0.042,0.7,0.0,0.0
D885,0.209,0.018,0.009,0.0,0.0,0.0,0.0,0.0,0.0,0.003,0.29,0.0,0.0,0.075,0.754,0.987,0.781,0.941,0.06,0.039,0.65,0.001,0.001
D886,0.259,0.043,0.021,0.015,0.573,0.018,0.011,0.012,0.003,0.012,0.32,0.018,0.021,0.361,0.86,0.984,0.741,0.929,0.06,0.039,0.65,0.0,0.0
D887,0.355,0.151,0.078,0.045,0.872,0.585,0.165,0.066,0.063,0.052,0.421,0.093,0.072,0.836,0.956,0.98,0.691,0.93,0.06,0.039,0.65,0.001,0.001
D888,0.388,0.251,0.136,0.051,0.884,0.642,0.255,0.104,0.087,0.087,0.436,0.164,0.107,0.961,0.972,0.985,0.728,0.942,0.06,0.039,0.65,0.001,0.002
D889,0.186,0.04,0.005,0.0,0.0,0.0,0.0,0.0,0.0,0.001,0.21,0.0,0.0,0.009,0.503,0.978,0.725,0.911,0.06,0.036,0.6,0.001,0.003
D89,0.287,0.146,0.069,0.002,0.179,0.0,0.004,0.018,0.012,0.027,0.414,0.051,0.012,0.773,0.922,0.988,0.803,0.936,0.06,0.051,0.85,0.0,0.0
D890,0.264,0.063,0.015,0.01,0.549,0.063,0.01,0.012,0.003,0.018,0.269,0.033,0.009,0.478,0.864,0.984,0.799,0.923,0.06,0.036,0.6,0.0,0.0
D891,0.328,0.127,0.05,0.013,0.737,0.376,0.115,0.045,0.027,0.045,0.424,0.09,0.048,0.884,0.96,0.973,0.702,0.908,0.06,0.036,0.6,0.0,0.0
D892,0.368,0.239,0.101,0.009,0.878,0.475,0.15,0.09,0.042,0.094,0.437,0.182,0.104,0.922,0.974,0.985,0.787,0.914,0.06,0.036,0.6,0.007,0.019
D893,0.213,0.074,0.023,0.0,0.054,0.0,0.0,0.0,0.0,0.004,0.267,0.0,0.015,0.057,0.755,0.988,0.79,0.954,0.06,0.036,0.6,0.001,0.001
D894,0.279,0.1,0.031,0.019,0.743,0.248,0.008,0.012,0.003,0.013,0.273,0.015,0.018,0.284,0.835,0.994,0.882,0.957,0.06,0.036,0.6,0.0,0.0
D895,0.371,0.211,0.095,0.04,0.928,0.642,0.117,0.066,0.051,0.055,0.415,0.104,0.069,0.884,0.952,0.993,0.871,0.963,0.06,0.036,0.6,0.0,0.0
D896,0.39,0.291,0.137,0.025,0.893,0.606,0.146,0.11,0.087,0.103,0.436,0.209,0.069,0.913,0.973,0.995,0.92,0.964,0.06,0.036,0.6,0.004,0.011
D897,0.346,0.471,0.259,0.001,0.531,0.119,0.055,0.148,0.106,0.101,0.417,0.191,0.152,0.715,0.988,0.973,0.682,0.874,0.015,0.012,0.8,0.0,0.0
D898,0.388,0.473,0.265,0.019,0.837,0.716,0.063,0.155,0.125,0.098,0.419,0.203,0.112,0.76,0.989,0.966,0.656,0.857,0.015,0.012,0.8,0.0,0.001
D899,0.417,0.554,0.325,0.041,0.9,0.803,0.082,0.181,0.157,0.122,0.423,0.237,0.154,0.809,0.991,0.976,0.702,0.88,0.015,0.012,0.8,0.0,0.0
D9,0.424,0.626,0.411,0.047,0.916,0.606,0.163,0.287,0.224,0.13,0.418,0.242,0.09,0.758,0.979,0.98,0.683,0.911,0.03,0.024,0.8,0.0,0.001
D90,0.306,0.148,0.074,0.002,0.433,0.101,0.012,0.036,0.012,0.039,0.416,0.084,0.033,0.725,0.929,0.989,0.852,0.93,0.06,0.048,0.8,0.001,0.001
D900,0.46,0.671,0.437,0.187,0.978,0.89,0.117,0.24,0.212,0.163,0.443,0.328,0.193,0.894,0.994,0.975,0.669,0.893,0.015,0.012,0.8,0.001,0.002
D901,0.413,0.486,0.311,0.053,0.934,0.754,0.084,0.187,0.166,0.14,0.429,0.27,0.167,0.81,0.99,0.972,0.603,0.903,0.015,0.012,0.8,0.0,0.0
D902,0.416,0.497,0.317,0.073,0.958,0.773,0.085,0.181,0.152,0.151,0.429,0.278,0.14,0.807,0.99,0.973,0.616,0.912,0.015,0.012,0.8,0.0,0.0
D903,0.434,0.542,0.361,0.099,0.946,0.866,0.108,0.212,0.185,0.175,0.439,0.33,0.14,0.861,0.993,0.97,0.597,0.896,0.015,0.012,0.8,0.0,0.0
D904,0.476,0.704,0.533,0.156,0.973,0.915,0.16,0.284,0.239,0.193,0.45,0.379,0.21,0.925,0.996,0.978,0.627,0.928,0.015,0.012,0.8,0.001,0.003
D905,0.374,0.574,0.331,0.009,0.812,0.49,0.144,0.221,0.158,0.084,0.391,0.155,0.112,0.576,0.975,0.952,0.546,0.86,0.015,0.012,0.8,0.0,0.0
D906,0.371,0.56,0.341,0.013,0.819,0.563,0.162,0.227,0.191,0.07,0.387,0.133,0.06,0.551,0.974,0.94,0.504,0.83,0.015,0.012,0.8,0.0,0.0
D907,0.418,0.624,0.414,0.051,0.916,0.796,0.189,0.245,0.21,0.11,0.416,0.204,0.143,0.748,0.989,0.946,0.518,0.846,0.015,0.012,0.8,0.001,0.003
D908,0.442,0.663,0.451,0.126,0.955,0.879,0.207,0.266,0.218,0.141,0.428,0.279,0.172,0.799,0.992,0.944,0.525,0.842,0.015,0.012,0.8,0.0,0.0
D909,0.49,0.908,0.74,0.087,0.957,0.9,0.257,0.381,0.328,0.155,0.433,0.275,0.21,0.854,0.994,0.973,0.619,0.887,0.015,0.012,0.8,0.0,0.0
D91,0.381,0.245,0.131,0.014,0.919,0.555,0.08,0.084,0.057,0.069,0.437,0.143,0.048,0.952,0.97,0.987,0.798,0.938,0.06,0.051,0.85,0.0,0.001
D910,0.489,0.884,0.712,0.131,0.927,0.87,0.226,0.39,0.354,0.16,0.435,0.281,0.197,0.873,0.994,0.977,0.632,0.894,0.015,0.012,0.8,0.0,0.0
D911,0.499,0.898,0.743,0.094,0.972,0.913,0.26,0.376,0.407,0.165,0.439,0.325,0.221,0.869,0.995,0.973,0.605,0.888,0.015,0.012,0.8,0.0,0.001
D912,0.502,0.901,0.759,0.116,0.975,0.915,0.228,0.394,0.348,0.186,0.446,0.354,0.252,0.879,0.995,0.971,0.602,0.882,0.015,0.012,0.8,0.001,0.003
D913,0.383,0.491,0.265,0.0,0.531,0.01,0.061,0.157,0.104,0.143,0.469,0.288,0.172,0.996,0.994,0.996,0.891,0.949,0.03,0.025,0.85,0.0,0.001
D914,0.388,0.518,0.264,0.0,0.54,0.1,0.059,0.139,0.118,0.146,0.468,0.296,0.158,0.994,0.994,0.995,0.904,0.933,0.03,0.025,0.85,0.0,0.0
D915,0.437,0.488,0.271,0.014,0.887,0.672,0.068,0.173,0.16,0.151,0.468,0.297,0.149,0.991,0.995,0.998,0.949,0.968,0.03,0.025,0.85,0.0,0.0
D916,0.476,0.675,0.425,0.023,0.949,0.824,0.117,0.228,0.201,0.193,0.476,0.378,0.225,1.0,0.996,0.995,0.899,0.955,0.03,0.025,0.85,0.0,0.0
D917,0.437,0.485,0.297,0.015,0.93,0.664,0.082,0.191,0.169,0.169,0.47,0.328,0.146,0.997,0.995,0.993,0.823,0.96,0.03,0.025,0.85,0.0,0.0
D918,0.443,0.506,0.321,0.02,0.942,0.675,0.09,0.185,0.136,0.181,0.472,0.342,0.148,0.999,0.995,0.996,0.873,0.969,0.03,0.025,0.85,0.0,0.0
D919,0.464,0.568,0.373,0.019,0.948,0.8,0.106,0.231,0.185,0.188,0.474,0.369,0.185,0.997,0.995,0.996,0.891,0.968,0.03,0.025,0.85,0.001,0.004
D92,0.41,0.34,0.183,0.021,0.949,0.636,0.126,0.125,0.113,0.109,0.447,0.221,0.093,0.967,0.976,0.993,0.861,0.946,0.06,0.048,0.8,0.003,0.009
D920,0.479,0.636,0.442,0.053,0.963,0.84,0.127,0.254,0.216,0.193,0.477,0.393,0.19,0.999,0.996,0.996,0.891,0.971,0.03,0.025,0.85,0.0,0.001
D921,0.417,0.556,0.301,0.002,0.819,0.442,0.142,0.216,0.172,0.113,0.451,0.212,0.1,0.909,0.986,0.996,0.908,0.947,0.03,0.025,0.85,0.0,0.0
D922,0.419,0.554,0.316,0.003,0.828,0.464,0.145,0.224,0.173,0.115,0.453,0.222,0.106,0.93,0.987,0.993,0.85,0.94,0.03,0.025,0.85,0.0,0.0
D923,0.448,0.618,0.354,0.008,0.863,0.669,0.157,0.231,0.185,0.138,0.46,0.27,0.131,0.975,0.991,0.998,0.935,0.965,0.03,0.025,0.85,0.0,0.0
D924,0.47,0.692,0.462,0.014,0.943,0.769,0.203,0.281,0.24,0.151,0.464,0.318,0.134,0.994,0.993,0.993,0.841,0.934,0.03,0.025,0.85,0.0,0.001
D925,0.507,0.907,0.705,0.018,0.954,0.794,0.238,0.343,0.322,0.187,0.473,0.357,0.225,0.999,0.996,0.989,0.797,0.935,0.03,0.025,0.85,0.0,0.0
D926,0.515,0.909,0.71,0.03,0.949,0.827,0.234,0.364,0.318,0.194,0.473,0.381,0.218,0.999,0.996,0.995,0.875,0.957,0.03,0.025,0.85,0.0,0.0
D927,0.512,0.841,0.638,0.029,0.985,0.882,0.25,0.346,0.299,0.195,0.474,0.376,0.227,1.0,0.996,0.995,0.884,0.949,0.03,0.025,0.85,0.0,0.0
D928,0.539,0.948,0.846,0.023,0.978,0.846,0.258,0.439,0.388,0.216,0.476,0.424,0.269,1.0,0.996,0.996,0.893,0.957,0.03,0.025,0.85,0.0,0.0
D929,0.276,0.188,0.084,0.0,0.5,0.0,0.011,0.024,0.015,0.032,0.366,0.063,0.019,0.458,0.959,0.974,0.685,0.876,0.015,0.012,0.8,0.0,0.0
D93,0.359,0.606,0.207,0.009,0.836,0.0,0.094,0.167,0.104,0.052,0.397,0.084,0.101,0.681,0.907,0.991,0.843,0.956,0.06,0.045,0.75,0.001,0.002
D930,0.325,0.2,0.093,0.025,0.752,0.673,0.019,0.033,0.013,0.036,0.371,0.072,0.048,0.533,0.97,0.967,0.657,0.859,0.015,0.012,0.8,0.0,0.001
D931,0.366,0.29,0.143,0.058,0.913,0.831,0.06,0.078,0.061,0.061,0.392,0.125,0.066,0.61,0.983,0.977,0.704,0.882,0.015,0.012,0.8,0.0,0.0
D932,0.42,0.439,0.248,0.192,0.978,0.878,0.127,0.142,0.151,0.117,0.425,0.239,0.134,0.797,0.991,0.977,0.681,0.896,0.015,0.012,0.8,0.001,0.002
D933,0.33,0.203,0.11,0.028,0.761,0.545,0.021,0.057,0.046,0.07,0.387,0.133,0.049,0.579,0.973,0.973,0.577,0.915,0.015,0.012,0.8,0.0,0.0
D934,0.333,0.215,0.116,0.046,0.764,0.557,0.028,0.057,0.037,0.061,0.388,0.116,0.042,0.594,0.974,0.975,0.605,0.918,0.015,0.012,0.8,0.0,0.0
D935,0.38,0.303,0.174,0.109,0.912,0.834,0.08,0.115,0.099,0.092,0.411,0.196,0.079,0.719,0.987,0.967,0.552,0.907,0.015,0.012,0.8,0.0,0.0
D936,0.435,0.471,0.304,0.18,0.973,0.907,0.148,0.188,0.178,0.141,0.434,0.273,0.133,0.857,0.993,0.982,0.644,0.932,0.015,0.012,0.8,0.001,0.003
D937,0.276,0.246,0.109,0.006,0.637,0.094,0.034,0.07,0.022,0.034,0.34,0.061,0.025,0.291,0.92,0.952,0.542,0.861,0.015,0.012,0.8,0.0,0.0
D938,0.306,0.261,0.125,0.01,0.819,0.455,0.06,0.075,0.039,0.035,0.344,0.075,0.033,0.346,0.945,0.94,0.508,0.83,0.015,0.012,0.8,0.0,0.0
D939,0.372,0.354,0.192,0.064,0.916,0.799,0.136,0.125,0.091,0.086,0.399,0.164,0.101,0.625,0.985,0.949,0.524,0.85,0.015,0.012,0.8,0.001,0.003
D94,0.367,0.631,0.199,0.006,0.83,0.134,0.084,0.143,0.104,0.049,0.404,0.093,0.096,0.734,0.925,0.991,0.837,0.959,0.06,0.045,0.75,0.0,0.001
D940,0.4,0.437,0.254,0.123,0.955,0.879,0.192,0.166,0.142,0.117,0.42,0.227,0.119,0.74,0.99,0.947,0.526,0.849,0.015,0.01,0.7,0.0,0.0
D941,0.427,0.754,0.48,0.085,0.931,0.818,0.237,0.307,0.246,0.081,0.386,0.145,0.131,0.594,0.98,0.977,0.609,0.897,0.015,0.01,0.7,0.0,0.0
D942,0.435,0.742,0.467,0.147,0.924,0.866,0.217,0.294,0.261,0.09,0.393,0.169,0.137,0.622,0.982,0.983,0.64,0.901,0.015,0.01,0.7,0.0,0.0
D943,0.45,0.779,0.515,0.144,0.972,0.907,0.251,0.297,0.257,0.113,0.407,0.213,0.146,0.715,0.99,0.977,0.608,0.889,0.015,0.01,0.7,0.0,0.001
D944,0.467,0.796,0.57,0.152,0.96,0.91,0.237,0.334,0.29,0.14,0.426,0.279,0.182,0.785,0.993,0.977,0.615,0.898,0.015,0.01,0.7,0.001,0.003
D945,0.328,0.203,0.088,0.0,0.501,0.001,0.009,0.028,0.013,0.069,0.447,0.131,0.036,0.964,0.983,0.995,0.888,0.949,0.03,0.025,0.85,0.0,0.001
D946,0.329,0.218,0.092,0.0,0.51,0.0,0.009,0.022,0.012,0.073,0.448,0.136,0.051,0.955,0.984,0.995,0.902,0.933,0.03,0.025,0.85,0.0,0.0
D947,0.394,0.25,0.121,0.014,0.875,0.658,0.045,0.069,0.057,0.093,0.453,0.178,0.061,0.981,0.989,0.998,0.949,0.967,0.03,0.025,0.85,0.0,0.0
D948,0.441,0.437,0.237,0.027,0.972,0.861,0.116,0.16,0.134,0.139,0.465,0.278,0.115,0.999,0.994,0.995,0.906,0.955,0.03,0.025,0.85,0.0,0.0
D949,0.36,0.203,0.108,0.008,0.746,0.463,0.02,0.046,0.018,0.075,0.452,0.143,0.03,0.967,0.988,0.992,0.804,0.96,0.03,0.025,0.85,0.0,0.0
D95,0.404,0.634,0.224,0.013,0.884,0.46,0.111,0.173,0.099,0.081,0.433,0.17,0.099,0.907,0.969,0.992,0.848,0.947,0.06,0.045,0.75,0.0,0.0
D950,0.378,0.219,0.119,0.011,0.837,0.519,0.029,0.061,0.045,0.093,0.454,0.188,0.06,0.973,0.988,0.995,0.856,0.971,0.03,0.025,0.85,0.0,0.0
D951,0.411,0.304,0.172,0.016,0.925,0.772,0.071,0.104,0.096,0.124,0.46,0.239,0.087,0.991,0.992,0.993,0.819,0.963,0.03,0.025,0.85,0.001,0.004
D952,0.436,0.387,0.231,0.057,0.94,0.825,0.108,0.139,0.116,0.146,0.467,0.304,0.133,0.999,0.994,0.995,0.862,0.97,0.03,0.025,0.85,0.0,0.001
D953,0.325,0.249,0.107,0.002,0.631,0.087,0.036,0.07,0.034,0.045,0.421,0.085,0.025,0.69,0.95,0.995,0.87,0.939,0.03,0.025,0.85,0.0,0.0
D954,0.351,0.252,0.113,0.003,0.788,0.382,0.039,0.073,0.04,0.051,0.424,0.097,0.025,0.782,0.957,0.993,0.85,0.938,0.03,0.025,0.85,0.0,0.0
D955,0.395,0.335,0.158,0.009,0.863,0.643,0.093,0.104,0.049,0.088,0.445,0.169,0.072,0.918,0.984,0.996,0.904,0.955,0.03,0.025,0.85,0.0,0.0
D956,0.427,0.427,0.237,0.016,0.943,0.748,0.17,0.16,0.152,0.112,0.454,0.234,0.091,0.973,0.99,0.993,0.847,0.94,0.03,0.025,0.85,0.0,0.001
D957,0.465,0.752,0.474,0.015,0.943,0.736,0.23,0.3,0.257,0.118,0.454,0.228,0.116,0.951,0.989,0.992,0.824,0.947,0.03,0.025,0.85,0.0,0.0
D958,0.473,0.757,0.472,0.029,0.946,0.787,0.215,0.284,0.242,0.123,0.454,0.246,0.13,0.966,0.99,0.996,0.89,0.969,0.03,0.025,0.85,0.0,0.0
D959,0.475,0.704,0.423,0.041,0.978,0.876,0.22,0.276,0.227,0.137,0.459,0.255,0.148,0.988,0.992,0.994,0.869,0.95,0.03,0.025,0.85,0.0,0.0
D96,0.439,0.736,0.322,0.029,0.943,0.564,0.158,0.227,0.143,0.116,0.444,0.236,0.161,0.919,0.977,0.993,0.864,0.959,0.06,0.045,0.75,0.0,0.001
D960,0.509,0.853,0.642,0.03,0.979,0.837,0.269,0.367,0.312,0.163,0.464,0.31,0.197,0.991,0.994,0.997,0.912,0.969,0.03,0.025,0.85,0.0,0.0
D961,0.204,0.056,0.023,0.0,0.0,0.0,0.0,0.0,0.0,0.002,0.265,0.003,0.0,0.1,0.728,0.968,0.656,0.862,0.015,0.012,0.8,0.0,0.0
D962,0.261,0.069,0.031,0.042,0.657,0.325,0.015,0.007,0.006,0.007,0.28,0.01,0.009,0.137,0.829,0.969,0.662,0.862,0.015,0.012,0.8,0.0,0.001
D963,0.34,0.156,0.076,0.114,0.913,0.837,0.087,0.049,0.042,0.041,0.362,0.084,0.061,0.379,0.967,0.967,0.643,0.863,0.015,0.012,0.8,0.0,0.0
D964,0.407,0.311,0.174,0.26,0.982,0.858,0.198,0.121,0.118,0.104,0.417,0.215,0.112,0.713,0.99,0.977,0.682,0.895,0.015,0.012,0.8,0.001,0.002
D965,0.208,0.062,0.031,0.011,0.028,0.0,0.0,0.0,0.0,0.003,0.284,0.001,0.001,0.2,0.856,0.961,0.504,0.906,0.015,0.01,0.7,0.0,0.0
D966,0.243,0.075,0.038,0.05,0.439,0.148,0.012,0.009,0.003,0.011,0.3,0.019,0.009,0.227,0.907,0.962,0.51,0.911,0.015,0.01,0.7,0.0,0.0
D967,0.336,0.178,0.095,0.151,0.912,0.815,0.102,0.063,0.049,0.049,0.367,0.099,0.067,0.407,0.973,0.956,0.488,0.896,0.015,0.01,0.7,0.0,0.0
D968,0.398,0.334,0.198,0.22,0.973,0.918,0.205,0.122,0.118,0.104,0.411,0.212,0.109,0.673,0.99,0.972,0.538,0.919,0.015,0.01,0.7,0.001,0.003
D969,0.19,0.074,0.03,0.0,0.063,0.0,0.0,0.0,0.0,0.001,0.227,0.003,0.0,0.031,0.654,0.954,0.545,0.866,0.015,0.01,0.7,0.0,0.0
D97,0.175,0.03,0.015,0.0,0.0,0.0,0.0,0.0,0.0,0.001,0.177,0.0,0.0,0.018,0.515,0.96,0.595,0.88,0.03,0.018,0.6,0.001,0.001
D970,0.225,0.093,0.041,0.004,0.399,0.091,0.03,0.013,0.01,0.005,0.272,0.01,0.009,0.119,0.852,0.939,0.511,0.828,0.015,0.01,0.7,0.0,0.0
D971,0.343,0.2,0.104,0.071,0.916,0.799,0.182,0.067,0.069,0.051,0.382,0.104,0.058,0.512,0.98,0.949,0.527,0.848,0.015,0.01,0.7,0.001,0.003
D972,0.386,0.303,0.172,0.129,0.955,0.878,0.279,0.115,0.125,0.098,0.409,0.187,0.13,0.678,0.988,0.949,0.522,0.848,0.015,0.01,0.7,0.0,0.0
D973,0.33,0.59,0.225,0.048,0.749,0.367,0.148,0.172,0.16,0.027,0.291,0.046,0.066,0.264,0.902,0.978,0.583,0.92,0.015,0.01,0.7,0.0,0.0
D974,0.357,0.598,0.23,0.142,0.834,0.751,0.144,0.173,0.113,0.028,0.304,0.048,0.087,0.281,0.927,0.977,0.576,0.924,0.015,0.01,0.7,0.0,0.0
D975,0.4,0.652,0.284,0.127,0.952,0.849,0.202,0.194,0.158,0.07,0.374,0.148,0.127,0.491,0.98,0.976,0.571,0.924,0.015,0.01,0.7,0.0,0.001
D976,0.428,0.692,0.347,0.145,0.943,0.882,0.214,0.243,0.21,0.11,0.405,0.218,0.145,0.652,0.989,0.979,0.595,0.923,0.015,0.01,0.7,0.001,0.003
D977,0.258,0.062,0.024,0.0,0.0,0.0,0.0,0.0,0.0,0.004,0.387,0.006,0.001,0.625,0.853,0.993,0.873,0.936,0.03,0.025,0.85,0.0,0.001
D978,0.261,0.068,0.027,0.0,0.07,0.0,0.0,0.0,0.0,0.007,0.386,0.012,0.001,0.631,0.857,0.993,0.871,0.922,0.03,0.025,0.85,0.0,0.0
D979,0.371,0.135,0.065,0.021,0.875,0.654,0.069,0.043,0.03,0.043,0.43,0.087,0.039,0.897,0.975,0.997,0.932,0.963,0.03,0.025,0.85,0.0,0.0
D98,0.179,0.031,0.014,0.0,0.0,0.0,0.0,0.0,0.0,0.001,0.178,0.0,0.0,0.015,0.512,0.959,0.598,0.875,0.03,0.021,0.7,0.002,0.005
D980,0.422,0.304,0.16,0.04,0.972,0.851,0.165,0.113,0.104,0.102,0.451,0.203,0.11,0.973,0.988,0.995,0.889,0.95,0.03,0.025,0.85,0.0,0.0
D981,0.26,0.062,0.031,0.003,0.03,0.0,0.0,0.0,0.0,0.007,0.394,0.018,0.0,0.688,0.916,0.988,0.723,0.949,0.03,0.025,0.85,0.0,0.0
D982,0.296,0.073,0.037,0.015,0.478,0.151,0.007,0.007,0.006,0.013,0.4,0.027,0.003,0.73,0.939,0.992,0.772,0.961,0.03,0.025,0.85,0.0,0.0
D983,0.378,0.166,0.088,0.025,0.925,0.767,0.088,0.054,0.036,0.06,0.429,0.112,0.036,0.942,0.976,0.99,0.757,0.946,0.03,0.025,0.85,0.001,0.004
D984,0.409,0.255,0.142,0.076,0.94,0.839,0.145,0.099,0.072,0.093,0.448,0.194,0.082,0.969,0.989,0.993,0.804,0.961,0.03,0.025,0.85,0.0,0.001
D985,0.229,0.079,0.03,0.0,0.058,0.0,0.0,0.0,0.0,0.004,0.341,0.007,0.0,0.191,0.716,0.993,0.836,0.934,0.03,0.024,0.8,0.0,0.0
D986,0.271,0.085,0.034,0.002,0.648,0.06,0.011,0.003,0.003,0.004,0.346,0.007,0.003,0.354,0.785,0.993,0.841,0.935,0.03,0.024,0.8,0.0,0.0
D987,0.368,0.174,0.08,0.01,0.863,0.645,0.117,0.051,0.058,0.052,0.426,0.1,0.042,0.852,0.974,0.994,0.867,0.939,0.03,0.024,0.8,0.0,0.0
D988,0.405,0.274,0.147,0.02,0.943,0.746,0.225,0.094,0.082,0.081,0.444,0.173,0.096,0.96,0.986,0.993,0.855,0.938,0.03,0.024,0.8,0.0,0.001
D989,0.367,0.609,0.234,0.009,0.733,0.264,0.148,0.187,0.142,0.043,0.392,0.085,0.079,0.57,0.919,0.994,0.854,0.968,0.03,0.024,0.8,0.0,0.0
D99,0.344,0.153,0.079,0.216,0.913,0.8,0.179,0.06,0.066,0.046,0.362,0.09,0.078,0.424,0.944,0.955,0.579,0.872,0.03,0.021,0.7,0.0,0.001
D990,0.375,0.61,0.229,0.017,0.748,0.345,0.14,0.178,0.116,0.042,0.397,0.079,0.07,0.604,0.94,0.997,0.912,0.973,0.03,0.024,0.8,0.0,0.0
D991,0.427,0.604,0.23,0.045,0.963,0.848,0.155,0.17,0.121,0.069,0.428,0.124,0.087,0.903,0.979,0.994,0.851,0.961,0.03,0.024,0.8,0.0,0.0
D992,0.461,0.727,0.378,0.036,0.964,0.81,0.239,0.239,0.224,0.097,0.445,0.181,0.131,0.957,0.989,0.997,0.908,0.975,0.03,0.024,0.8,0.0,0.0
D993,0.168,0.015,0.006,0.0,0.0,0.0,0.0,0.0,0.0,0.001,0.154,0.0,0.0,0.01,0.501,0.932,0.52,0.826,0.015,0.01,0.7,0.0,0.0
D994,0.225,0.027,0.013,0.065,0.643,0.149,0.026,0.006,0.004,0.006,0.242,0.009,0.004,0.073,0.765,0.91,0.477,0.795,0.015,0.01,0.7,0.0,0.001
D995,0.325,0.112,0.057,0.149,0.913,0.837,0.154,0.046,0.04,0.04,0.36,0.081,0.03,0.357,0.966,0.933,0.519,0.83,0.015,0.01,0.7,0.0,0.0
D996,0.396,0.269,0.152,0.28,0.978,0.854,0.323,0.115,0.113,0.102,0.416,0.21,0.128,0.71,0.989,0.95,0.535,0.867,0.015,0.01,0.7,0.001,0.002
D997,0.174,0.017,0.008,0.0,0.0,0.0,0.0,0.0,0.0,0.001,0.17,0.0,0.0,0.024,0.74,0.938,0.425,0.885,0.015,0.009,0.6,0.0,0.0
D998,0.217,0.03,0.015,0.108,0.439,0.088,0.024,0.007,0.004,0.009,0.198,0.015,0.01,0.1,0.84,0.936,0.428,0.895,0.015,0.009,0.6,0.0,0.0
D999,0.33,0.137,0.072,0.246,0.912,0.857,0.178,0.058,0.064,0.05,0.359,0.1,0.055,0.363,0.97,0.933,0.414,0.877,0.015,0.009,0.6,0.0,0.0
