Dataset,Synthesizer,Repetition,Classifier,EvalType,Property,Score
D1,,,LR,base_utility,accuracy,0.6848484848484848
D1,,,LR,base_utility,macro_f1,0.6834415584415585
D1,,,DT,base_utility,accuracy,0.8121212121212121
D1,,,DT,base_utility,macro_f1,0.8114285714285714
D1,,,RF,base_utility,accuracy,0.8727272727272727
D1,,,RF,base_utility,macro_f1,0.8718043582818453
D10,,,LR,base_utility,accuracy,0.7212121212121212
D10,,,LR,base_utility,macro_f1,0.7194707273802483
D10,,,DT,base_utility,accuracy,0.8181818181818182
D10,,,DT,base_utility,macro_f1,0.8180147058823529
D10,,,RF,base_utility,accuracy,0.8666666666666667
D10,,,RF,base_utility,macro_f1,0.8665441176470589
D100,,,LR,base_utility,accuracy,0.896969696969697
D100,,,LR,base_utility,macro_f1,0.8969091109559337
D100,,,DT,base_utility,accuracy,0.8242424242424242
D100,,,DT,base_utility,macro_f1,0.8242424242424242
D100,,,RF,base_utility,accuracy,0.896969696969697
D100,,,RF,base_utility,macro_f1,0.8969091109559337
D1000,,,LR,base_utility,accuracy,0.9242424242424242
D1000,,,LR,base_utility,macro_f1,0.924124674655802
D1000,,,DT,base_utility,accuracy,0.8
D1000,,,DT,base_utility,macro_f1,0.799639387695025
D1000,,,RF,base_utility,accuracy,0.9212121212121213
D1000,,,RF,base_utility,macro_f1,0.9210700618192522
D1001,,,LR,base_utility,accuracy,1.0
D1001,,,LR,base_utility,macro_f1,1.0
D1001,,,DT,base_utility,accuracy,0.996969696969697
D1001,,,DT,base_utility,macro_f1,0.9969690011481056
D1001,,,RF,base_utility,accuracy,1.0
D1001,,,RF,base_utility,macro_f1,1.0
D1002,,,LR,base_utility,accuracy,0.996969696969697
D1002,,,LR,base_utility,macro_f1,0.9969616337203413
D1002,,,DT,base_utility,accuracy,0.9848484848484849
D1002,,,DT,base_utility,macro_f1,0.9847868779907615
D1002,,,RF,base_utility,accuracy,0.996969696969697
D1002,,,RF,base_utility,macro_f1,0.9969616337203413
D1003,,,LR,base_utility,accuracy,0.9575757575757575
D1003,,,LR,base_utility,macro_f1,0.9573501717071009
D1003,,,DT,base_utility,accuracy,0.8757575757575757
D1003,,,DT,base_utility,macro_f1,0.8755003450655625
D1003,,,RF,base_utility,accuracy,0.9575757575757575
D1003,,,RF,base_utility,macro_f1,0.9573501717071009
D1004,,,LR,base_utility,accuracy,0.896969696969697
D1004,,,LR,base_utility,macro_f1,0.896969696969697
D1004,,,DT,base_utility,accuracy,0.7515151515151515
D1004,,,DT,base_utility,macro_f1,0.7513690323054871
D1004,,,RF,base_utility,accuracy,0.8757575757575757
D1004,,,RF,base_utility,macro_f1,0.8757564348616609
D1005,,,LR,base_utility,accuracy,0.9606060606060606
D1005,,,LR,base_utility,macro_f1,0.9606056988585754
D1005,,,DT,base_utility,accuracy,0.9727272727272728
D1005,,,DT,base_utility,macro_f1,0.972727022286706
D1005,,,RF,base_utility,accuracy,0.996969696969697
D1005,,,RF,base_utility,macro_f1,0.9969683328586784
D1006,,,LR,base_utility,accuracy,0.9484848484848485
D1006,,,LR,base_utility,macro_f1,0.9484843754304447
D1006,,,DT,base_utility,accuracy,0.9636363636363636
D1006,,,DT,base_utility,macro_f1,0.9636350279165442
D1006,,,RF,base_utility,accuracy,0.9878787878787879
D1006,,,RF,base_utility,macro_f1,0.9878787878787879
D1007,,,LR,base_utility,accuracy,0.9
D1007,,,LR,base_utility,macro_f1,0.89992556446944
D1007,,,DT,base_utility,accuracy,0.8727272727272727
D1007,,,DT,base_utility,macro_f1,0.8723474801061009
D1007,,,RF,base_utility,accuracy,0.9484848484848485
D1007,,,RF,base_utility,macro_f1,0.9484805906824256
D1008,,,LR,base_utility,accuracy,0.8515151515151516
D1008,,,LR,base_utility,macro_f1,0.8511200522967286
D1008,,,DT,base_utility,accuracy,0.8151515151515152
D1008,,,DT,base_utility,macro_f1,0.8143999114872902
D1008,,,RF,base_utility,accuracy,0.8939393939393939
D1008,,,RF,base_utility,macro_f1,0.8938916500537432
D1009,,,LR,base_utility,accuracy,1.0
D1009,,,LR,base_utility,macro_f1,1.0
D1009,,,DT,base_utility,accuracy,1.0
D1009,,,DT,base_utility,macro_f1,1.0
D1009,,,RF,base_utility,accuracy,1.0
D1009,,,RF,base_utility,macro_f1,1.0
D101,,,LR,base_utility,accuracy,1.0
D101,,,LR,base_utility,macro_f1,1.0
D101,,,DT,base_utility,accuracy,1.0
D101,,,DT,base_utility,macro_f1,1.0
D101,,,RF,base_utility,accuracy,1.0
D101,,,RF,base_utility,macro_f1,1.0
D1010,,,LR,base_utility,accuracy,0.9939393939393939
D1010,,,LR,base_utility,macro_f1,0.9939391713194241
D1010,,,DT,base_utility,accuracy,0.990909090909091
D1010,,,DT,base_utility,macro_f1,0.9909083395321927
D1010,,,RF,base_utility,accuracy,0.9939393939393939
D1010,,,RF,base_utility,macro_f1,0.9939391713194241
D1011,,,LR,base_utility,accuracy,0.9363636363636364
D1011,,,LR,base_utility,macro_f1,0.9363630520023141
D1011,,,DT,base_utility,accuracy,0.8939393939393939
D1011,,,DT,base_utility,macro_f1,0.8939384200038567
D1011,,,RF,base_utility,accuracy,0.9363636363636364
D1011,,,RF,base_utility,macro_f1,0.9363630520023141
D1012,,,LR,base_utility,accuracy,0.9
D1012,,,LR,base_utility,macro_f1,0.899667400657828
D1012,,,DT,base_utility,accuracy,0.803030303030303
D1012,,,DT,base_utility,macro_f1,0.8023751831139038
D1012,,,RF,base_utility,accuracy,0.9030303030303031
D1012,,,RF,base_utility,macro_f1,0.9027409372236959
D1013,,,LR,base_utility,accuracy,1.0
D1013,,,LR,base_utility,macro_f1,1.0
D1013,,,DT,base_utility,accuracy,1.0
D1013,,,DT,base_utility,macro_f1,1.0
D1013,,,RF,base_utility,accuracy,1.0
D1013,,,RF,base_utility,macro_f1,1.0
D1014,,,LR,base_utility,accuracy,0.9939393939393939
D1014,,,LR,base_utility,macro_f1,0.9939385033613755
D1014,,,DT,base_utility,accuracy,0.9848484848484849
D1014,,,DT,base_utility,macro_f1,0.9848450057405281
D1014,,,RF,base_utility,accuracy,0.9939393939393939
D1014,,,RF,base_utility,macro_f1,0.9939385033613755
D1015,,,LR,base_utility,accuracy,0.9484848484848485
D1015,,,LR,base_utility,macro_f1,0.9484616585975324
D1015,,,DT,base_utility,accuracy,0.8939393939393939
D1015,,,DT,base_utility,macro_f1,0.8939150401836969
D1015,,,RF,base_utility,accuracy,0.9484848484848485
D1015,,,RF,base_utility,macro_f1,0.9484616585975324
D1016,,,LR,base_utility,accuracy,0.896969696969697
D1016,,,LR,base_utility,macro_f1,0.8969091109559337
D1016,,,DT,base_utility,accuracy,0.8212121212121212
D1016,,,DT,base_utility,macro_f1,0.8210790395059686
D1016,,,RF,base_utility,accuracy,0.896969696969697
D1016,,,RF,base_utility,macro_f1,0.8969091109559337
D1017,,,LR,base_utility,accuracy,1.0
D1017,,,LR,base_utility,macro_f1,1.0
D1017,,,DT,base_utility,accuracy,1.0
D1017,,,DT,base_utility,macro_f1,1.0
D1017,,,RF,base_utility,accuracy,1.0
D1017,,,RF,base_utility,macro_f1,1.0
D1018,,,LR,base_utility,accuracy,0.9939393939393939
D1018,,,LR,base_utility,macro_f1,0.9939385033613755
D1018,,,DT,base_utility,accuracy,0.9939393939393939
D1018,,,DT,base_utility,macro_f1,0.9939385033613755
D1018,,,RF,base_utility,accuracy,0.9939393939393939
D1018,,,RF,base_utility,macro_f1,0.9939385033613755
D1019,,,LR,base_utility,accuracy,0.9515151515151515
D1019,,,LR,base_utility,macro_f1,0.9515080268910032
D1019,,,DT,base_utility,accuracy,0.9090909090909091
D1019,,,DT,base_utility,macro_f1,0.9089269944068296
D1019,,,RF,base_utility,accuracy,0.9515151515151515
D1019,,,RF,base_utility,macro_f1,0.9515080268910032
D102,,,LR,base_utility,accuracy,0.9939393939393939
D102,,,LR,base_utility,macro_f1,0.9938954456324688
D102,,,DT,base_utility,accuracy,0.9878787878787879
D102,,,DT,base_utility,macro_f1,0.987803075103489
D102,,,RF,base_utility,accuracy,0.9939393939393939
D102,,,RF,base_utility,macro_f1,0.9938954456324688
D1020,,,LR,base_utility,accuracy,0.8727272727272727
D1020,,,LR,base_utility,macro_f1,0.872610294117647
D1020,,,DT,base_utility,accuracy,0.7575757575757576
D1020,,,DT,base_utility,macro_f1,0.7574955908289241
D1020,,,RF,base_utility,accuracy,0.8727272727272727
D1020,,,RF,base_utility,macro_f1,0.872610294117647
D1021,,,LR,base_utility,accuracy,0.9666666666666667
D1021,,,LR,base_utility,macro_f1,0.9666590126291619
D1021,,,DT,base_utility,accuracy,0.9757575757575757
D1021,,,DT,base_utility,macro_f1,0.9757540134455016
D1021,,,RF,base_utility,accuracy,1.0
D1021,,,RF,base_utility,macro_f1,1.0
D1022,,,LR,base_utility,accuracy,0.9515151515151515
D1022,,,LR,base_utility,macro_f1,0.9515133705553922
D1022,,,DT,base_utility,accuracy,0.9606060606060606
D1022,,,DT,base_utility,macro_f1,0.960562240873698
D1022,,,RF,base_utility,accuracy,0.990909090909091
D1022,,,RF,base_utility,macro_f1,0.9909083395321927
D1023,,,LR,base_utility,accuracy,0.8939393939393939
D1023,,,LR,base_utility,macro_f1,0.8939150401836969
D1023,,,DT,base_utility,accuracy,0.8666666666666667
D1023,,,DT,base_utility,macro_f1,0.8666225749559082
D1023,,,RF,base_utility,accuracy,0.9363636363636364
D1023,,,RF,base_utility,macro_f1,0.9363630520023141
D1024,,,LR,base_utility,accuracy,0.8393939393939394
D1024,,,LR,base_utility,macro_f1,0.8393806650687385
D1024,,,DT,base_utility,accuracy,0.7696969696969697
D1024,,,DT,base_utility,macro_f1,0.7696885101381135
D1024,,,RF,base_utility,accuracy,0.8727272727272727
D1024,,,RF,base_utility,macro_f1,0.8726851851851851
D1025,,,LR,base_utility,accuracy,0.9681818181818181
D1025,,,LR,base_utility,macro_f1,0.9681817451371559
D1025,,,DT,base_utility,accuracy,0.9681818181818181
D1025,,,DT,base_utility,macro_f1,0.968172977342191
D1025,,,RF,base_utility,accuracy,0.9772727272727273
D1025,,,RF,base_utility,macro_f1,0.9772722576912746
D1026,,,LR,base_utility,accuracy,0.9636363636363636
D1026,,,LR,base_utility,macro_f1,0.963636029715608
D1026,,,DT,base_utility,accuracy,0.9651515151515152
D1026,,,DT,base_utility,macro_f1,0.9651450338561578
D1026,,,RF,base_utility,accuracy,0.9803030303030303
D1026,,,RF,base_utility,macro_f1,0.9803029850849061
D1027,,,LR,base_utility,accuracy,0.9
D1027,,,LR,base_utility,macro_f1,0.89992556446944
D1027,,,DT,base_utility,accuracy,0.8621212121212121
D1027,,,DT,base_utility,macro_f1,0.862006851408077
D1027,,,RF,base_utility,accuracy,0.9121212121212121
D1027,,,RF,base_utility,macro_f1,0.9121204051460527
D1028,,,LR,base_utility,accuracy,0.8787878787878788
D1028,,,LR,base_utility,macro_f1,0.8780882013391826
D1028,,,DT,base_utility,accuracy,0.7439393939393939
D1028,,,DT,base_utility,macro_f1,0.7439105868199132
D1028,,,RF,base_utility,accuracy,0.8893939393939394
D1028,,,RF,base_utility,macro_f1,0.8889224462883083
D1029,,,LR,base_utility,accuracy,0.8787878787878788
D1029,,,LR,base_utility,macro_f1,0.878747795414462
D1029,,,DT,base_utility,accuracy,0.8924242424242425
D1029,,,DT,base_utility,macro_f1,0.892412140024934
D1029,,,RF,base_utility,accuracy,0.9166666666666666
D1029,,,RF,base_utility,macro_f1,0.9166236003445305
D103,,,LR,base_utility,accuracy,0.9575757575757575
D103,,,LR,base_utility,macro_f1,0.9575757575757575
D103,,,DT,base_utility,accuracy,0.896969696969697
D103,,,DT,base_utility,macro_f1,0.8969545571433819
D103,,,RF,base_utility,accuracy,0.9575757575757575
D103,,,RF,base_utility,macro_f1,0.9575757575757575
D1030,,,LR,base_utility,accuracy,0.8712121212121212
D1030,,,LR,base_utility,macro_f1,0.8712118255551551
D1030,,,DT,base_utility,accuracy,0.8727272727272727
D1030,,,DT,base_utility,macro_f1,0.8726851851851851
D1030,,,RF,base_utility,accuracy,0.9272727272727272
D1030,,,RF,base_utility,macro_f1,0.9272299606747767
D1031,,,LR,base_utility,accuracy,0.8
D1031,,,LR,base_utility,macro_f1,0.7999926535409932
D1031,,,DT,base_utility,accuracy,0.7984848484848485
D1031,,,DT,base_utility,macro_f1,0.7982398275224043
D1031,,,RF,base_utility,accuracy,0.8636363636363636
D1031,,,RF,base_utility,macro_f1,0.8634558093346574
D1032,,,LR,base_utility,accuracy,0.7621212121212121
D1032,,,LR,base_utility,macro_f1,0.7620944504776708
D1032,,,DT,base_utility,accuracy,0.7303030303030303
D1032,,,DT,base_utility,macro_f1,0.7302931237143697
D1032,,,RF,base_utility,accuracy,0.8227272727272728
D1032,,,RF,base_utility,macro_f1,0.8224725558940169
D1033,,,LR,base_utility,accuracy,0.7318181818181818
D1033,,,LR,base_utility,macro_f1,0.7311460469355207
D1033,,,DT,base_utility,accuracy,0.8227272727272728
D1033,,,DT,base_utility,macro_f1,0.8210971871807169
D1033,,,RF,base_utility,accuracy,0.8696969696969697
D1033,,,RF,base_utility,macro_f1,0.8692165898617512
D1034,,,LR,base_utility,accuracy,0.7454545454545455
D1034,,,LR,base_utility,macro_f1,0.7451714025685104
D1034,,,DT,base_utility,accuracy,0.8015151515151515
D1034,,,DT,base_utility,macro_f1,0.8014782363111598
D1034,,,RF,base_utility,accuracy,0.8681818181818182
D1034,,,RF,base_utility,macro_f1,0.8680943049911443
D1035,,,LR,base_utility,accuracy,0.7227272727272728
D1035,,,LR,base_utility,macro_f1,0.7219453237410072
D1035,,,DT,base_utility,accuracy,0.75
D1035,,,DT,base_utility,macro_f1,0.7499535037506975
D1035,,,RF,base_utility,accuracy,0.8257575757575758
D1035,,,RF,base_utility,macro_f1,0.8255072130582217
D1036,,,LR,base_utility,accuracy,0.6787878787878788
D1036,,,LR,base_utility,macro_f1,0.6784305794316918
D1036,,,DT,base_utility,accuracy,0.7151515151515152
D1036,,,DT,base_utility,macro_f1,0.7149840126428755
D1036,,,RF,base_utility,accuracy,0.7893939393939394
D1036,,,RF,base_utility,macro_f1,0.7880270153492102
D1037,,,LR,base_utility,accuracy,0.6181818181818182
D1037,,,LR,base_utility,macro_f1,0.6180555555555556
D1037,,,DT,base_utility,accuracy,0.693939393939394
D1037,,,DT,base_utility,macro_f1,0.6937594178396854
D1037,,,RF,base_utility,accuracy,0.7727272727272727
D1037,,,RF,base_utility,macro_f1,0.7709584578794918
D1038,,,LR,base_utility,accuracy,0.5969696969696969
D1038,,,LR,base_utility,macro_f1,0.5967882702042242
D1038,,,DT,base_utility,accuracy,0.6787878787878788
D1038,,,DT,base_utility,macro_f1,0.6780310003313574
D1038,,,RF,base_utility,accuracy,0.7696969696969697
D1038,,,RF,base_utility,macro_f1,0.7679045706512183
D1039,,,LR,base_utility,accuracy,0.6348484848484849
D1039,,,LR,base_utility,macro_f1,0.6348074048733674
D1039,,,DT,base_utility,accuracy,0.6621212121212121
D1039,,,DT,base_utility,macro_f1,0.6621142310102826
D1039,,,RF,base_utility,accuracy,0.7287878787878788
D1039,,,RF,base_utility,macro_f1,0.7280230215827338
D104,,,LR,base_utility,accuracy,0.8727272727272727
D104,,,LR,base_utility,macro_f1,0.8724273774897832
D104,,,DT,base_utility,accuracy,0.8424242424242424
D104,,,DT,base_utility,macro_f1,0.8417207792207793
D104,,,RF,base_utility,accuracy,0.8787878787878788
D104,,,RF,base_utility,macro_f1,0.8784261715296198
D1040,,,LR,base_utility,accuracy,0.6060606060606061
D1040,,,LR,base_utility,macro_f1,0.6060027184894016
D1040,,,DT,base_utility,accuracy,0.6
D1040,,,DT,base_utility,macro_f1,0.5998677248677249
D1040,,,RF,base_utility,accuracy,0.7090909090909091
D1040,,,RF,base_utility,macro_f1,0.7082228116710876
D1041,,,LR,base_utility,accuracy,0.9666666666666667
D1041,,,LR,base_utility,macro_f1,0.9666418548231467
D1041,,,DT,base_utility,accuracy,0.9666666666666667
D1041,,,DT,base_utility,macro_f1,0.96666391161804
D1041,,,RF,base_utility,accuracy,0.9787878787878788
D1041,,,RF,base_utility,macro_f1,0.9787683823529412
D1042,,,LR,base_utility,accuracy,0.9696969696969697
D1042,,,LR,base_utility,macro_f1,0.9696900114810563
D1042,,,DT,base_utility,accuracy,0.9545454545454546
D1042,,,DT,base_utility,macro_f1,0.9545387752103156
D1042,,,RF,base_utility,accuracy,0.9757575757575757
D1042,,,RF,base_utility,macro_f1,0.9757520091848451
D1043,,,LR,base_utility,accuracy,0.9121212121212121
D1043,,,LR,base_utility,macro_f1,0.9120816529016729
D1043,,,DT,base_utility,accuracy,0.8545454545454545
D1043,,,DT,base_utility,macro_f1,0.85451205510907
D1043,,,RF,base_utility,accuracy,0.9212121212121213
D1043,,,RF,base_utility,macro_f1,0.9211860670194003
D1044,,,LR,base_utility,accuracy,0.8636363636363636
D1044,,,LR,base_utility,macro_f1,0.8636313546870409
D1044,,,DT,base_utility,accuracy,0.7878787878787878
D1044,,,DT,base_utility,macro_f1,0.7875979256316893
D1044,,,RF,base_utility,accuracy,0.8712121212121212
D1044,,,RF,base_utility,macro_f1,0.8711455641688199
D1045,,,LR,base_utility,accuracy,0.8424242424242424
D1045,,,LR,base_utility,macro_f1,0.8422156018978264
D1045,,,DT,base_utility,accuracy,0.9015151515151515
D1045,,,DT,base_utility,macro_f1,0.901464254952627
D1045,,,RF,base_utility,accuracy,0.9075757575757576
D1045,,,RF,base_utility,macro_f1,0.9074820927523043
D1046,,,LR,base_utility,accuracy,0.8515151515151516
D1046,,,LR,base_utility,macro_f1,0.8512474241978216
D1046,,,DT,base_utility,accuracy,0.8787878787878788
D1046,,,DT,base_utility,macro_f1,0.8785693258757727
D1046,,,RF,base_utility,accuracy,0.9121212121212121
D1046,,,RF,base_utility,macro_f1,0.9119846226007302
D1047,,,LR,base_utility,accuracy,0.8272727272727273
D1047,,,LR,base_utility,macro_f1,0.8272330654420207
D1047,,,DT,base_utility,accuracy,0.806060606060606
D1047,,,DT,base_utility,macro_f1,0.8059733029554161
D1047,,,RF,base_utility,accuracy,0.8636363636363636
D1047,,,RF,base_utility,macro_f1,0.8636050516647531
D1048,,,LR,base_utility,accuracy,0.7818181818181819
D1048,,,LR,base_utility,macro_f1,0.7817460317460317
D1048,,,DT,base_utility,accuracy,0.7363636363636363
D1048,,,DT,base_utility,macro_f1,0.7358178053830228
D1048,,,RF,base_utility,accuracy,0.8196969696969697
D1048,,,RF,base_utility,macro_f1,0.8196965557772171
D1049,,,LR,base_utility,accuracy,0.7651515151515151
D1049,,,LR,base_utility,macro_f1,0.764814069774125
D1049,,,DT,base_utility,accuracy,0.796969696969697
D1049,,,DT,base_utility,macro_f1,0.7969529162189712
D1049,,,RF,base_utility,accuracy,0.8681818181818182
D1049,,,RF,base_utility,macro_f1,0.8679268284267836
D105,,,LR,base_utility,accuracy,1.0
D105,,,LR,base_utility,macro_f1,1.0
D105,,,DT,base_utility,accuracy,1.0
D105,,,DT,base_utility,macro_f1,1.0
D105,,,RF,base_utility,accuracy,1.0
D105,,,RF,base_utility,macro_f1,1.0
D1050,,,LR,base_utility,accuracy,0.746969696969697
D1050,,,LR,base_utility,macro_f1,0.7469412307628728
D1050,,,DT,base_utility,accuracy,0.7803030303030303
D1050,,,DT,base_utility,macro_f1,0.7803025259470293
D1050,,,RF,base_utility,accuracy,0.8393939393939394
D1050,,,RF,base_utility,macro_f1,0.839321641509954
D1051,,,LR,base_utility,accuracy,0.693939393939394
D1051,,,LR,base_utility,macro_f1,0.6937115761034378
D1051,,,DT,base_utility,accuracy,0.7439393939393939
D1051,,,DT,base_utility,macro_f1,0.7439246972392815
D1051,,,RF,base_utility,accuracy,0.8136363636363636
D1051,,,RF,base_utility,macro_f1,0.8133685844014024
D1052,,,LR,base_utility,accuracy,0.6833333333333333
D1052,,,LR,base_utility,macro_f1,0.6830124161513378
D1052,,,DT,base_utility,accuracy,0.6742424242424242
D1052,,,DT,base_utility,macro_f1,0.6742416764042158
D1052,,,RF,base_utility,accuracy,0.7787878787878788
D1052,,,RF,base_utility,macro_f1,0.7770662323360387
D1053,,,LR,base_utility,accuracy,0.6151515151515151
D1053,,,LR,base_utility,macro_f1,0.6151515151515151
D1053,,,DT,base_utility,accuracy,0.6696969696969697
D1053,,,DT,base_utility,macro_f1,0.6683539401986004
D1053,,,RF,base_utility,accuracy,0.7287878787878788
D1053,,,RF,base_utility,macro_f1,0.7272846890228278
D1054,,,LR,base_utility,accuracy,0.6121212121212121
D1054,,,LR,base_utility,macro_f1,0.6120642151280262
D1054,,,DT,base_utility,accuracy,0.6530303030303031
D1054,,,DT,base_utility,macro_f1,0.6521607047922837
D1054,,,RF,base_utility,accuracy,0.7287878787878788
D1054,,,RF,base_utility,macro_f1,0.7287125211548662
D1055,,,LR,base_utility,accuracy,0.5893939393939394
D1055,,,LR,base_utility,macro_f1,0.5892345744790793
D1055,,,DT,base_utility,accuracy,0.6287878787878788
D1055,,,DT,base_utility,macro_f1,0.6287802089574853
D1055,,,RF,base_utility,accuracy,0.7106060606060606
D1055,,,RF,base_utility,macro_f1,0.7104139339460753
D1056,,,LR,base_utility,accuracy,0.593939393939394
D1056,,,LR,base_utility,macro_f1,0.5938797252121524
D1056,,,DT,base_utility,accuracy,0.6257575757575757
D1056,,,DT,base_utility,macro_f1,0.6257360959651036
D1056,,,RF,base_utility,accuracy,0.6787878787878788
D1056,,,RF,base_utility,macro_f1,0.6772199204584253
D1057,,,LR,base_utility,accuracy,1.0
D1057,,,LR,base_utility,macro_f1,1.0
D1057,,,DT,base_utility,accuracy,1.0
D1057,,,DT,base_utility,macro_f1,1.0
D1057,,,RF,base_utility,accuracy,1.0
D1057,,,RF,base_utility,macro_f1,1.0
D1058,,,LR,base_utility,accuracy,0.9924242424242424
D1058,,,LR,base_utility,macro_f1,0.9924238076106295
D1058,,,DT,base_utility,accuracy,0.990909090909091
D1058,,,DT,base_utility,macro_f1,0.990908756979136
D1058,,,RF,base_utility,accuracy,0.9924242424242424
D1058,,,RF,base_utility,macro_f1,0.9924238076106295
D1059,,,LR,base_utility,accuracy,0.9303030303030303
D1059,,,LR,base_utility,macro_f1,0.930297269746811
D1059,,,DT,base_utility,accuracy,0.8803030303030303
D1059,,,DT,base_utility,macro_f1,0.8802895642530955
D1059,,,RF,base_utility,accuracy,0.9318181818181818
D1059,,,RF,base_utility,macro_f1,0.9318055010229175
D106,,,LR,base_utility,accuracy,0.9878787878787879
D106,,,LR,base_utility,macro_f1,0.987878342638848
D106,,,DT,base_utility,accuracy,0.9818181818181818
D106,,,DT,base_utility,macro_f1,0.9818181818181818
D106,,,RF,base_utility,accuracy,0.9878787878787879
D106,,,RF,base_utility,macro_f1,0.987878342638848
D1060,,,LR,base_utility,accuracy,0.9106060606060606
D1060,,,LR,base_utility,macro_f1,0.910433136519313
D1060,,,DT,base_utility,accuracy,0.7742424242424243
D1060,,,DT,base_utility,macro_f1,0.7737432674012227
D1060,,,RF,base_utility,accuracy,0.906060606060606
D1060,,,RF,base_utility,macro_f1,0.9058912275537239
D1061,,,LR,base_utility,accuracy,0.9772727272727273
D1061,,,LR,base_utility,macro_f1,0.9772726750979686
D1061,,,DT,base_utility,accuracy,0.9818181818181818
D1061,,,DT,base_utility,macro_f1,0.9818181818181818
D1061,,,RF,base_utility,accuracy,0.9878787878787879
D1061,,,RF,base_utility,macro_f1,0.9878787878787879
D1062,,,LR,base_utility,accuracy,0.9651515151515152
D1062,,,LR,base_utility,macro_f1,0.9651495150088962
D1062,,,DT,base_utility,accuracy,0.9681818181818181
D1062,,,DT,base_utility,macro_f1,0.9681694688710726
D1062,,,RF,base_utility,accuracy,0.9924242424242424
D1062,,,RF,base_utility,macro_f1,0.9924213021121602
D1063,,,LR,base_utility,accuracy,0.8878787878787879
D1063,,,LR,base_utility,macro_f1,0.8877953298596752
D1063,,,DT,base_utility,accuracy,0.8454545454545455
D1063,,,DT,base_utility,macro_f1,0.8453124999999999
D1063,,,RF,base_utility,accuracy,0.9166666666666666
D1063,,,RF,base_utility,macro_f1,0.9166113422357809
D1064,,,LR,base_utility,accuracy,0.85
D1064,,,LR,base_utility,macro_f1,0.8499224806201551
D1064,,,DT,base_utility,accuracy,0.7878787878787878
D1064,,,DT,base_utility,macro_f1,0.7875979256316893
D1064,,,RF,base_utility,accuracy,0.8712121212121212
D1064,,,RF,base_utility,macro_f1,0.8711621359067223
D1065,,,LR,base_utility,accuracy,0.8954545454545455
D1065,,,LR,base_utility,macro_f1,0.8950882212684788
D1065,,,DT,base_utility,accuracy,0.9181818181818182
D1065,,,DT,base_utility,macro_f1,0.9179096914473139
D1065,,,RF,base_utility,accuracy,0.9303030303030303
D1065,,,RF,base_utility,macro_f1,0.9300460829493087
D1066,,,LR,base_utility,accuracy,0.896969696969697
D1066,,,LR,base_utility,macro_f1,0.896961181364851
D1066,,,DT,base_utility,accuracy,0.9075757575757576
D1066,,,DT,base_utility,macro_f1,0.9075704528496815
D1066,,,RF,base_utility,accuracy,0.9484848484848485
D1066,,,RF,base_utility,macro_f1,0.9484730195177957
D1067,,,LR,base_utility,accuracy,0.8575757575757575
D1067,,,LR,base_utility,macro_f1,0.8574920063214377
D1067,,,DT,base_utility,accuracy,0.8075757575757576
D1067,,,DT,base_utility,macro_f1,0.8075010736488675
D1067,,,RF,base_utility,accuracy,0.9015151515151515
D1067,,,RF,base_utility,macro_f1,0.9014769274580818
D1068,,,LR,base_utility,accuracy,0.8090909090909091
D1068,,,LR,base_utility,macro_f1,0.808695652173913
D1068,,,DT,base_utility,accuracy,0.7818181818181819
D1068,,,DT,base_utility,macro_f1,0.7809310430669654
D1068,,,RF,base_utility,accuracy,0.8469696969696969
D1068,,,RF,base_utility,macro_f1,0.8464334833060342
D1069,,,LR,base_utility,accuracy,0.7090909090909091
D1069,,,LR,base_utility,macro_f1,0.7088235294117646
D1069,,,DT,base_utility,accuracy,0.8242424242424242
D1069,,,DT,base_utility,macro_f1,0.8242165974798868
D1069,,,RF,base_utility,accuracy,0.8681818181818182
D1069,,,RF,base_utility,macro_f1,0.8679268284267836
D107,,,LR,base_utility,accuracy,0.9636363636363636
D107,,,LR,base_utility,macro_f1,0.9636243386243386
D107,,,DT,base_utility,accuracy,0.896969696969697
D107,,,DT,base_utility,macro_f1,0.8967269246345864
D107,,,RF,base_utility,accuracy,0.9696969696969697
D107,,,RF,base_utility,macro_f1,0.9696925168068771
D1070,,,LR,base_utility,accuracy,0.6909090909090909
D1070,,,LR,base_utility,macro_f1,0.6903517809832205
D1070,,,DT,base_utility,accuracy,0.8166666666666667
D1070,,,DT,base_utility,macro_f1,0.8164032415656072
D1070,,,RF,base_utility,accuracy,0.8772727272727273
D1070,,,RF,base_utility,macro_f1,0.8766995329527763
D1071,,,LR,base_utility,accuracy,0.7121212121212122
D1071,,,LR,base_utility,macro_f1,0.7120974185194369
D1071,,,DT,base_utility,accuracy,0.7454545454545455
D1071,,,DT,base_utility,macro_f1,0.7453703703703703
D1071,,,RF,base_utility,accuracy,0.8272727272727273
D1071,,,RF,base_utility,macro_f1,0.8272473457991991
D1072,,,LR,base_utility,accuracy,0.6651515151515152
D1072,,,LR,base_utility,macro_f1,0.665144596651446
D1072,,,DT,base_utility,accuracy,0.6848484848484848
D1072,,,DT,base_utility,macro_f1,0.6847066173025511
D1072,,,RF,base_utility,accuracy,0.7757575757575758
D1072,,,RF,base_utility,macro_f1,0.7753532528701795
D1073,,,LR,base_utility,accuracy,0.9984848484848485
D1073,,,LR,base_utility,macro_f1,0.9984845666893982
D1073,,,DT,base_utility,accuracy,0.9984848484848485
D1073,,,DT,base_utility,macro_f1,0.9984845666893982
D1073,,,RF,base_utility,accuracy,0.9984848484848485
D1073,,,RF,base_utility,macro_f1,0.9984845666893982
D1074,,,LR,base_utility,accuracy,0.990909090909091
D1074,,,LR,base_utility,macro_f1,0.990909007428902
D1074,,,DT,base_utility,accuracy,0.9818181818181818
D1074,,,DT,base_utility,macro_f1,0.9818175139582721
D1074,,,RF,base_utility,accuracy,0.990909090909091
D1074,,,RF,base_utility,macro_f1,0.990909007428902
D1075,,,LR,base_utility,accuracy,0.943939393939394
D1075,,,LR,base_utility,macro_f1,0.9439382356384773
D1075,,,DT,base_utility,accuracy,0.8696969696969697
D1075,,,DT,base_utility,macro_f1,0.8696670493685419
D1075,,,RF,base_utility,accuracy,0.943939393939394
D1075,,,RF,base_utility,macro_f1,0.9439382356384773
D1076,,,LR,base_utility,accuracy,0.8893939393939394
D1076,,,LR,base_utility,macro_f1,0.8892594542040264
D1076,,,DT,base_utility,accuracy,0.7666666666666667
D1076,,,DT,base_utility,macro_f1,0.7664929837620269
D1076,,,RF,base_utility,accuracy,0.8893939393939394
D1076,,,RF,base_utility,macro_f1,0.8892350135065233
D1077,,,LR,base_utility,accuracy,0.9696969696969697
D1077,,,LR,base_utility,macro_f1,0.9696498698623208
D1077,,,DT,base_utility,accuracy,0.9696969696969697
D1077,,,DT,base_utility,macro_f1,0.9696744134755879
D1077,,,RF,base_utility,accuracy,0.9848484848484849
D1077,,,RF,base_utility,macro_f1,0.9848345588235294
D1078,,,LR,base_utility,accuracy,0.956060606060606
D1078,,,LR,base_utility,macro_f1,0.956016076882243
D1078,,,DT,base_utility,accuracy,0.9515151515151515
D1078,,,DT,base_utility,macro_f1,0.951493325738854
D1078,,,RF,base_utility,accuracy,0.9742424242424242
D1078,,,RF,base_utility,macro_f1,0.97421632093097
D1079,,,LR,base_utility,accuracy,0.9257575757575758
D1079,,,LR,base_utility,macro_f1,0.9257192075796727
D1079,,,DT,base_utility,accuracy,0.8681818181818182
D1079,,,DT,base_utility,macro_f1,0.8681669884812571
D1079,,,RF,base_utility,accuracy,0.9378787878787879
D1079,,,RF,base_utility,macro_f1,0.9378375460303093
D108,,,LR,base_utility,accuracy,0.8787878787878788
D108,,,LR,base_utility,macro_f1,0.8786764705882353
D108,,,DT,base_utility,accuracy,0.793939393939394
D108,,,DT,base_utility,macro_f1,0.7933244916003537
D108,,,RF,base_utility,accuracy,0.8606060606060606
D108,,,RF,base_utility,macro_f1,0.8605855773116344
D1080,,,LR,base_utility,accuracy,0.8742424242424243
D1080,,,LR,base_utility,macro_f1,0.8741381172183559
D1080,,,DT,base_utility,accuracy,0.7924242424242425
D1080,,,DT,base_utility,macro_f1,0.7923436778731877
D1080,,,RF,base_utility,accuracy,0.8939393939393939
D1080,,,RF,base_utility,macro_f1,0.8937989628158447
D1081,,,LR,base_utility,accuracy,0.9015151515151515
D1081,,,LR,base_utility,macro_f1,0.9014877870115436
D1081,,,DT,base_utility,accuracy,0.9136363636363637
D1081,,,DT,base_utility,macro_f1,0.913531354652459
D1081,,,RF,base_utility,accuracy,0.9318181818181818
D1081,,,RF,base_utility,macro_f1,0.9317729163747298
D1082,,,LR,base_utility,accuracy,0.8909090909090909
D1082,,,LR,base_utility,macro_f1,0.8908599829124215
D1082,,,DT,base_utility,accuracy,0.8984848484848484
D1082,,,DT,base_utility,macro_f1,0.898479021982437
D1082,,,RF,base_utility,accuracy,0.9287878787878788
D1082,,,RF,base_utility,macro_f1,0.9287406015469399
D1083,,,LR,base_utility,accuracy,0.8393939393939394
D1083,,,LR,base_utility,macro_f1,0.8392463235294118
D1083,,,DT,base_utility,accuracy,0.8
D1083,,,DT,base_utility,macro_f1,0.7997351870241642
D1083,,,RF,base_utility,accuracy,0.8727272727272727
D1083,,,RF,base_utility,macro_f1,0.8726980482204363
D1084,,,LR,base_utility,accuracy,0.793939393939394
D1084,,,LR,base_utility,macro_f1,0.7936191150637812
D1084,,,DT,base_utility,accuracy,0.7439393939393939
D1084,,,DT,base_utility,macro_f1,0.7436280515134311
D1084,,,RF,base_utility,accuracy,0.8363636363636363
D1084,,,RF,base_utility,macro_f1,0.836024844720497
D1085,,,LR,base_utility,accuracy,0.7075757575757575
D1085,,,LR,base_utility,macro_f1,0.7073332123270204
D1085,,,DT,base_utility,accuracy,0.8121212121212121
D1085,,,DT,base_utility,macro_f1,0.8119122257053292
D1085,,,RF,base_utility,accuracy,0.8681818181818182
D1085,,,RF,base_utility,macro_f1,0.8678514467988152
D1086,,,LR,base_utility,accuracy,0.7227272727272728
D1086,,,LR,base_utility,macro_f1,0.7226502311248074
D1086,,,DT,base_utility,accuracy,0.8045454545454546
D1086,,,DT,base_utility,macro_f1,0.8044156936075587
D1086,,,RF,base_utility,accuracy,0.8787878787878788
D1086,,,RF,base_utility,macro_f1,0.8787778604292367
D1087,,,LR,base_utility,accuracy,0.6681818181818182
D1087,,,LR,base_utility,macro_f1,0.6680896208542777
D1087,,,DT,base_utility,accuracy,0.7181818181818181
D1087,,,DT,base_utility,macro_f1,0.7181714663532177
D1087,,,RF,base_utility,accuracy,0.8121212121212121
D1087,,,RF,base_utility,macro_f1,0.811981363548645
D1088,,,LR,base_utility,accuracy,0.6863636363636364
D1088,,,LR,base_utility,macro_f1,0.6863283519036807
D1088,,,DT,base_utility,accuracy,0.706060606060606
D1088,,,DT,base_utility,macro_f1,0.7060498089920658
D1088,,,RF,base_utility,accuracy,0.7606060606060606
D1088,,,RF,base_utility,macro_f1,0.760339771463242
D1089,,,LR,base_utility,accuracy,1.0
D1089,,,LR,base_utility,macro_f1,1.0
D1089,,,DT,base_utility,accuracy,1.0
D1089,,,DT,base_utility,macro_f1,1.0
D1089,,,RF,base_utility,accuracy,1.0
D1089,,,RF,base_utility,macro_f1,1.0
D109,,,LR,base_utility,accuracy,0.9636363636363636
D109,,,LR,base_utility,macro_f1,0.9636350279165442
D109,,,DT,base_utility,accuracy,0.9818181818181818
D109,,,DT,base_utility,macro_f1,0.9818181818181818
D109,,,RF,base_utility,accuracy,1.0
D109,,,RF,base_utility,macro_f1,1.0
D1090,,,LR,base_utility,accuracy,0.9924242424242424
D1090,,,LR,base_utility,macro_f1,0.9924238076106295
D1090,,,DT,base_utility,accuracy,0.990909090909091
D1090,,,DT,base_utility,macro_f1,0.990908756979136
D1090,,,RF,base_utility,accuracy,0.9924242424242424
D1090,,,RF,base_utility,macro_f1,0.9924238076106295
D1091,,,LR,base_utility,accuracy,0.9333333333333333
D1091,,,LR,base_utility,macro_f1,0.9333235369751295
D1091,,,DT,base_utility,accuracy,0.8803030303030303
D1091,,,DT,base_utility,macro_f1,0.8802895642530955
D1091,,,RF,base_utility,accuracy,0.9318181818181818
D1091,,,RF,base_utility,macro_f1,0.9318055010229175
D1092,,,LR,base_utility,accuracy,0.9106060606060606
D1092,,,LR,base_utility,macro_f1,0.910433136519313
D1092,,,DT,base_utility,accuracy,0.7742424242424243
D1092,,,DT,base_utility,macro_f1,0.7737432674012227
D1092,,,RF,base_utility,accuracy,0.9075757575757576
D1092,,,RF,base_utility,macro_f1,0.9073969716555609
D1093,,,LR,base_utility,accuracy,1.0
D1093,,,LR,base_utility,macro_f1,1.0
D1093,,,DT,base_utility,accuracy,0.9984848484848485
D1093,,,DT,base_utility,macro_f1,0.9984848171794183
D1093,,,RF,base_utility,accuracy,0.9984848484848485
D1093,,,RF,base_utility,macro_f1,0.9984848171794183
D1094,,,LR,base_utility,accuracy,0.9984848484848485
D1094,,,LR,base_utility,macro_f1,0.998484260422432
D1094,,,DT,base_utility,accuracy,0.990909090909091
D1094,,,DT,base_utility,macro_f1,0.9909070034443168
D1094,,,RF,base_utility,accuracy,0.9984848484848485
D1094,,,RF,base_utility,macro_f1,0.998484260422432
D1095,,,LR,base_utility,accuracy,0.9272727272727272
D1095,,,LR,base_utility,macro_f1,0.9272185923414109
D1095,,,DT,base_utility,accuracy,0.8848484848484849
D1095,,,DT,base_utility,macro_f1,0.8846960167714885
D1095,,,RF,base_utility,accuracy,0.9272727272727272
D1095,,,RF,base_utility,macro_f1,0.9272185923414109
D1096,,,LR,base_utility,accuracy,0.8833333333333333
D1096,,,LR,base_utility,macro_f1,0.8832558791300933
D1096,,,DT,base_utility,accuracy,0.793939393939394
D1096,,,DT,base_utility,macro_f1,0.7936191150637812
D1096,,,RF,base_utility,accuracy,0.8818181818181818
D1096,,,RF,base_utility,macro_f1,0.8817649814884567
D1097,,,LR,base_utility,accuracy,0.9893939393939394
D1097,,,LR,base_utility,macro_f1,0.9893528515690717
D1097,,,DT,base_utility,accuracy,0.9833333333333333
D1097,,,DT,base_utility,macro_f1,0.9832622864270053
D1097,,,RF,base_utility,accuracy,0.9893939393939394
D1097,,,RF,base_utility,macro_f1,0.9893567760707151
D1098,,,LR,base_utility,accuracy,0.996969696969697
D1098,,,LR,base_utility,macro_f1,0.9969692516806877
D1098,,,DT,base_utility,accuracy,0.9818181818181818
D1098,,,DT,base_utility,macro_f1,0.9818166790643854
D1098,,,RF,base_utility,accuracy,0.9939393939393939
D1098,,,RF,base_utility,macro_f1,0.9939385033613755
D1099,,,LR,base_utility,accuracy,0.95
D1099,,,LR,base_utility,macro_f1,0.9499971302301555
D1099,,,DT,base_utility,accuracy,0.8833333333333333
D1099,,,DT,base_utility,macro_f1,0.8832730404823428
D1099,,,RF,base_utility,accuracy,0.9484848484848485
D1099,,,RF,base_utility,macro_f1,0.9484829562151043
D11,,,LR,base_utility,accuracy,0.6484848484848484
D11,,,LR,base_utility,macro_f1,0.6447133947133947
D11,,,DT,base_utility,accuracy,0.7575757575757576
D11,,,DT,base_utility,macro_f1,0.7574955908289241
D11,,,RF,base_utility,accuracy,0.7636363636363637
D11,,,RF,base_utility,macro_f1,0.763601631093641
D110,,,LR,base_utility,accuracy,0.9636363636363636
D110,,,LR,base_utility,macro_f1,0.9636243386243386
D110,,,DT,base_utility,accuracy,0.9757575757575757
D110,,,DT,base_utility,macro_f1,0.9757138651751545
D110,,,RF,base_utility,accuracy,0.9878787878787879
D110,,,RF,base_utility,macro_f1,0.9878676470588236
D1100,,,LR,base_utility,accuracy,0.8954545454545455
D1100,,,LR,base_utility,macro_f1,0.8953274293161346
D1100,,,DT,base_utility,accuracy,0.7727272727272727
D1100,,,DT,base_utility,macro_f1,0.7723174860170738
D1100,,,RF,base_utility,accuracy,0.8984848484848484
D1100,,,RF,base_utility,macro_f1,0.8983146726270549
D1101,,,LR,base_utility,accuracy,0.8469696969696969
D1101,,,LR,base_utility,macro_f1,0.8468906115417743
D1101,,,DT,base_utility,accuracy,0.953030303030303
D1101,,,DT,base_utility,macro_f1,0.953025018884126
D1101,,,RF,base_utility,accuracy,0.9772727272727273
D1101,,,RF,base_utility,macro_f1,0.9772726750979686
D1102,,,LR,base_utility,accuracy,0.8287878787878787
D1102,,,LR,base_utility,macro_f1,0.8285418702224265
D1102,,,DT,base_utility,accuracy,0.943939393939394
D1102,,,DT,base_utility,macro_f1,0.943815442240572
D1102,,,RF,base_utility,accuracy,0.9696969696969697
D1102,,,RF,base_utility,macro_f1,0.969663262210537
D1103,,,LR,base_utility,accuracy,0.8196969696969697
D1103,,,LR,base_utility,macro_f1,0.8196866211329852
D1103,,,DT,base_utility,accuracy,0.8348484848484848
D1103,,,DT,base_utility,macro_f1,0.8347388418854567
D1103,,,RF,base_utility,accuracy,0.9272727272727272
D1103,,,RF,base_utility,macro_f1,0.927256027554535
D1104,,,LR,base_utility,accuracy,0.7727272727272727
D1104,,,LR,base_utility,macro_f1,0.7727084883048185
D1104,,,DT,base_utility,accuracy,0.7545454545454545
D1104,,,DT,base_utility,macro_f1,0.7544890929965556
D1104,,,RF,base_utility,accuracy,0.8727272727272727
D1104,,,RF,base_utility,macro_f1,0.8727261040046281
D1105,,,LR,base_utility,accuracy,1.0
D1105,,,LR,base_utility,macro_f1,1.0
D1105,,,DT,base_utility,accuracy,1.0
D1105,,,DT,base_utility,macro_f1,1.0
D1105,,,RF,base_utility,accuracy,1.0
D1105,,,RF,base_utility,macro_f1,1.0
D1106,,,LR,base_utility,accuracy,0.990909090909091
D1106,,,LR,base_utility,macro_f1,0.990909007428902
D1106,,,DT,base_utility,accuracy,0.9818181818181818
D1106,,,DT,base_utility,macro_f1,0.9818175139582721
D1106,,,RF,base_utility,accuracy,0.990909090909091
D1106,,,RF,base_utility,macro_f1,0.990909007428902
D1107,,,LR,base_utility,accuracy,0.943939393939394
D1107,,,LR,base_utility,macro_f1,0.9439382356384773
D1107,,,DT,base_utility,accuracy,0.8696969696969697
D1107,,,DT,base_utility,macro_f1,0.8696670493685419
D1107,,,RF,base_utility,accuracy,0.943939393939394
D1107,,,RF,base_utility,macro_f1,0.9439382356384773
D1108,,,LR,base_utility,accuracy,0.8909090909090909
D1108,,,LR,base_utility,macro_f1,0.890764647467726
D1108,,,DT,base_utility,accuracy,0.7666666666666667
D1108,,,DT,base_utility,macro_f1,0.7664929837620269
D1108,,,RF,base_utility,accuracy,0.8909090909090909
D1108,,,RF,base_utility,macro_f1,0.890764647467726
D1109,,,LR,base_utility,accuracy,1.0
D1109,,,LR,base_utility,macro_f1,1.0
D1109,,,DT,base_utility,accuracy,1.0
D1109,,,DT,base_utility,macro_f1,1.0
D1109,,,RF,base_utility,accuracy,1.0
D1109,,,RF,base_utility,macro_f1,1.0
D111,,,LR,base_utility,accuracy,0.9151515151515152
D111,,,LR,base_utility,macro_f1,0.9144444444444444
D111,,,DT,base_utility,accuracy,0.9030303030303031
D111,,,DT,base_utility,macro_f1,0.901989901989902
D111,,,RF,base_utility,accuracy,0.9333333333333333
D111,,,RF,base_utility,macro_f1,0.932700507990656
D1110,,,LR,base_utility,accuracy,0.9954545454545455
D1110,,,LR,base_utility,macro_f1,0.9954490186659188
D1110,,,DT,base_utility,accuracy,0.9848484848484849
D1110,,,DT,base_utility,macro_f1,0.9848249349311604
D1110,,,RF,base_utility,accuracy,0.9939393939393939
D1110,,,RF,base_utility,macro_f1,0.9939313693037626
D1111,,,LR,base_utility,accuracy,0.956060606060606
D1111,,,LR,base_utility,macro_f1,0.9560483972820732
D1111,,,DT,base_utility,accuracy,0.8772727272727273
D1111,,,DT,base_utility,macro_f1,0.8772093023255814
D1111,,,RF,base_utility,accuracy,0.9545454545454546
D1111,,,RF,base_utility,macro_f1,0.9545350172215844
D1112,,,LR,base_utility,accuracy,0.896969696969697
D1112,,,LR,base_utility,macro_f1,0.8968750000000001
D1112,,,DT,base_utility,accuracy,0.806060606060606
D1112,,,DT,base_utility,macro_f1,0.8055445581018497
D1112,,,RF,base_utility,accuracy,0.8954545454545455
D1112,,,RF,base_utility,macro_f1,0.8953485967198196
D1113,,,LR,base_utility,accuracy,0.9939393939393939
D1113,,,LR,base_utility,macro_f1,0.9939393382859347
D1113,,,DT,base_utility,accuracy,0.9848484848484849
D1113,,,DT,base_utility,macro_f1,0.9848472325536546
D1113,,,RF,base_utility,accuracy,0.9924242424242424
D1113,,,RF,base_utility,macro_f1,0.9924240858970915
D1114,,,LR,base_utility,accuracy,0.9863636363636363
D1114,,,LR,base_utility,macro_f1,0.9863470559977567
D1114,,,DT,base_utility,accuracy,0.9636363636363636
D1114,,,DT,base_utility,macro_f1,0.9635882158225753
D1114,,,RF,base_utility,accuracy,0.9787878787878788
D1114,,,RF,base_utility,macro_f1,0.9787683823529412
D1115,,,LR,base_utility,accuracy,0.9287878787878788
D1115,,,LR,base_utility,macro_f1,0.9287012924327294
D1115,,,DT,base_utility,accuracy,0.8924242424242425
D1115,,,DT,base_utility,macro_f1,0.8922439068137448
D1115,,,RF,base_utility,accuracy,0.9257575757575758
D1115,,,RF,base_utility,macro_f1,0.9257082867191502
D1116,,,LR,base_utility,accuracy,0.8787878787878788
D1116,,,LR,base_utility,macro_f1,0.8784261715296198
D1116,,,DT,base_utility,accuracy,0.8181818181818182
D1116,,,DT,base_utility,macro_f1,0.8178053830227743
D1116,,,RF,base_utility,accuracy,0.8818181818181818
D1116,,,RF,base_utility,macro_f1,0.8815734989648033
D1117,,,LR,base_utility,accuracy,0.8545454545454545
D1117,,,LR,base_utility,macro_f1,0.8544973544973544
D1117,,,DT,base_utility,accuracy,0.953030303030303
D1117,,,DT,base_utility,macro_f1,0.9529991201692583
D1117,,,RF,base_utility,accuracy,0.9621212121212122
D1117,,,RF,base_utility,macro_f1,0.9621065105608007
D1118,,,LR,base_utility,accuracy,0.8454545454545455
D1118,,,LR,base_utility,macro_f1,0.845419058553387
D1118,,,DT,base_utility,accuracy,0.9575757575757575
D1118,,,DT,base_utility,macro_f1,0.9575695235296279
D1118,,,RF,base_utility,accuracy,0.9666666666666667
D1118,,,RF,base_utility,macro_f1,0.9666666666666667
D1119,,,LR,base_utility,accuracy,0.8257575757575758
D1119,,,LR,base_utility,macro_f1,0.8257379732798226
D1119,,,DT,base_utility,accuracy,0.8545454545454545
D1119,,,DT,base_utility,macro_f1,0.8544973544973544
D1119,,,RF,base_utility,accuracy,0.9015151515151515
D1119,,,RF,base_utility,macro_f1,0.9015040718538128
D112,,,LR,base_utility,accuracy,0.8909090909090909
D112,,,LR,base_utility,macro_f1,0.8891129032258065
D112,,,DT,base_utility,accuracy,0.806060606060606
D112,,,DT,base_utility,macro_f1,0.8034544371649792
D112,,,RF,base_utility,accuracy,0.896969696969697
D112,,,RF,base_utility,macro_f1,0.8951048951048951
D1120,,,LR,base_utility,accuracy,0.7772727272727272
D1120,,,LR,base_utility,macro_f1,0.7772722159600918
D1120,,,DT,base_utility,accuracy,0.7742424242424243
D1120,,,DT,base_utility,macro_f1,0.7740136363949728
D1120,,,RF,base_utility,accuracy,0.8666666666666667
D1120,,,RF,base_utility,macro_f1,0.8666617690273288
D1121,,,LR,base_utility,accuracy,1.0
D1121,,,LR,base_utility,macro_f1,1.0
D1121,,,DT,base_utility,accuracy,1.0
D1121,,,DT,base_utility,macro_f1,1.0
D1121,,,RF,base_utility,accuracy,1.0
D1121,,,RF,base_utility,macro_f1,1.0
D1122,,,LR,base_utility,accuracy,0.9924242424242424
D1122,,,LR,base_utility,macro_f1,0.9924238076106295
D1122,,,DT,base_utility,accuracy,0.990909090909091
D1122,,,DT,base_utility,macro_f1,0.990908756979136
D1122,,,RF,base_utility,accuracy,0.9924242424242424
D1122,,,RF,base_utility,macro_f1,0.9924238076106295
D1123,,,LR,base_utility,accuracy,0.9333333333333333
D1123,,,LR,base_utility,macro_f1,0.9333235369751295
D1123,,,DT,base_utility,accuracy,0.8787878787878788
D1123,,,DT,base_utility,macro_f1,0.8786764705882353
D1123,,,RF,base_utility,accuracy,0.9318181818181818
D1123,,,RF,base_utility,macro_f1,0.9318055010229175
D1124,,,LR,base_utility,accuracy,0.9106060606060606
D1124,,,LR,base_utility,macro_f1,0.910433136519313
D1124,,,DT,base_utility,accuracy,0.7742424242424243
D1124,,,DT,base_utility,macro_f1,0.7737432674012227
D1124,,,RF,base_utility,accuracy,0.9075757575757576
D1124,,,RF,base_utility,macro_f1,0.9073969716555609
D1125,,,LR,base_utility,accuracy,1.0
D1125,,,LR,base_utility,macro_f1,1.0
D1125,,,DT,base_utility,accuracy,1.0
D1125,,,DT,base_utility,macro_f1,1.0
D1125,,,RF,base_utility,accuracy,1.0
D1125,,,RF,base_utility,macro_f1,1.0
D1126,,,LR,base_utility,accuracy,0.9984848484848485
D1126,,,LR,base_utility,macro_f1,0.998484260422432
D1126,,,DT,base_utility,accuracy,0.990909090909091
D1126,,,DT,base_utility,macro_f1,0.9909070034443168
D1126,,,RF,base_utility,accuracy,0.9984848484848485
D1126,,,RF,base_utility,macro_f1,0.998484260422432
D1127,,,LR,base_utility,accuracy,0.9272727272727272
D1127,,,LR,base_utility,macro_f1,0.9272185923414109
D1127,,,DT,base_utility,accuracy,0.8848484848484849
D1127,,,DT,base_utility,macro_f1,0.8846960167714885
D1127,,,RF,base_utility,accuracy,0.9272727272727272
D1127,,,RF,base_utility,macro_f1,0.9272185923414109
D1128,,,LR,base_utility,accuracy,0.8863636363636364
D1128,,,LR,base_utility,macro_f1,0.8863049095607235
D1128,,,DT,base_utility,accuracy,0.793939393939394
D1128,,,DT,base_utility,macro_f1,0.7936191150637812
D1128,,,RF,base_utility,accuracy,0.8833333333333333
D1128,,,RF,base_utility,macro_f1,0.8832730404823428
D1129,,,LR,base_utility,accuracy,1.0
D1129,,,LR,base_utility,macro_f1,1.0
D1129,,,DT,base_utility,accuracy,1.0
D1129,,,DT,base_utility,macro_f1,1.0
D1129,,,RF,base_utility,accuracy,1.0
D1129,,,RF,base_utility,macro_f1,1.0
D113,,,LR,base_utility,accuracy,1.0
D113,,,LR,base_utility,macro_f1,1.0
D113,,,DT,base_utility,accuracy,1.0
D113,,,DT,base_utility,macro_f1,1.0
D113,,,RF,base_utility,accuracy,1.0
D113,,,RF,base_utility,macro_f1,1.0
D1130,,,LR,base_utility,accuracy,0.996969696969697
D1130,,,LR,base_utility,macro_f1,0.9969692516806877
D1130,,,DT,base_utility,accuracy,0.9893939393939394
D1130,,,DT,base_utility,macro_f1,0.9893937202559282
D1130,,,RF,base_utility,accuracy,0.996969696969697
D1130,,,RF,base_utility,macro_f1,0.9969692516806877
D1131,,,LR,base_utility,accuracy,0.9545454545454546
D1131,,,LR,base_utility,macro_f1,0.9545437848956803
D1131,,,DT,base_utility,accuracy,0.8727272727272727
D1131,,,DT,base_utility,macro_f1,0.8725857012842553
D1131,,,RF,base_utility,accuracy,0.953030303030303
D1131,,,RF,base_utility,macro_f1,0.9530293325619675
D1132,,,LR,base_utility,accuracy,0.9090909090909091
D1132,,,LR,base_utility,macro_f1,0.9089897866316108
D1132,,,DT,base_utility,accuracy,0.7833333333333333
D1132,,,DT,base_utility,macro_f1,0.783069889742134
D1132,,,RF,base_utility,accuracy,0.8984848484848484
D1132,,,RF,base_utility,macro_f1,0.8983146726270549
D1133,,,LR,base_utility,accuracy,0.9696969696969697
D1133,,,LR,base_utility,macro_f1,0.9696869488536155
D1133,,,DT,base_utility,accuracy,0.9878787878787879
D1133,,,DT,base_utility,macro_f1,0.9878770067227508
D1133,,,RF,base_utility,accuracy,1.0
D1133,,,RF,base_utility,macro_f1,1.0
D1134,,,LR,base_utility,accuracy,0.9727272727272728
D1134,,,LR,base_utility,macro_f1,0.9726911618669315
D1134,,,DT,base_utility,accuracy,0.9893939393939394
D1134,,,DT,base_utility,macro_f1,0.9893831909715759
D1134,,,RF,base_utility,accuracy,0.9984848484848485
D1134,,,RF,base_utility,macro_f1,0.998483006221973
D1135,,,LR,base_utility,accuracy,0.9196969696969697
D1135,,,LR,base_utility,macro_f1,0.9196436570635707
D1135,,,DT,base_utility,accuracy,0.8878787878787879
D1135,,,DT,base_utility,macro_f1,0.887862312185445
D1135,,,RF,base_utility,accuracy,0.9484848484848485
D1135,,,RF,base_utility,macro_f1,0.9484678130511464
D1136,,,LR,base_utility,accuracy,0.8833333333333333
D1136,,,LR,base_utility,macro_f1,0.8833309228152096
D1136,,,DT,base_utility,accuracy,0.8121212121212121
D1136,,,DT,base_utility,macro_f1,0.8119122257053292
D1136,,,RF,base_utility,accuracy,0.8909090909090909
D1136,,,RF,base_utility,macro_f1,0.8909000743863129
D1137,,,LR,base_utility,accuracy,1.0
D1137,,,LR,base_utility,macro_f1,1.0
D1137,,,DT,base_utility,accuracy,1.0
D1137,,,DT,base_utility,macro_f1,1.0
D1137,,,RF,base_utility,accuracy,1.0
D1137,,,RF,base_utility,macro_f1,1.0
D1138,,,LR,base_utility,accuracy,0.990909090909091
D1138,,,LR,base_utility,macro_f1,0.990909007428902
D1138,,,DT,base_utility,accuracy,0.9818181818181818
D1138,,,DT,base_utility,macro_f1,0.9818175139582721
D1138,,,RF,base_utility,accuracy,0.990909090909091
D1138,,,RF,base_utility,macro_f1,0.990909007428902
D1139,,,LR,base_utility,accuracy,0.943939393939394
D1139,,,LR,base_utility,macro_f1,0.9439382356384773
D1139,,,DT,base_utility,accuracy,0.8787878787878788
D1139,,,DT,base_utility,macro_f1,0.8787700672275083
D1139,,,RF,base_utility,accuracy,0.943939393939394
D1139,,,RF,base_utility,macro_f1,0.9439382356384773
D114,,,LR,base_utility,accuracy,1.0
D114,,,LR,base_utility,macro_f1,1.0
D114,,,DT,base_utility,accuracy,0.9757575757575757
D114,,,DT,base_utility,macro_f1,0.9756852343059239
D114,,,RF,base_utility,accuracy,1.0
D114,,,RF,base_utility,macro_f1,1.0
D1140,,,LR,base_utility,accuracy,0.8909090909090909
D1140,,,LR,base_utility,macro_f1,0.890764647467726
D1140,,,DT,base_utility,accuracy,0.7666666666666667
D1140,,,DT,base_utility,macro_f1,0.7664929837620269
D1140,,,RF,base_utility,accuracy,0.8909090909090909
D1140,,,RF,base_utility,macro_f1,0.8907395315043548
D1141,,,LR,base_utility,accuracy,1.0
D1141,,,LR,base_utility,macro_f1,1.0
D1141,,,DT,base_utility,accuracy,1.0
D1141,,,DT,base_utility,macro_f1,1.0
D1141,,,RF,base_utility,accuracy,1.0
D1141,,,RF,base_utility,macro_f1,1.0
D1142,,,LR,base_utility,accuracy,0.9954545454545455
D1142,,,LR,base_utility,macro_f1,0.9954490186659188
D1142,,,DT,base_utility,accuracy,0.9863636363636363
D1142,,,DT,base_utility,macro_f1,0.9863440427610781
D1142,,,RF,base_utility,accuracy,0.9954545454545455
D1142,,,RF,base_utility,macro_f1,0.9954490186659188
D1143,,,LR,base_utility,accuracy,0.956060606060606
D1143,,,LR,base_utility,macro_f1,0.9560483972820732
D1143,,,DT,base_utility,accuracy,0.8772727272727273
D1143,,,DT,base_utility,macro_f1,0.8772093023255814
D1143,,,RF,base_utility,accuracy,0.956060606060606
D1143,,,RF,base_utility,macro_f1,0.9560483972820732
D1144,,,LR,base_utility,accuracy,0.8954545454545455
D1144,,,LR,base_utility,macro_f1,0.8953485967198196
D1144,,,DT,base_utility,accuracy,0.806060606060606
D1144,,,DT,base_utility,macro_f1,0.8055445581018497
D1144,,,RF,base_utility,accuracy,0.8954545454545455
D1144,,,RF,base_utility,macro_f1,0.8953485967198196
D1145,,,LR,base_utility,accuracy,1.0
D1145,,,LR,base_utility,macro_f1,1.0
D1145,,,DT,base_utility,accuracy,1.0
D1145,,,DT,base_utility,macro_f1,1.0
D1145,,,RF,base_utility,accuracy,1.0
D1145,,,RF,base_utility,macro_f1,1.0
D1146,,,LR,base_utility,accuracy,0.9924242424242424
D1146,,,LR,base_utility,macro_f1,0.9924165649796971
D1146,,,DT,base_utility,accuracy,0.9833333333333333
D1146,,,DT,base_utility,macro_f1,0.9833164429553336
D1146,,,RF,base_utility,accuracy,0.9924242424242424
D1146,,,RF,base_utility,macro_f1,0.9924165649796971
D1147,,,LR,base_utility,accuracy,0.9393939393939394
D1147,,,LR,base_utility,macro_f1,0.939326524421074
D1147,,,DT,base_utility,accuracy,0.8848484848484849
D1147,,,DT,base_utility,macro_f1,0.8847966486297782
D1147,,,RF,base_utility,accuracy,0.9393939393939394
D1147,,,RF,base_utility,macro_f1,0.939326524421074
D1148,,,LR,base_utility,accuracy,0.896969696969697
D1148,,,LR,base_utility,macro_f1,0.8967839269944069
D1148,,,DT,base_utility,accuracy,0.8212121212121212
D1148,,,DT,base_utility,macro_f1,0.8211529982363315
D1148,,,RF,base_utility,accuracy,0.896969696969697
D1148,,,RF,base_utility,macro_f1,0.8967839269944069
D1149,,,LR,base_utility,accuracy,0.9727272727272728
D1149,,,LR,base_utility,macro_f1,0.9727112352530413
D1149,,,DT,base_utility,accuracy,0.9727272727272728
D1149,,,DT,base_utility,macro_f1,0.9726911618669315
D1149,,,RF,base_utility,accuracy,0.9939393939393939
D1149,,,RF,base_utility,macro_f1,0.9939338235294117
D115,,,LR,base_utility,accuracy,0.9393939393939394
D115,,,LR,base_utility,macro_f1,0.9393382352941176
D115,,,DT,base_utility,accuracy,0.8787878787878788
D115,,,DT,base_utility,macro_f1,0.8784261715296198
D115,,,RF,base_utility,accuracy,0.9515151515151515
D115,,,RF,base_utility,macro_f1,0.9514991181657848
D1150,,,LR,base_utility,accuracy,0.9651515151515152
D1150,,,LR,base_utility,macro_f1,0.9651475946559646
D1150,,,DT,base_utility,accuracy,0.946969696969697
D1150,,,DT,base_utility,macro_f1,0.9469686012796408
D1150,,,RF,base_utility,accuracy,0.9848484848484849
D1150,,,RF,base_utility,macro_f1,0.98484792829856
D1151,,,LR,base_utility,accuracy,0.9045454545454545
D1151,,,LR,base_utility,macro_f1,0.9045189320265731
D1151,,,DT,base_utility,accuracy,0.85
D1151,,,DT,base_utility,macro_f1,0.8499913906904666
D1151,,,RF,base_utility,accuracy,0.9348484848484848
D1151,,,RF,base_utility,macro_f1,0.9348303821768673
D1152,,,LR,base_utility,accuracy,0.8803030303030303
D1152,,,LR,base_utility,macro_f1,0.8802961602479481
D1152,,,DT,base_utility,accuracy,0.793939393939394
D1152,,,DT,base_utility,macro_f1,0.7939223627297022
D1152,,,RF,base_utility,accuracy,0.9015151515151515
D1152,,,RF,base_utility,macro_f1,0.9014877870115436
D116,,,LR,base_utility,accuracy,0.8545454545454545
D116,,,LR,base_utility,macro_f1,0.8538961038961039
D116,,,DT,base_utility,accuracy,0.793939393939394
D116,,,DT,base_utility,macro_f1,0.7933244916003537
D116,,,RF,base_utility,accuracy,0.8666666666666667
D116,,,RF,base_utility,macro_f1,0.8662687886825817
D117,,,LR,base_utility,accuracy,1.0
D117,,,LR,base_utility,macro_f1,1.0
D117,,,DT,base_utility,accuracy,1.0
D117,,,DT,base_utility,macro_f1,1.0
D117,,,RF,base_utility,accuracy,1.0
D117,,,RF,base_utility,macro_f1,1.0
D118,,,LR,base_utility,accuracy,0.9878787878787879
D118,,,LR,base_utility,macro_f1,0.987842617152962
D118,,,DT,base_utility,accuracy,0.9818181818181818
D118,,,DT,base_utility,macro_f1,0.9817753396413975
D118,,,RF,base_utility,accuracy,0.9878787878787879
D118,,,RF,base_utility,macro_f1,0.987842617152962
D119,,,LR,base_utility,accuracy,0.9151515151515152
D119,,,LR,base_utility,macro_f1,0.9150735294117647
D119,,,DT,base_utility,accuracy,0.8909090909090909
D119,,,DT,base_utility,macro_f1,0.8909050837496326
D119,,,RF,base_utility,accuracy,0.9151515151515152
D119,,,RF,base_utility,macro_f1,0.9150735294117647
D12,,,LR,base_utility,accuracy,0.6727272727272727
D12,,,LR,base_utility,macro_f1,0.6721371798645863
D12,,,DT,base_utility,accuracy,0.6666666666666666
D12,,,DT,base_utility,macro_f1,0.6662253117069403
D12,,,RF,base_utility,accuracy,0.7333333333333333
D12,,,RF,base_utility,macro_f1,0.7332451499118167
D120,,,LR,base_utility,accuracy,0.8727272727272727
D120,,,LR,base_utility,macro_f1,0.8722580645161291
D120,,,DT,base_utility,accuracy,0.8121212121212121
D120,,,DT,base_utility,macro_f1,0.8114285714285714
D120,,,RF,base_utility,accuracy,0.8787878787878788
D120,,,RF,base_utility,macro_f1,0.8784261715296198
D121,,,LR,base_utility,accuracy,1.0
D121,,,LR,base_utility,macro_f1,1.0
D121,,,DT,base_utility,accuracy,1.0
D121,,,DT,base_utility,macro_f1,1.0
D121,,,RF,base_utility,accuracy,1.0
D121,,,RF,base_utility,macro_f1,1.0
D122,,,LR,base_utility,accuracy,0.9939393939393939
D122,,,LR,base_utility,macro_f1,0.9939170506912443
D122,,,DT,base_utility,accuracy,0.9939393939393939
D122,,,DT,base_utility,macro_f1,0.9939071673867288
D122,,,RF,base_utility,accuracy,1.0
D122,,,RF,base_utility,macro_f1,1.0
D123,,,LR,base_utility,accuracy,0.9696969696969697
D123,,,LR,base_utility,macro_f1,0.9695358369336435
D123,,,DT,base_utility,accuracy,0.9636363636363636
D123,,,DT,base_utility,macro_f1,0.9634092253104671
D123,,,RF,base_utility,accuracy,0.9696969696969697
D123,,,RF,base_utility,macro_f1,0.9695358369336435
D124,,,LR,base_utility,accuracy,0.8666666666666667
D124,,,LR,base_utility,macro_f1,0.8658338261383797
D124,,,DT,base_utility,accuracy,0.806060606060606
D124,,,DT,base_utility,macro_f1,0.8054818744473917
D124,,,RF,base_utility,accuracy,0.8848484848484849
D124,,,RF,base_utility,macro_f1,0.8840134670169078
D125,,,LR,base_utility,accuracy,0.9575757575757575
D125,,,LR,base_utility,macro_f1,0.9574193548387097
D125,,,DT,base_utility,accuracy,1.0
D125,,,DT,base_utility,macro_f1,1.0
D125,,,RF,base_utility,accuracy,1.0
D125,,,RF,base_utility,macro_f1,1.0
D126,,,LR,base_utility,accuracy,0.9393939393939394
D126,,,LR,base_utility,macro_f1,0.9392130857648099
D126,,,DT,base_utility,accuracy,0.9939393939393939
D126,,,DT,base_utility,macro_f1,0.9939251132137992
D126,,,RF,base_utility,accuracy,0.9939393939393939
D126,,,RF,base_utility,macro_f1,0.9939251132137992
D127,,,LR,base_utility,accuracy,0.9272727272727272
D127,,,LR,base_utility,macro_f1,0.9272486772486772
D127,,,DT,base_utility,accuracy,0.896969696969697
D127,,,DT,base_utility,macro_f1,0.8968332781639634
D127,,,RF,base_utility,accuracy,0.9757575757575757
D127,,,RF,base_utility,macro_f1,0.9757566852776962
D128,,,LR,base_utility,accuracy,0.8545454545454545
D128,,,LR,base_utility,macro_f1,0.8536369012418688
D128,,,DT,base_utility,accuracy,0.8181818181818182
D128,,,DT,base_utility,macro_f1,0.8180147058823529
D128,,,RF,base_utility,accuracy,0.896969696969697
D128,,,RF,base_utility,macro_f1,0.8965898617511521
D129,,,LR,base_utility,accuracy,0.7303030303030303
D129,,,LR,base_utility,macro_f1,0.7302807394550515
D129,,,DT,base_utility,accuracy,0.9151515151515152
D129,,,DT,base_utility,macro_f1,0.9151016207872396
D129,,,RF,base_utility,accuracy,0.9181818181818182
D129,,,RF,base_utility,macro_f1,0.9181750557897348
D13,,,LR,base_utility,accuracy,0.5515151515151515
D13,,,LR,base_utility,macro_f1,0.5507065057403591
D13,,,DT,base_utility,accuracy,0.6787878787878788
D13,,,DT,base_utility,macro_f1,0.6780310003313574
D13,,,RF,base_utility,accuracy,0.7212121212121212
D13,,,RF,base_utility,macro_f1,0.7194707273802483
D130,,,LR,base_utility,accuracy,0.7484848484848485
D130,,,LR,base_utility,macro_f1,0.748482538866289
D130,,,DT,base_utility,accuracy,0.8818181818181818
D130,,,DT,base_utility,macro_f1,0.8817649814884567
D130,,,RF,base_utility,accuracy,0.906060606060606
D130,,,RF,base_utility,macro_f1,0.9055183560378666
D131,,,LR,base_utility,accuracy,0.7181818181818181
D131,,,LR,base_utility,macro_f1,0.718054955857089
D131,,,DT,base_utility,accuracy,0.8696969696969697
D131,,,DT,base_utility,macro_f1,0.8696383129231702
D131,,,RF,base_utility,accuracy,0.8878787878787879
D131,,,RF,base_utility,macro_f1,0.8878777582897914
D132,,,LR,base_utility,accuracy,0.703030303030303
D132,,,LR,base_utility,macro_f1,0.702986664707395
D132,,,DT,base_utility,accuracy,0.7090909090909091
D132,,,DT,base_utility,macro_f1,0.7090802233323538
D132,,,RF,base_utility,accuracy,0.8363636363636363
D132,,,RF,base_utility,macro_f1,0.8358753315649867
D133,,,LR,base_utility,accuracy,0.7
D133,,,LR,base_utility,macro_f1,0.699666295884316
D133,,,DT,base_utility,accuracy,0.7181818181818181
D133,,,DT,base_utility,macro_f1,0.718054955857089
D133,,,RF,base_utility,accuracy,0.7606060606060606
D133,,,RF,base_utility,macro_f1,0.7578825168330625
D134,,,LR,base_utility,accuracy,0.7333333333333333
D134,,,LR,base_utility,macro_f1,0.7332451499118167
D134,,,DT,base_utility,accuracy,0.7272727272727273
D134,,,DT,base_utility,macro_f1,0.7255691898285039
D134,,,RF,base_utility,accuracy,0.7848484848484848
D134,,,RF,base_utility,macro_f1,0.7846091616948123
D135,,,LR,base_utility,accuracy,0.7424242424242424
D135,,,LR,base_utility,macro_f1,0.7423650975889782
D135,,,DT,base_utility,accuracy,0.693939393939394
D135,,,DT,base_utility,macro_f1,0.6938016187265161
D135,,,RF,base_utility,accuracy,0.7696969696969697
D135,,,RF,base_utility,macro_f1,0.7675108457859023
D136,,,LR,base_utility,accuracy,0.6757575757575758
D136,,,LR,base_utility,macro_f1,0.6757545982975051
D136,,,DT,base_utility,accuracy,0.6727272727272727
D136,,,DT,base_utility,macro_f1,0.6726190476190477
D136,,,RF,base_utility,accuracy,0.7090909090909091
D136,,,RF,base_utility,macro_f1,0.7082228116710876
D137,,,LR,base_utility,accuracy,0.7424242424242424
D137,,,LR,base_utility,macro_f1,0.742308292987662
D137,,,DT,base_utility,accuracy,0.8303030303030303
D137,,,DT,base_utility,macro_f1,0.8301470588235293
D137,,,RF,base_utility,accuracy,0.9090909090909091
D137,,,RF,base_utility,macro_f1,0.9090374508434709
D138,,,LR,base_utility,accuracy,0.7272727272727273
D138,,,LR,base_utility,macro_f1,0.7258225324027916
D138,,,DT,base_utility,accuracy,0.7909090909090909
D138,,,DT,base_utility,macro_f1,0.7909071708647462
D138,,,RF,base_utility,accuracy,0.8878787878787879
D138,,,RF,base_utility,macro_f1,0.8877953298596752
D139,,,LR,base_utility,accuracy,0.7212121212121212
D139,,,LR,base_utility,macro_f1,0.7210481825866442
D139,,,DT,base_utility,accuracy,0.796969696969697
D139,,,DT,base_utility,macro_f1,0.7967438568105976
D139,,,RF,base_utility,accuracy,0.8666666666666667
D139,,,RF,base_utility,macro_f1,0.8660714285714286
D14,,,LR,base_utility,accuracy,0.6181818181818182
D14,,,LR,base_utility,macro_f1,0.616774193548387
D14,,,DT,base_utility,accuracy,0.6242424242424243
D14,,,DT,base_utility,macro_f1,0.6238970588235294
D14,,,RF,base_utility,accuracy,0.793939393939394
D14,,,RF,base_utility,macro_f1,0.7938712522045855
D140,,,LR,base_utility,accuracy,0.696969696969697
D140,,,LR,base_utility,macro_f1,0.6969585659712019
D140,,,DT,base_utility,accuracy,0.7151515151515152
D140,,,DT,base_utility,macro_f1,0.7141013824884792
D140,,,RF,base_utility,accuracy,0.7878787878787878
D140,,,RF,base_utility,macro_f1,0.7869318181818181
D141,,,LR,base_utility,accuracy,0.593939393939394
D141,,,LR,base_utility,macro_f1,0.5927276746242263
D141,,,DT,base_utility,accuracy,0.803030303030303
D141,,,DT,base_utility,macro_f1,0.8028836875913213
D141,,,RF,base_utility,accuracy,0.8181818181818182
D141,,,RF,base_utility,macro_f1,0.8177533964139759
D142,,,LR,base_utility,accuracy,0.6393939393939394
D142,,,LR,base_utility,macro_f1,0.6393641347769787
D142,,,DT,base_utility,accuracy,0.7848484848484848
D142,,,DT,base_utility,macro_f1,0.7847990815154995
D142,,,RF,base_utility,accuracy,0.8424242424242424
D142,,,RF,base_utility,macro_f1,0.8422794117647059
D143,,,LR,base_utility,accuracy,0.5909090909090909
D143,,,LR,base_utility,macro_f1,0.5889121628479944
D143,,,DT,base_utility,accuracy,0.6818181818181818
D143,,,DT,base_utility,macro_f1,0.681791883626746
D143,,,RF,base_utility,accuracy,0.7606060606060606
D143,,,RF,base_utility,macro_f1,0.7604278664571444
D144,,,LR,base_utility,accuracy,0.6151515151515151
D144,,,LR,base_utility,macro_f1,0.6132729235681132
D144,,,DT,base_utility,accuracy,0.6909090909090909
D144,,,DT,base_utility,macro_f1,0.690625
D144,,,RF,base_utility,accuracy,0.7575757575757576
D144,,,RF,base_utility,macro_f1,0.7568523430592395
D145,,,LR,base_utility,accuracy,0.7090909090909091
D145,,,LR,base_utility,macro_f1,0.7087057265806025
D145,,,DT,base_utility,accuracy,0.8696969696969697
D145,,,DT,base_utility,macro_f1,0.8692635826753518
D145,,,RF,base_utility,accuracy,0.9030303030303031
D145,,,RF,base_utility,macro_f1,0.9030160537820066
D146,,,LR,base_utility,accuracy,0.7212121212121212
D146,,,LR,base_utility,macro_f1,0.720555207834763
D146,,,DT,base_utility,accuracy,0.8939393939393939
D146,,,DT,base_utility,macro_f1,0.8939384200038567
D146,,,RF,base_utility,accuracy,0.9030303030303031
D146,,,RF,base_utility,macro_f1,0.9028018114207872
D147,,,LR,base_utility,accuracy,0.703030303030303
D147,,,LR,base_utility,macro_f1,0.7030193946517778
D147,,,DT,base_utility,accuracy,0.796969696969697
D147,,,DT,base_utility,macro_f1,0.796923076923077
D147,,,RF,base_utility,accuracy,0.8818181818181818
D147,,,RF,base_utility,macro_f1,0.8818170965757262
D148,,,LR,base_utility,accuracy,0.7636363636363637
D148,,,LR,base_utility,macro_f1,0.7634973721930244
D148,,,DT,base_utility,accuracy,0.7909090909090909
D148,,,DT,base_utility,macro_f1,0.7898884387889749
D148,,,RF,base_utility,accuracy,0.8393939393939394
D148,,,RF,base_utility,macro_f1,0.8373492295245092
D149,,,LR,base_utility,accuracy,0.706060606060606
D149,,,LR,base_utility,macro_f1,0.7057336434422086
D149,,,DT,base_utility,accuracy,0.6727272727272727
D149,,,DT,base_utility,macro_f1,0.6719561135451566
D149,,,RF,base_utility,accuracy,0.7393939393939394
D149,,,RF,base_utility,macro_f1,0.7382305194805194
D15,,,LR,base_utility,accuracy,0.5696969696969697
D15,,,LR,base_utility,macro_f1,0.5645143303222928
D15,,,DT,base_utility,accuracy,0.6606060606060606
D15,,,DT,base_utility,macro_f1,0.6602941176470588
D15,,,RF,base_utility,accuracy,0.7272727272727273
D15,,,RF,base_utility,macro_f1,0.7223364870423694
D150,,,LR,base_utility,accuracy,0.696969696969697
D150,,,LR,base_utility,macro_f1,0.6965684651881275
D150,,,DT,base_utility,accuracy,0.693939393939394
D150,,,DT,base_utility,macro_f1,0.6939140975838223
D150,,,RF,base_utility,accuracy,0.7515151515151515
D150,,,RF,base_utility,macro_f1,0.7511861414542645
D151,,,LR,base_utility,accuracy,0.703030303030303
D151,,,LR,base_utility,macro_f1,0.7023305474761606
D151,,,DT,base_utility,accuracy,0.7303030303030303
D151,,,DT,base_utility,macro_f1,0.7287462479796813
D151,,,RF,base_utility,accuracy,0.7484848484848485
D151,,,RF,base_utility,macro_f1,0.7462455646244638
D152,,,LR,base_utility,accuracy,0.6727272727272727
D152,,,LR,base_utility,macro_f1,0.6725348230364954
D152,,,DT,base_utility,accuracy,0.6727272727272727
D152,,,DT,base_utility,macro_f1,0.6725348230364954
D152,,,RF,base_utility,accuracy,0.696969696969697
D152,,,RF,base_utility,macro_f1,0.6969251680687705
D153,,,LR,base_utility,accuracy,0.7515151515151515
D153,,,LR,base_utility,macro_f1,0.7515151515151515
D153,,,DT,base_utility,accuracy,0.806060606060606
D153,,,DT,base_utility,macro_f1,0.8060321075640131
D153,,,RF,base_utility,accuracy,0.9030303030303031
D153,,,RF,base_utility,macro_f1,0.9030267411107846
D154,,,LR,base_utility,accuracy,0.693939393939394
D154,,,LR,base_utility,macro_f1,0.6937115761034378
D154,,,DT,base_utility,accuracy,0.8606060606060606
D154,,,DT,base_utility,macro_f1,0.8605599647266314
D154,,,RF,base_utility,accuracy,0.8727272727272727
D154,,,RF,base_utility,macro_f1,0.872610294117647
D155,,,LR,base_utility,accuracy,0.7363636363636363
D155,,,LR,base_utility,macro_f1,0.7363612154381582
D155,,,DT,base_utility,accuracy,0.7727272727272727
D155,,,DT,base_utility,macro_f1,0.7723740239674057
D155,,,RF,base_utility,accuracy,0.8454545454545455
D155,,,RF,base_utility,macro_f1,0.8452143362978359
D156,,,LR,base_utility,accuracy,0.6575757575757576
D156,,,LR,base_utility,macro_f1,0.6571948629790676
D156,,,DT,base_utility,accuracy,0.706060606060606
D156,,,DT,base_utility,macro_f1,0.7060363115408987
D156,,,RF,base_utility,accuracy,0.8212121212121212
D156,,,RF,base_utility,macro_f1,0.8211710677382319
D157,,,LR,base_utility,accuracy,0.603030303030303
D157,,,LR,base_utility,macro_f1,0.6030266577287211
D157,,,DT,base_utility,accuracy,0.793939393939394
D157,,,DT,base_utility,macro_f1,0.7938182219118675
D157,,,RF,base_utility,accuracy,0.8181818181818182
D157,,,RF,base_utility,macro_f1,0.8180147058823529
D158,,,LR,base_utility,accuracy,0.6060606060606061
D158,,,LR,base_utility,macro_f1,0.6056985294117647
D158,,,DT,base_utility,accuracy,0.7606060606060606
D158,,,DT,base_utility,macro_f1,0.7604278664571444
D158,,,RF,base_utility,accuracy,0.8
D158,,,RF,base_utility,macro_f1,0.7998161764705882
D159,,,LR,base_utility,accuracy,0.5757575757575758
D159,,,LR,base_utility,macro_f1,0.5747579249659438
D159,,,DT,base_utility,accuracy,0.6606060606060606
D159,,,DT,base_utility,macro_f1,0.6605561882370229
D159,,,RF,base_utility,accuracy,0.7333333333333333
D159,,,RF,base_utility,macro_f1,0.7325375773651636
D16,,,LR,base_utility,accuracy,0.49696969696969695
D16,,,LR,base_utility,macro_f1,0.492194742111313
D16,,,DT,base_utility,accuracy,0.593939393939394
D16,,,DT,base_utility,macro_f1,0.5938797252121524
D16,,,RF,base_utility,accuracy,0.6727272727272727
D16,,,RF,base_utility,macro_f1,0.6724264705882352
D160,,,LR,base_utility,accuracy,0.6303030303030303
D160,,,LR,base_utility,macro_f1,0.6279937906564164
D160,,,DT,base_utility,accuracy,0.6545454545454545
D160,,,DT,base_utility,macro_f1,0.6545327652071702
D160,,,RF,base_utility,accuracy,0.6878787878787879
D160,,,RF,base_utility,macro_f1,0.6873936595819039
D161,,,LR,base_utility,accuracy,0.8909090909090909
D161,,,LR,base_utility,macro_f1,0.8908930605047574
D161,,,DT,base_utility,accuracy,0.9151515151515152
D161,,,DT,base_utility,macro_f1,0.9151234567901234
D161,,,RF,base_utility,accuracy,0.9303030303030303
D161,,,RF,base_utility,macro_f1,0.9303023902882488
D162,,,LR,base_utility,accuracy,0.9121212121212121
D162,,,LR,base_utility,macro_f1,0.9120557990792049
D162,,,DT,base_utility,accuracy,0.9212121212121213
D162,,,DT,base_utility,macro_f1,0.9212092271525125
D162,,,RF,base_utility,accuracy,0.9545454545454546
D162,,,RF,base_utility,macro_f1,0.9544748047934811
D163,,,LR,base_utility,accuracy,0.8666666666666667
D163,,,LR,base_utility,macro_f1,0.8661751152073733
D163,,,DT,base_utility,accuracy,0.8848484848484849
D163,,,DT,base_utility,macro_f1,0.8845771510621847
D163,,,RF,base_utility,accuracy,0.9181818181818182
D163,,,RF,base_utility,macro_f1,0.9180908079684498
D164,,,LR,base_utility,accuracy,0.8212121212121212
D164,,,LR,base_utility,macro_f1,0.8204851602909855
D164,,,DT,base_utility,accuracy,0.7393939393939394
D164,,,DT,base_utility,macro_f1,0.7393843667352336
D164,,,RF,base_utility,accuracy,0.8151515151515152
D164,,,RF,base_utility,macro_f1,0.8151498177210075
D165,,,LR,base_utility,accuracy,0.8515151515151516
D165,,,LR,base_utility,macro_f1,0.8514810562571757
D165,,,DT,base_utility,accuracy,0.8727272727272727
D165,,,DT,base_utility,macro_f1,0.8727085705888835
D165,,,RF,base_utility,accuracy,0.9090909090909091
D165,,,RF,base_utility,macro_f1,0.9090775504206311
D166,,,LR,base_utility,accuracy,0.8424242424242424
D166,,,LR,base_utility,macro_f1,0.8421401236385045
D166,,,DT,base_utility,accuracy,0.8696969696969697
D166,,,DT,base_utility,macro_f1,0.869599977945028
D166,,,RF,base_utility,accuracy,0.8848484848484849
D166,,,RF,base_utility,macro_f1,0.8846408595819841
D167,,,LR,base_utility,accuracy,0.8272727272727273
D167,,,LR,base_utility,macro_f1,0.8271441568108511
D167,,,DT,base_utility,accuracy,0.8181818181818182
D167,,,DT,base_utility,macro_f1,0.818121693121693
D167,,,RF,base_utility,accuracy,0.8757575757575757
D167,,,RF,base_utility,macro_f1,0.8756650952499103
D168,,,LR,base_utility,accuracy,0.7878787878787878
D168,,,LR,base_utility,macro_f1,0.7878476176481393
D168,,,DT,base_utility,accuracy,0.7363636363636363
D168,,,DT,base_utility,macro_f1,0.7363418464335896
D168,,,RF,base_utility,accuracy,0.8181818181818182
D168,,,RF,base_utility,macro_f1,0.8180147058823529
D169,,,LR,base_utility,accuracy,0.9242424242424242
D169,,,LR,base_utility,macro_f1,0.9239343899538074
D169,,,DT,base_utility,accuracy,0.9151515151515152
D169,,,DT,base_utility,macro_f1,0.9151390470592558
D169,,,RF,base_utility,accuracy,0.9363636363636364
D169,,,RF,base_utility,macro_f1,0.9362928506421276
D17,,,LR,base_utility,accuracy,0.6848484848484848
D17,,,LR,base_utility,macro_f1,0.6847442680776015
D17,,,DT,base_utility,accuracy,0.8545454545454545
D17,,,DT,base_utility,macro_f1,0.8542831910509272
D17,,,RF,base_utility,accuracy,0.8666666666666667
D17,,,RF,base_utility,macro_f1,0.8662687886825817
D170,,,LR,base_utility,accuracy,0.8848484848484849
D170,,,LR,base_utility,macro_f1,0.8847807710683965
D170,,,DT,base_utility,accuracy,0.896969696969697
D170,,,DT,base_utility,macro_f1,0.8968750000000001
D170,,,RF,base_utility,accuracy,0.9303030303030303
D170,,,RF,base_utility,macro_f1,0.930225503084235
D171,,,LR,base_utility,accuracy,0.8636363636363636
D171,,,LR,base_utility,macro_f1,0.8636250929828913
D171,,,DT,base_utility,accuracy,0.8303030303030303
D171,,,DT,base_utility,macro_f1,0.8301470588235293
D171,,,RF,base_utility,accuracy,0.8848484848484849
D171,,,RF,base_utility,macro_f1,0.8847807710683965
D172,,,LR,base_utility,accuracy,0.8303030303030303
D172,,,LR,base_utility,macro_f1,0.8299970562260819
D172,,,DT,base_utility,accuracy,0.7212121212121212
D172,,,DT,base_utility,macro_f1,0.7203801945181256
D172,,,RF,base_utility,accuracy,0.8515151515151516
D172,,,RF,base_utility,macro_f1,0.8511200522967286
D173,,,LR,base_utility,accuracy,0.6787878787878788
D173,,,LR,base_utility,macro_f1,0.6784926470588235
D173,,,DT,base_utility,accuracy,0.8484848484848485
D173,,,DT,base_utility,macro_f1,0.8484625840343852
D173,,,RF,base_utility,accuracy,0.906060606060606
D173,,,RF,base_utility,macro_f1,0.9059906817743225
D174,,,LR,base_utility,accuracy,0.7121212121212122
D174,,,LR,base_utility,macro_f1,0.7119916215744458
D174,,,DT,base_utility,accuracy,0.8878787878787879
D174,,,DT,base_utility,macro_f1,0.8877953298596752
D174,,,RF,base_utility,accuracy,0.9181818181818182
D174,,,RF,base_utility,macro_f1,0.9180908079684498
D175,,,LR,base_utility,accuracy,0.6454545454545455
D175,,,LR,base_utility,macro_f1,0.6442753296050268
D175,,,DT,base_utility,accuracy,0.7242424242424242
D175,,,DT,base_utility,macro_f1,0.7241791044776119
D175,,,RF,base_utility,accuracy,0.8212121212121212
D175,,,RF,base_utility,macro_f1,0.8210790395059686
D176,,,LR,base_utility,accuracy,0.6606060606060606
D176,,,LR,base_utility,macro_f1,0.6584861028976936
D176,,,DT,base_utility,accuracy,0.7
D176,,,DT,base_utility,macro_f1,0.6997766934083203
D176,,,RF,base_utility,accuracy,0.8454545454545455
D176,,,RF,base_utility,macro_f1,0.8449405282893706
D177,,,LR,base_utility,accuracy,0.9090909090909091
D177,,,LR,base_utility,macro_f1,0.9090875697913605
D177,,,DT,base_utility,accuracy,0.9121212121212121
D177,,,DT,base_utility,macro_f1,0.9120816529016729
D177,,,RF,base_utility,accuracy,0.9484848484848485
D177,,,RF,base_utility,macro_f1,0.9484465029084994
D178,,,LR,base_utility,accuracy,0.8787878787878788
D178,,,LR,base_utility,macro_f1,0.878747795414462
D178,,,DT,base_utility,accuracy,0.9303030303030303
D178,,,DT,base_utility,macro_f1,0.9303023902882488
D178,,,RF,base_utility,accuracy,0.9515151515151515
D178,,,RF,base_utility,macro_f1,0.9514705882352941
D179,,,LR,base_utility,accuracy,0.8939393939393939
D179,,,LR,base_utility,macro_f1,0.8939384200038567
D179,,,DT,base_utility,accuracy,0.8515151515151516
D179,,,DT,base_utility,macro_f1,0.851349984831631
D179,,,RF,base_utility,accuracy,0.906060606060606
D179,,,RF,base_utility,macro_f1,0.9060597434319875
D18,,,LR,base_utility,accuracy,0.6787878787878788
D18,,,LR,base_utility,macro_f1,0.6757388112277058
D18,,,DT,base_utility,accuracy,0.8545454545454545
D18,,,DT,base_utility,macro_f1,0.8542831910509272
D18,,,RF,base_utility,accuracy,0.8727272727272727
D18,,,RF,base_utility,macro_f1,0.8720505151213027
D180,,,LR,base_utility,accuracy,0.8545454545454545
D180,,,LR,base_utility,macro_f1,0.8537720172814889
D180,,,DT,base_utility,accuracy,0.803030303030303
D180,,,DT,base_utility,macro_f1,0.8022294138798993
D180,,,RF,base_utility,accuracy,0.8909090909090909
D180,,,RF,base_utility,macro_f1,0.8894431209053008
D181,,,LR,base_utility,accuracy,0.8636363636363636
D181,,,LR,base_utility,macro_f1,0.8635348606401456
D181,,,DT,base_utility,accuracy,0.8818181818181818
D181,,,DT,base_utility,macro_f1,0.8815734989648033
D181,,,RF,base_utility,accuracy,0.8909090909090909
D181,,,RF,base_utility,macro_f1,0.8907123932881955
D182,,,LR,base_utility,accuracy,0.8606060606060606
D182,,,LR,base_utility,macro_f1,0.8605855773116344
D182,,,DT,base_utility,accuracy,0.8606060606060606
D182,,,DT,base_utility,macro_f1,0.8605855773116344
D182,,,RF,base_utility,accuracy,0.8636363636363636
D182,,,RF,base_utility,macro_f1,0.8635749786405269
D183,,,LR,base_utility,accuracy,0.8515151515151516
D183,,,LR,base_utility,macro_f1,0.8506580466404987
D183,,,DT,base_utility,accuracy,0.8090909090909091
D183,,,DT,base_utility,macro_f1,0.8090049700967377
D183,,,RF,base_utility,accuracy,0.8727272727272727
D183,,,RF,base_utility,macro_f1,0.8724273774897832
D184,,,LR,base_utility,accuracy,0.7909090909090909
D184,,,LR,base_utility,macro_f1,0.7909071708647462
D184,,,DT,base_utility,accuracy,0.7636363636363637
D184,,,DT,base_utility,macro_f1,0.7635582010582012
D184,,,RF,base_utility,accuracy,0.8151515151515152
D184,,,RF,base_utility,macro_f1,0.8151090700344432
D185,,,LR,base_utility,accuracy,0.9030303030303031
D185,,,LR,base_utility,macro_f1,0.9029982363315696
D185,,,DT,base_utility,accuracy,0.9272727272727272
D185,,,DT,base_utility,macro_f1,0.9271764316451506
D185,,,RF,base_utility,accuracy,0.9424242424242424
D185,,,RF,base_utility,macro_f1,0.9423601982000203
D186,,,LR,base_utility,accuracy,0.8848484848484849
D186,,,LR,base_utility,macro_f1,0.8844239631336406
D186,,,DT,base_utility,accuracy,0.8696969696969697
D186,,,DT,base_utility,macro_f1,0.8691671507205487
D186,,,RF,base_utility,accuracy,0.9393939393939394
D186,,,RF,base_utility,macro_f1,0.9391233766233766
D187,,,LR,base_utility,accuracy,0.8939393939393939
D187,,,LR,base_utility,macro_f1,0.8939384200038567
D187,,,DT,base_utility,accuracy,0.8515151515151516
D187,,,DT,base_utility,macro_f1,0.8515028790258148
D187,,,RF,base_utility,accuracy,0.9242424242424242
D187,,,RF,base_utility,macro_f1,0.9242361627682729
D188,,,LR,base_utility,accuracy,0.806060606060606
D188,,,LR,base_utility,macro_f1,0.806060606060606
D188,,,DT,base_utility,accuracy,0.7696969696969697
D188,,,DT,base_utility,macro_f1,0.7694852941176471
D188,,,RF,base_utility,accuracy,0.8606060606060606
D188,,,RF,base_utility,macro_f1,0.8604214939865387
D189,,,LR,base_utility,accuracy,0.6818181818181818
D189,,,LR,base_utility,macro_f1,0.6818152600115703
D189,,,DT,base_utility,accuracy,0.8818181818181818
D189,,,DT,base_utility,macro_f1,0.8818084139185056
D189,,,RF,base_utility,accuracy,0.9181818181818182
D189,,,RF,base_utility,macro_f1,0.9181449871843161
D19,,,LR,base_utility,accuracy,0.6484848484848484
D19,,,LR,base_utility,macro_f1,0.6469155844155844
D19,,,DT,base_utility,accuracy,0.7636363636363637
D19,,,DT,base_utility,macro_f1,0.763601631093641
D19,,,RF,base_utility,accuracy,0.7757575757575758
D19,,,RF,base_utility,macro_f1,0.7749308755760369
D190,,,LR,base_utility,accuracy,0.6636363636363637
D190,,,LR,base_utility,macro_f1,0.6632622105369602
D190,,,DT,base_utility,accuracy,0.8545454545454545
D190,,,DT,base_utility,macro_f1,0.8544599213495535
D190,,,RF,base_utility,accuracy,0.9121212121212121
D190,,,RF,base_utility,macro_f1,0.9121139488111965
D191,,,LR,base_utility,accuracy,0.6696969696969697
D191,,,LR,base_utility,macro_f1,0.6696696696696697
D191,,,DT,base_utility,accuracy,0.7787878787878788
D191,,,DT,base_utility,macro_f1,0.7784440499949417
D191,,,RF,base_utility,accuracy,0.8424242424242424
D191,,,RF,base_utility,macro_f1,0.8423721340388006
D192,,,LR,base_utility,accuracy,0.6666666666666666
D192,,,LR,base_utility,macro_f1,0.6642495097857857
D192,,,DT,base_utility,accuracy,0.703030303030303
D192,,,DT,base_utility,macro_f1,0.7024948483956432
D192,,,RF,base_utility,accuracy,0.8090909090909091
D192,,,RF,base_utility,macro_f1,0.8090751301760477
D193,,,LR,base_utility,accuracy,0.9939393939393939
D193,,,LR,base_utility,macro_f1,0.9939313693037626
D193,,,DT,base_utility,accuracy,0.996969696969697
D193,,,DT,base_utility,macro_f1,0.996964986986232
D193,,,RF,base_utility,accuracy,0.996969696969697
D193,,,RF,base_utility,macro_f1,0.996964986986232
D194,,,LR,base_utility,accuracy,0.9939393939393939
D194,,,LR,base_utility,macro_f1,0.9939358300562313
D194,,,DT,base_utility,accuracy,0.9878787878787879
D194,,,DT,base_utility,macro_f1,0.9878676470588236
D194,,,RF,base_utility,accuracy,0.9939393939393939
D194,,,RF,base_utility,macro_f1,0.9939358300562313
D195,,,LR,base_utility,accuracy,0.9575757575757575
D195,,,LR,base_utility,macro_f1,0.957449160035367
D195,,,DT,base_utility,accuracy,0.9121212121212121
D195,,,DT,base_utility,macro_f1,0.9117638923464166
D195,,,RF,base_utility,accuracy,0.9575757575757575
D195,,,RF,base_utility,macro_f1,0.957449160035367
D196,,,LR,base_utility,accuracy,0.8878787878787879
D196,,,LR,base_utility,macro_f1,0.8878283157711
D196,,,DT,base_utility,accuracy,0.7878787878787878
D196,,,DT,base_utility,macro_f1,0.7878476176481393
D196,,,RF,base_utility,accuracy,0.8939393939393939
D196,,,RF,base_utility,macro_f1,0.8938916500537432
D197,,,LR,base_utility,accuracy,0.9787878787878788
D197,,,LR,base_utility,macro_f1,0.9787876840007713
D197,,,DT,base_utility,accuracy,0.9727272727272728
D197,,,DT,base_utility,macro_f1,0.9727250185965783
D197,,,RF,base_utility,accuracy,0.9787878787878788
D197,,,RF,base_utility,macro_f1,0.9787876840007713
D198,,,LR,base_utility,accuracy,0.9666666666666667
D198,,,LR,base_utility,macro_f1,0.966555800219276
D198,,,DT,base_utility,accuracy,0.9484848484848485
D198,,,DT,base_utility,macro_f1,0.9483477732458039
D198,,,RF,base_utility,accuracy,0.9636363636363636
D198,,,RF,base_utility,macro_f1,0.963527851458886
D199,,,LR,base_utility,accuracy,0.9333333333333333
D199,,,LR,base_utility,macro_f1,0.9333333333333333
D199,,,DT,base_utility,accuracy,0.8787878787878788
D199,,,DT,base_utility,macro_f1,0.8787834263884807
D199,,,RF,base_utility,accuracy,0.9333333333333333
D199,,,RF,base_utility,macro_f1,0.9333333333333333
D2,,,LR,base_utility,accuracy,0.6848484848484848
D2,,,LR,base_utility,macro_f1,0.6842802472770091
D2,,,DT,base_utility,accuracy,0.8
D2,,,DT,base_utility,macro_f1,0.7997351870241642
D2,,,RF,base_utility,accuracy,0.8606060606060606
D2,,,RF,base_utility,macro_f1,0.8585274930102517
D20,,,LR,base_utility,accuracy,0.6606060606060606
D20,,,LR,base_utility,macro_f1,0.6605935938877461
D20,,,DT,base_utility,accuracy,0.6848484848484848
D20,,,DT,base_utility,macro_f1,0.6847442680776015
D20,,,RF,base_utility,accuracy,0.7515151515151515
D20,,,RF,base_utility,macro_f1,0.750929641765767
D200,,,LR,base_utility,accuracy,0.8727272727272727
D200,,,LR,base_utility,macro_f1,0.872610294117647
D200,,,DT,base_utility,accuracy,0.7636363636363637
D200,,,DT,base_utility,macro_f1,0.7635582010582012
D200,,,RF,base_utility,accuracy,0.8787878787878788
D200,,,RF,base_utility,macro_f1,0.878627386075251
D201,,,LR,base_utility,accuracy,0.9878787878787879
D201,,,LR,base_utility,macro_f1,0.9878676470588236
D201,,,DT,base_utility,accuracy,0.9636363636363636
D201,,,DT,base_utility,macro_f1,0.9635882158225753
D201,,,RF,base_utility,accuracy,0.9818181818181818
D201,,,RF,base_utility,macro_f1,0.9817941079112876
D202,,,LR,base_utility,accuracy,0.9757575757575757
D202,,,LR,base_utility,macro_f1,0.9757575757575757
D202,,,DT,base_utility,accuracy,0.9666666666666667
D202,,,DT,base_utility,macro_f1,0.9666663605726407
D202,,,RF,base_utility,accuracy,0.9757575757575757
D202,,,RF,base_utility,macro_f1,0.9757575757575757
D203,,,LR,base_utility,accuracy,0.9393939393939394
D203,,,LR,base_utility,macro_f1,0.939358300562314
D203,,,DT,base_utility,accuracy,0.8878787878787879
D203,,,DT,base_utility,macro_f1,0.8877045184905868
D203,,,RF,base_utility,accuracy,0.9393939393939394
D203,,,RF,base_utility,macro_f1,0.9393382352941176
D204,,,LR,base_utility,accuracy,0.8818181818181818
D204,,,LR,base_utility,macro_f1,0.8815734989648033
D204,,,DT,base_utility,accuracy,0.7545454545454545
D204,,,DT,base_utility,macro_f1,0.754362749152262
D204,,,RF,base_utility,accuracy,0.8727272727272727
D204,,,RF,base_utility,macro_f1,0.8724273774897832
D205,,,LR,base_utility,accuracy,0.8363636363636363
D205,,,LR,base_utility,macro_f1,0.8363576256244489
D205,,,DT,base_utility,accuracy,0.9818181818181818
D205,,,DT,base_utility,macro_f1,0.9818175139582721
D205,,,RF,base_utility,accuracy,0.9848484848484849
D205,,,RF,base_utility,macro_f1,0.9848450057405281
D206,,,LR,base_utility,accuracy,0.8333333333333334
D206,,,LR,base_utility,macro_f1,0.8332950631458094
D206,,,DT,base_utility,accuracy,0.9606060606060606
D206,,,DT,base_utility,macro_f1,0.9605970149253731
D206,,,RF,base_utility,accuracy,0.9696969696969697
D206,,,RF,base_utility,macro_f1,0.9696925168068771
D207,,,LR,base_utility,accuracy,0.7878787878787878
D207,,,LR,base_utility,macro_f1,0.7877540519680988
D207,,,DT,base_utility,accuracy,0.8242424242424242
D207,,,DT,base_utility,macro_f1,0.8240808823529412
D207,,,RF,base_utility,accuracy,0.9
D207,,,RF,base_utility,macro_f1,0.8999917348541202
D208,,,LR,base_utility,accuracy,0.7696969696969697
D208,,,LR,base_utility,macro_f1,0.7686688311688312
D208,,,DT,base_utility,accuracy,0.8
D208,,,DT,base_utility,macro_f1,0.7998161764705882
D208,,,RF,base_utility,accuracy,0.8787878787878788
D208,,,RF,base_utility,macro_f1,0.8787700672275083
D209,,,LR,base_utility,accuracy,0.9939393939393939
D209,,,LR,base_utility,macro_f1,0.9939385033613755
D209,,,DT,base_utility,accuracy,0.996969696969697
D209,,,DT,base_utility,macro_f1,0.9969690011481056
D209,,,RF,base_utility,accuracy,0.996969696969697
D209,,,RF,base_utility,macro_f1,0.9969690011481056
D21,,,LR,base_utility,accuracy,0.7696969696969697
D21,,,LR,base_utility,macro_f1,0.7694852941176471
D21,,,DT,base_utility,accuracy,0.8848484848484849
D21,,,DT,base_utility,macro_f1,0.883461581353853
D21,,,RF,base_utility,accuracy,0.8606060606060606
D21,,,RF,base_utility,macro_f1,0.8600921658986175
D210,,,LR,base_utility,accuracy,0.9848484848484849
D210,,,LR,base_utility,macro_f1,0.9848472325536546
D210,,,DT,base_utility,accuracy,0.9787878787878788
D210,,,DT,base_utility,macro_f1,0.9787876840007713
D210,,,RF,base_utility,accuracy,0.990909090909091
D210,,,RF,base_utility,macro_f1,0.9909070034443168
D211,,,LR,base_utility,accuracy,0.9484848484848485
D211,,,LR,base_utility,macro_f1,0.9484843754304447
D211,,,DT,base_utility,accuracy,0.9030303030303031
D211,,,DT,base_utility,macro_f1,0.9030160537820066
D211,,,RF,base_utility,accuracy,0.9515151515151515
D211,,,RF,base_utility,macro_f1,0.9515133705553922
D212,,,LR,base_utility,accuracy,0.8939393939393939
D212,,,LR,base_utility,macro_f1,0.8928680746862565
D212,,,DT,base_utility,accuracy,0.8363636363636363
D212,,,DT,base_utility,macro_f1,0.8353415138971023
D212,,,RF,base_utility,accuracy,0.906060606060606
D212,,,RF,base_utility,macro_f1,0.9053294959235232
D213,,,LR,base_utility,accuracy,0.9757575757575757
D213,,,LR,base_utility,macro_f1,0.9757433202249255
D213,,,DT,base_utility,accuracy,0.9515151515151515
D213,,,DT,base_utility,macro_f1,0.9514705882352941
D213,,,RF,base_utility,accuracy,0.9727272727272728
D213,,,RF,base_utility,macro_f1,0.9726969359894833
D214,,,LR,base_utility,accuracy,0.9636363636363636
D214,,,LR,base_utility,macro_f1,0.9636363636363636
D214,,,DT,base_utility,accuracy,0.9454545454545454
D214,,,DT,base_utility,macro_f1,0.9454365079365079
D214,,,RF,base_utility,accuracy,0.9666666666666667
D214,,,RF,base_utility,macro_f1,0.9666590126291619
D215,,,LR,base_utility,accuracy,0.9212121212121213
D215,,,LR,base_utility,macro_f1,0.9208603896103896
D215,,,DT,base_utility,accuracy,0.896969696969697
D215,,,DT,base_utility,macro_f1,0.8962225757519702
D215,,,RF,base_utility,accuracy,0.9272727272727272
D215,,,RF,base_utility,macro_f1,0.9268860086407444
D216,,,LR,base_utility,accuracy,0.8909090909090909
D216,,,LR,base_utility,macro_f1,0.8908930605047574
D216,,,DT,base_utility,accuracy,0.7909090909090909
D216,,,DT,base_utility,macro_f1,0.790676509252705
D216,,,RF,base_utility,accuracy,0.8878787878787879
D216,,,RF,base_utility,macro_f1,0.8878530424799081
D217,,,LR,base_utility,accuracy,0.9878787878787879
D217,,,LR,base_utility,macro_f1,0.9878716601124629
D217,,,DT,base_utility,accuracy,0.9757575757575757
D217,,,DT,base_utility,macro_f1,0.9757433202249255
D217,,,RF,base_utility,accuracy,0.9818181818181818
D217,,,RF,base_utility,macro_f1,0.9818121693121693
D218,,,LR,base_utility,accuracy,0.990909090909091
D218,,,LR,base_utility,macro_f1,0.9908902691511388
D218,,,DT,base_utility,accuracy,0.9666666666666667
D218,,,DT,base_utility,macro_f1,0.966555800219276
D218,,,RF,base_utility,accuracy,0.990909090909091
D218,,,RF,base_utility,macro_f1,0.9908949609586962
D219,,,LR,base_utility,accuracy,0.9666666666666667
D219,,,LR,base_utility,macro_f1,0.9666663605726407
D219,,,DT,base_utility,accuracy,0.8757575757575757
D219,,,DT,base_utility,macro_f1,0.8757564348616609
D219,,,RF,base_utility,accuracy,0.9606060606060606
D219,,,RF,base_utility,macro_f1,0.9606056988585754
D22,,,LR,base_utility,accuracy,0.7575757575757576
D22,,,LR,base_utility,macro_f1,0.7574955908289241
D22,,,DT,base_utility,accuracy,0.8424242424242424
D22,,,DT,base_utility,macro_f1,0.8423721340388006
D22,,,RF,base_utility,accuracy,0.8606060606060606
D22,,,RF,base_utility,macro_f1,0.8605855773116344
D220,,,LR,base_utility,accuracy,0.8939393939393939
D220,,,LR,base_utility,macro_f1,0.8939150401836969
D220,,,DT,base_utility,accuracy,0.8303030303030303
D220,,,DT,base_utility,macro_f1,0.830296796943873
D220,,,RF,base_utility,accuracy,0.906060606060606
D220,,,RF,base_utility,macro_f1,0.9059561128526645
D221,,,LR,base_utility,accuracy,0.8484848484848485
D221,,,LR,base_utility,macro_f1,0.8484347442680775
D221,,,DT,base_utility,accuracy,0.9757575757575757
D221,,,DT,base_utility,macro_f1,0.9757540134455016
D221,,,RF,base_utility,accuracy,0.9818181818181818
D221,,,RF,base_utility,macro_f1,0.9818175139582721
D222,,,LR,base_utility,accuracy,0.806060606060606
D222,,,LR,base_utility,macro_f1,0.806060606060606
D222,,,DT,base_utility,accuracy,0.9272727272727272
D222,,,DT,base_utility,macro_f1,0.9272299606747767
D222,,,RF,base_utility,accuracy,0.9727272727272728
D222,,,RF,base_utility,macro_f1,0.9727210103329507
D223,,,LR,base_utility,accuracy,0.8
D223,,,LR,base_utility,macro_f1,0.7999338624338624
D223,,,DT,base_utility,accuracy,0.8606060606060606
D223,,,DT,base_utility,macro_f1,0.8599837662337662
D223,,,RF,base_utility,accuracy,0.8848484848484849
D223,,,RF,base_utility,macro_f1,0.8847426470588236
D224,,,LR,base_utility,accuracy,0.7575757575757576
D224,,,LR,base_utility,macro_f1,0.7575401344550163
D224,,,DT,base_utility,accuracy,0.7848484848484848
D224,,,DT,base_utility,macro_f1,0.7842759941442395
D224,,,RF,base_utility,accuracy,0.8636363636363636
D224,,,RF,base_utility,macro_f1,0.8630819019168534
D225,,,LR,base_utility,accuracy,1.0
D225,,,LR,base_utility,macro_f1,1.0
D225,,,DT,base_utility,accuracy,1.0
D225,,,DT,base_utility,macro_f1,1.0
D225,,,RF,base_utility,accuracy,1.0
D225,,,RF,base_utility,macro_f1,1.0
D226,,,LR,base_utility,accuracy,0.996969696969697
D226,,,LR,base_utility,macro_f1,0.9969683328586784
D226,,,DT,base_utility,accuracy,0.9757575757575757
D226,,,DT,base_utility,macro_f1,0.9757495590828924
D226,,,RF,base_utility,accuracy,0.996969696969697
D226,,,RF,base_utility,macro_f1,0.9969683328586784
D227,,,LR,base_utility,accuracy,0.9606060606060606
D227,,,LR,base_utility,macro_f1,0.9605012383644382
D227,,,DT,base_utility,accuracy,0.9090909090909091
D227,,,DT,base_utility,macro_f1,0.9088196286472149
D227,,,RF,base_utility,accuracy,0.9606060606060606
D227,,,RF,base_utility,macro_f1,0.9605012383644382
D228,,,LR,base_utility,accuracy,0.8848484848484849
D228,,,LR,base_utility,macro_f1,0.8848104056437389
D228,,,DT,base_utility,accuracy,0.8121212121212121
D228,,,DT,base_utility,macro_f1,0.8120936042026377
D228,,,RF,base_utility,accuracy,0.8909090909090909
D228,,,RF,base_utility,macro_f1,0.8908730158730158
D229,,,LR,base_utility,accuracy,1.0
D229,,,LR,base_utility,macro_f1,1.0
D229,,,DT,base_utility,accuracy,1.0
D229,,,DT,base_utility,macro_f1,1.0
D229,,,RF,base_utility,accuracy,1.0
D229,,,RF,base_utility,macro_f1,1.0
D23,,,LR,base_utility,accuracy,0.6484848484848484
D23,,,LR,base_utility,macro_f1,0.6469155844155844
D23,,,DT,base_utility,accuracy,0.6909090909090909
D23,,,DT,base_utility,macro_f1,0.6908636714301459
D23,,,RF,base_utility,accuracy,0.7393939393939394
D23,,,RF,base_utility,macro_f1,0.73924069241795
D230,,,LR,base_utility,accuracy,0.990909090909091
D230,,,LR,base_utility,macro_f1,0.9908566151004388
D230,,,DT,base_utility,accuracy,0.990909090909091
D230,,,DT,base_utility,macro_f1,0.9908566151004388
D230,,,RF,base_utility,accuracy,0.990909090909091
D230,,,RF,base_utility,macro_f1,0.9908566151004388
D231,,,LR,base_utility,accuracy,0.9515151515151515
D231,,,LR,base_utility,macro_f1,0.9515151515151515
D231,,,DT,base_utility,accuracy,0.9151515151515152
D231,,,DT,base_utility,macro_f1,0.9151483984719365
D231,,,RF,base_utility,accuracy,0.9515151515151515
D231,,,RF,base_utility,macro_f1,0.9515151515151515
D232,,,LR,base_utility,accuracy,0.896969696969697
D232,,,LR,base_utility,macro_f1,0.8969356261022927
D232,,,DT,base_utility,accuracy,0.8212121212121212
D232,,,DT,base_utility,macro_f1,0.821197344133124
D232,,,RF,base_utility,accuracy,0.8939393939393939
D232,,,RF,base_utility,macro_f1,0.8939150401836969
D233,,,LR,base_utility,accuracy,1.0
D233,,,LR,base_utility,macro_f1,1.0
D233,,,DT,base_utility,accuracy,1.0
D233,,,DT,base_utility,macro_f1,1.0
D233,,,RF,base_utility,accuracy,1.0
D233,,,RF,base_utility,macro_f1,1.0
D234,,,LR,base_utility,accuracy,0.990909090909091
D234,,,LR,base_utility,macro_f1,0.990909007428902
D234,,,DT,base_utility,accuracy,0.990909090909091
D234,,,DT,base_utility,macro_f1,0.990909007428902
D234,,,RF,base_utility,accuracy,0.9939393939393939
D234,,,RF,base_utility,macro_f1,0.9939393939393939
D235,,,LR,base_utility,accuracy,0.9545454545454546
D235,,,LR,base_utility,macro_f1,0.9544748047934811
D235,,,DT,base_utility,accuracy,0.906060606060606
D235,,,DT,base_utility,macro_f1,0.9058661145617668
D235,,,RF,base_utility,accuracy,0.9545454545454546
D235,,,RF,base_utility,macro_f1,0.9544748047934811
D236,,,LR,base_utility,accuracy,0.8909090909090909
D236,,,LR,base_utility,macro_f1,0.8908088235294118
D236,,,DT,base_utility,accuracy,0.7909090909090909
D236,,,DT,base_utility,macro_f1,0.7908149672488081
D236,,,RF,base_utility,accuracy,0.8909090909090909
D236,,,RF,base_utility,macro_f1,0.8908088235294118
D237,,,LR,base_utility,accuracy,0.9848484848484849
D237,,,LR,base_utility,macro_f1,0.9848450057405281
D237,,,DT,base_utility,accuracy,0.9939393939393939
D237,,,DT,base_utility,macro_f1,0.9939373897707231
D237,,,RF,base_utility,accuracy,1.0
D237,,,RF,base_utility,macro_f1,1.0
D238,,,LR,base_utility,accuracy,0.9484848484848485
D238,,,LR,base_utility,macro_f1,0.9484843754304447
D238,,,DT,base_utility,accuracy,0.9727272727272728
D238,,,DT,base_utility,macro_f1,0.9727250185965783
D238,,,RF,base_utility,accuracy,0.996969696969697
D238,,,RF,base_utility,macro_f1,0.9969696691429674
D239,,,LR,base_utility,accuracy,0.896969696969697
D239,,,LR,base_utility,macro_f1,0.8969659124302086
D239,,,DT,base_utility,accuracy,0.8757575757575757
D239,,,DT,base_utility,macro_f1,0.8757290470723307
D239,,,RF,base_utility,accuracy,0.9212121212121213
D239,,,RF,base_utility,macro_f1,0.9212005436978803
D24,,,LR,base_utility,accuracy,0.6787878787878788
D24,,,LR,base_utility,macro_f1,0.6785989929802638
D24,,,DT,base_utility,accuracy,0.7272727272727273
D24,,,DT,base_utility,macro_f1,0.7252950534610973
D24,,,RF,base_utility,accuracy,0.7212121212121212
D24,,,RF,base_utility,macro_f1,0.7203801945181256
D240,,,LR,base_utility,accuracy,0.8636363636363636
D240,,,LR,base_utility,macro_f1,0.8635749786405269
D240,,,DT,base_utility,accuracy,0.793939393939394
D240,,,DT,base_utility,macro_f1,0.7936665563279268
D240,,,RF,base_utility,accuracy,0.8909090909090909
D240,,,RF,base_utility,macro_f1,0.890844941012165
D241,,,LR,base_utility,accuracy,1.0
D241,,,LR,base_utility,macro_f1,1.0
D241,,,DT,base_utility,accuracy,1.0
D241,,,DT,base_utility,macro_f1,1.0
D241,,,RF,base_utility,accuracy,1.0
D241,,,RF,base_utility,macro_f1,1.0
D242,,,LR,base_utility,accuracy,0.996969696969697
D242,,,LR,base_utility,macro_f1,0.9969690011481056
D242,,,DT,base_utility,accuracy,0.990909090909091
D242,,,DT,base_utility,macro_f1,0.9909070034443168
D242,,,RF,base_utility,accuracy,0.996969696969697
D242,,,RF,base_utility,macro_f1,0.9969690011481056
D243,,,LR,base_utility,accuracy,0.9545454545454546
D243,,,LR,base_utility,macro_f1,0.9545416976609638
D243,,,DT,base_utility,accuracy,0.9181818181818182
D243,,,DT,base_utility,macro_f1,0.918181066860118
D243,,,RF,base_utility,accuracy,0.9545454545454546
D243,,,RF,base_utility,macro_f1,0.9545416976609638
D244,,,LR,base_utility,accuracy,0.9090909090909091
D244,,,LR,base_utility,macro_f1,0.9083333333333333
D244,,,DT,base_utility,accuracy,0.8484848484848485
D244,,,DT,base_utility,macro_f1,0.8475384387936132
D244,,,RF,base_utility,accuracy,0.9090909090909091
D244,,,RF,base_utility,macro_f1,0.9083333333333333
D245,,,LR,base_utility,accuracy,1.0
D245,,,LR,base_utility,macro_f1,1.0
D245,,,DT,base_utility,accuracy,1.0
D245,,,DT,base_utility,macro_f1,1.0
D245,,,RF,base_utility,accuracy,1.0
D245,,,RF,base_utility,macro_f1,1.0
D246,,,LR,base_utility,accuracy,0.9939393939393939
D246,,,LR,base_utility,macro_f1,0.9939391713194241
D246,,,DT,base_utility,accuracy,0.9878787878787879
D246,,,DT,base_utility,macro_f1,0.987878342638848
D246,,,RF,base_utility,accuracy,0.9939393939393939
D246,,,RF,base_utility,macro_f1,0.9939391713194241
D247,,,LR,base_utility,accuracy,0.9545454545454546
D247,,,LR,base_utility,macro_f1,0.9543606339722845
D247,,,DT,base_utility,accuracy,0.9090909090909091
D247,,,DT,base_utility,macro_f1,0.9086075108009306
D247,,,RF,base_utility,accuracy,0.9545454545454546
D247,,,RF,base_utility,macro_f1,0.9543606339722845
D248,,,LR,base_utility,accuracy,0.9151515151515152
D248,,,LR,base_utility,macro_f1,0.9151483984719365
D248,,,DT,base_utility,accuracy,0.8333333333333334
D248,,,DT,base_utility,macro_f1,0.8333195580902002
D248,,,RF,base_utility,accuracy,0.9212121212121213
D248,,,RF,base_utility,macro_f1,0.9212092271525125
D249,,,LR,base_utility,accuracy,1.0
D249,,,LR,base_utility,macro_f1,1.0
D249,,,DT,base_utility,accuracy,1.0
D249,,,DT,base_utility,macro_f1,1.0
D249,,,RF,base_utility,accuracy,1.0
D249,,,RF,base_utility,macro_f1,1.0
D25,,,LR,base_utility,accuracy,0.6666666666666666
D25,,,LR,base_utility,macro_f1,0.6654377880184332
D25,,,DT,base_utility,accuracy,0.8
D25,,,DT,base_utility,macro_f1,0.7999706109253885
D25,,,RF,base_utility,accuracy,0.7818181818181819
D25,,,RF,base_utility,macro_f1,0.7816176470588235
D250,,,LR,base_utility,accuracy,0.996969696969697
D250,,,LR,base_utility,macro_f1,0.996964986986232
D250,,,DT,base_utility,accuracy,0.9818181818181818
D250,,,DT,base_utility,macro_f1,0.9817639257294429
D250,,,RF,base_utility,accuracy,1.0
D250,,,RF,base_utility,macro_f1,1.0
D251,,,LR,base_utility,accuracy,0.9696969696969697
D251,,,LR,base_utility,macro_f1,0.9696958565971201
D251,,,DT,base_utility,accuracy,0.8939393939393939
D251,,,DT,base_utility,macro_f1,0.8938916500537432
D251,,,RF,base_utility,accuracy,0.9696969696969697
D251,,,RF,base_utility,macro_f1,0.9696958565971201
D252,,,LR,base_utility,accuracy,0.9121212121212121
D252,,,LR,base_utility,macro_f1,0.9120816529016729
D252,,,DT,base_utility,accuracy,0.8272727272727273
D252,,,DT,base_utility,macro_f1,0.8272711411491382
D252,,,RF,base_utility,accuracy,0.9121212121212121
D252,,,RF,base_utility,macro_f1,0.9120816529016729
D253,,,LR,base_utility,accuracy,0.9696969696969697
D253,,,LR,base_utility,macro_f1,0.9696958565971201
D253,,,DT,base_utility,accuracy,0.9939393939393939
D253,,,DT,base_utility,macro_f1,0.9939393939393939
D253,,,RF,base_utility,accuracy,1.0
D253,,,RF,base_utility,macro_f1,1.0
D254,,,LR,base_utility,accuracy,0.9606060606060606
D254,,,LR,base_utility,macro_f1,0.9606056988585754
D254,,,DT,base_utility,accuracy,0.9787878787878788
D254,,,DT,base_utility,macro_f1,0.9787642835473759
D254,,,RF,base_utility,accuracy,0.996969696969697
D254,,,RF,base_utility,macro_f1,0.9969674413475588
D255,,,LR,base_utility,accuracy,0.8848484848484849
D255,,,LR,base_utility,macro_f1,0.8847807710683965
D255,,,DT,base_utility,accuracy,0.9
D255,,,DT,base_utility,macro_f1,0.89992556446944
D255,,,RF,base_utility,accuracy,0.9242424242424242
D255,,,RF,base_utility,macro_f1,0.924040843008535
D256,,,LR,base_utility,accuracy,0.8606060606060606
D256,,,LR,base_utility,macro_f1,0.8604214939865387
D256,,,DT,base_utility,accuracy,0.806060606060606
D256,,,DT,base_utility,macro_f1,0.8056036228415744
D256,,,RF,base_utility,accuracy,0.8878787878787879
D256,,,RF,base_utility,macro_f1,0.8872315862387439
D257,,,LR,base_utility,accuracy,0.8090909090909091
D257,,,LR,base_utility,macro_f1,0.8076051046187731
D257,,,DT,base_utility,accuracy,0.85
D257,,,DT,base_utility,macro_f1,0.8498479865980021
D257,,,RF,base_utility,accuracy,0.9136363636363637
D257,,,RF,base_utility,macro_f1,0.9136123670716614
D258,,,LR,base_utility,accuracy,0.7712121212121212
D258,,,LR,base_utility,macro_f1,0.7702368409525281
D258,,,DT,base_utility,accuracy,0.8651515151515151
D258,,,DT,base_utility,macro_f1,0.865014856638608
D258,,,RF,base_utility,accuracy,0.8954545454545455
D258,,,RF,base_utility,macro_f1,0.8952233922864723
D259,,,LR,base_utility,accuracy,0.740909090909091
D259,,,LR,base_utility,macro_f1,0.7393527467730873
D259,,,DT,base_utility,accuracy,0.7833333333333333
D259,,,DT,base_utility,macro_f1,0.7825741397303256
D259,,,RF,base_utility,accuracy,0.8606060606060606
D259,,,RF,base_utility,macro_f1,0.8605240912933221
D26,,,LR,base_utility,accuracy,0.6303030303030303
D26,,,LR,base_utility,macro_f1,0.6303030303030303
D26,,,DT,base_utility,accuracy,0.6909090909090909
D26,,,DT,base_utility,macro_f1,0.69049983449189
D26,,,RF,base_utility,accuracy,0.8121212121212121
D26,,,RF,base_utility,macro_f1,0.8120107317431732
D260,,,LR,base_utility,accuracy,0.7348484848484849
D260,,,LR,base_utility,macro_f1,0.7343355744216911
D260,,,DT,base_utility,accuracy,0.7515151515151515
D260,,,DT,base_utility,macro_f1,0.7510006901311249
D260,,,RF,base_utility,accuracy,0.8424242424242424
D260,,,RF,base_utility,macro_f1,0.8423880597014926
D261,,,LR,base_utility,accuracy,0.7348484848484849
D261,,,LR,base_utility,macro_f1,0.7348332663720369
D261,,,DT,base_utility,accuracy,0.759090909090909
D261,,,DT,base_utility,macro_f1,0.7590239713051605
D261,,,RF,base_utility,accuracy,0.8090909090909091
D261,,,RF,base_utility,macro_f1,0.8088785519263828
D262,,,LR,base_utility,accuracy,0.7712121212121212
D262,,,LR,base_utility,macro_f1,0.7711863823065497
D262,,,DT,base_utility,accuracy,0.746969696969697
D262,,,DT,base_utility,macro_f1,0.7468993912450428
D262,,,RF,base_utility,accuracy,0.8090909090909091
D262,,,RF,base_utility,macro_f1,0.8090628558833254
D263,,,LR,base_utility,accuracy,0.7151515151515152
D263,,,LR,base_utility,macro_f1,0.7149840126428755
D263,,,DT,base_utility,accuracy,0.6954545454545454
D263,,,DT,base_utility,macro_f1,0.6954538463127785
D263,,,RF,base_utility,accuracy,0.753030303030303
D263,,,RF,base_utility,macro_f1,0.7529843703719011
D264,,,LR,base_utility,accuracy,0.7045454545454546
D264,,,LR,base_utility,macro_f1,0.704544776273591
D264,,,DT,base_utility,accuracy,0.6530303030303031
D264,,,DT,base_utility,macro_f1,0.653010388566837
D264,,,RF,base_utility,accuracy,0.7303030303030303
D264,,,RF,base_utility,macro_f1,0.730144437502297
D265,,,LR,base_utility,accuracy,0.6924242424242424
D265,,,LR,base_utility,macro_f1,0.6922652885443583
D265,,,DT,base_utility,accuracy,0.7106060606060606
D265,,,DT,base_utility,macro_f1,0.7105522376750497
D265,,,RF,base_utility,accuracy,0.803030303030303
D265,,,RF,base_utility,macro_f1,0.8029144768275203
D266,,,LR,base_utility,accuracy,0.6848484848484848
D266,,,LR,base_utility,macro_f1,0.6848484848484848
D266,,,DT,base_utility,accuracy,0.7045454545454546
D266,,,DT,base_utility,macro_f1,0.7045122155614383
D266,,,RF,base_utility,accuracy,0.793939393939394
D266,,,RF,base_utility,macro_f1,0.7937101830316513
D267,,,LR,base_utility,accuracy,0.6484848484848484
D267,,,LR,base_utility,macro_f1,0.6483686067019401
D267,,,DT,base_utility,accuracy,0.6742424242424242
D267,,,DT,base_utility,macro_f1,0.6741818382206057
D267,,,RF,base_utility,accuracy,0.7621212121212121
D267,,,RF,base_utility,macro_f1,0.7621075589737702
D268,,,LR,base_utility,accuracy,0.6606060606060606
D268,,,LR,base_utility,macro_f1,0.6605935938877461
D268,,,DT,base_utility,accuracy,0.6242424242424243
D268,,,DT,base_utility,macro_f1,0.6240732744761187
D268,,,RF,base_utility,accuracy,0.740909090909091
D268,,,RF,base_utility,macro_f1,0.7409084961168414
D269,,,LR,base_utility,accuracy,0.6136363636363636
D269,,,LR,base_utility,macro_f1,0.6135928972726501
D269,,,DT,base_utility,accuracy,0.7378787878787879
D269,,,DT,base_utility,macro_f1,0.7377047673961834
D269,,,RF,base_utility,accuracy,0.8121212121212121
D269,,,RF,base_utility,macro_f1,0.8107588146065337
D27,,,LR,base_utility,accuracy,0.7090909090909091
D27,,,LR,base_utility,macro_f1,0.7088235294117646
D27,,,DT,base_utility,accuracy,0.8363636363636363
D27,,,DT,base_utility,macro_f1,0.8362674115182476
D27,,,RF,base_utility,accuracy,0.806060606060606
D27,,,RF,base_utility,macro_f1,0.8057109214012363
D270,,,LR,base_utility,accuracy,0.5848484848484848
D270,,,LR,base_utility,macro_f1,0.5846616016389377
D270,,,DT,base_utility,accuracy,0.696969696969697
D270,,,DT,base_utility,macro_f1,0.6960654288240495
D270,,,RF,base_utility,accuracy,0.7696969696969697
D270,,,RF,base_utility,macro_f1,0.7696948548655176
D271,,,LR,base_utility,accuracy,0.5772727272727273
D271,,,LR,base_utility,macro_f1,0.5772639930577078
D271,,,DT,base_utility,accuracy,0.6909090909090909
D271,,,DT,base_utility,macro_f1,0.6908381171067738
D271,,,RF,base_utility,accuracy,0.7681818181818182
D271,,,RF,base_utility,macro_f1,0.7671936203028926
D272,,,LR,base_utility,accuracy,0.6136363636363636
D272,,,LR,base_utility,macro_f1,0.6129886794014776
D272,,,DT,base_utility,accuracy,0.6696969696969697
D272,,,DT,base_utility,macro_f1,0.669502738064611
D272,,,RF,base_utility,accuracy,0.7378787878787879
D272,,,RF,base_utility,macro_f1,0.736542752387567
D273,,,LR,base_utility,accuracy,0.7772727272727272
D273,,,LR,base_utility,macro_f1,0.7750912778904665
D273,,,DT,base_utility,accuracy,0.8621212121212121
D273,,,DT,base_utility,macro_f1,0.8621132985134592
D273,,,RF,base_utility,accuracy,0.896969696969697
D273,,,RF,base_utility,macro_f1,0.896421845574388
D274,,,LR,base_utility,accuracy,0.7924242424242425
D274,,,LR,base_utility,macro_f1,0.7908643671461382
D274,,,DT,base_utility,accuracy,0.8424242424242424
D274,,,DT,base_utility,macro_f1,0.8422489634947923
D274,,,RF,base_utility,accuracy,0.9106060606060606
D274,,,RF,base_utility,macro_f1,0.9104562042536752
D275,,,LR,base_utility,accuracy,0.75
D275,,,LR,base_utility,macro_f1,0.7477011614087032
D275,,,DT,base_utility,accuracy,0.7742424242424243
D275,,,DT,base_utility,macro_f1,0.774154802942372
D275,,,RF,base_utility,accuracy,0.8636363636363636
D275,,,RF,base_utility,macro_f1,0.8631828190788564
D276,,,LR,base_utility,accuracy,0.7136363636363636
D276,,,LR,base_utility,macro_f1,0.7111691006045675
D276,,,DT,base_utility,accuracy,0.7454545454545455
D276,,,DT,base_utility,macro_f1,0.7442120124387521
D276,,,RF,base_utility,accuracy,0.8378787878787879
D276,,,RF,base_utility,macro_f1,0.8378754381977589
D277,,,LR,base_utility,accuracy,0.7378787878787879
D277,,,LR,base_utility,macro_f1,0.7378059561999546
D277,,,DT,base_utility,accuracy,0.7242424242424242
D277,,,DT,base_utility,macro_f1,0.7240802675585284
D277,,,RF,base_utility,accuracy,0.7833333333333333
D277,,,RF,base_utility,macro_f1,0.783273131425396
D278,,,LR,base_utility,accuracy,0.740909090909091
D278,,,LR,base_utility,macro_f1,0.7407370822239732
D278,,,DT,base_utility,accuracy,0.7227272727272728
D278,,,DT,base_utility,macro_f1,0.7226960792191959
D278,,,RF,base_utility,accuracy,0.8090909090909091
D278,,,RF,base_utility,macro_f1,0.808978646771289
D279,,,LR,base_utility,accuracy,0.6727272727272727
D279,,,LR,base_utility,macro_f1,0.6727002231589387
D279,,,DT,base_utility,accuracy,0.6818181818181818
D279,,,DT,base_utility,macro_f1,0.681791883626746
D279,,,RF,base_utility,accuracy,0.7363636363636363
D279,,,RF,base_utility,macro_f1,0.7361673972376148
D28,,,LR,base_utility,accuracy,0.6363636363636364
D28,,,LR,base_utility,macro_f1,0.6360294117647058
D28,,,DT,base_utility,accuracy,0.6727272727272727
D28,,,DT,base_utility,macro_f1,0.6721371798645863
D28,,,RF,base_utility,accuracy,0.7151515151515152
D28,,,RF,base_utility,macro_f1,0.713636867176249
D280,,,LR,base_utility,accuracy,0.6742424242424242
D280,,,LR,base_utility,macro_f1,0.6741519108843366
D280,,,DT,base_utility,accuracy,0.6121212121212121
D280,,,DT,base_utility,macro_f1,0.6120642151280262
D280,,,RF,base_utility,accuracy,0.7196969696969697
D280,,,RF,base_utility,macro_f1,0.7196448375386608
D281,,,LR,base_utility,accuracy,0.6893939393939394
D281,,,LR,base_utility,macro_f1,0.688947640669004
D281,,,DT,base_utility,accuracy,0.6863636363636364
D281,,,DT,base_utility,macro_f1,0.6859822879484039
D281,,,RF,base_utility,accuracy,0.7712121212121212
D281,,,RF,base_utility,macro_f1,0.7710223578309848
D282,,,LR,base_utility,accuracy,0.6772727272727272
D282,,,LR,base_utility,macro_f1,0.6772719863911534
D282,,,DT,base_utility,accuracy,0.6742424242424242
D282,,,DT,base_utility,macro_f1,0.6741818382206057
D282,,,RF,base_utility,accuracy,0.7651515151515151
D282,,,RF,base_utility,macro_f1,0.7651380359295185
D283,,,LR,base_utility,accuracy,0.6636363636363637
D283,,,LR,base_utility,macro_f1,0.6633859895790257
D283,,,DT,base_utility,accuracy,0.6424242424242425
D283,,,DT,base_utility,macro_f1,0.6423059964726632
D283,,,RF,base_utility,accuracy,0.7242424242424242
D283,,,RF,base_utility,macro_f1,0.7235086685510675
D284,,,LR,base_utility,accuracy,0.6575757575757576
D284,,,LR,base_utility,macro_f1,0.6575254399177106
D284,,,DT,base_utility,accuracy,0.6151515151515151
D284,,,DT,base_utility,macro_f1,0.6150242504409171
D284,,,RF,base_utility,accuracy,0.7090909090909091
D284,,,RF,base_utility,macro_f1,0.7090802233323538
D285,,,LR,base_utility,accuracy,0.6090909090909091
D285,,,LR,base_utility,macro_f1,0.6090011481056257
D285,,,DT,base_utility,accuracy,0.7121212121212122
D285,,,DT,base_utility,macro_f1,0.7116737636920474
D285,,,RF,base_utility,accuracy,0.7727272727272727
D285,,,RF,base_utility,macro_f1,0.771889400921659
D286,,,LR,base_utility,accuracy,0.6287878787878788
D286,,,LR,base_utility,macro_f1,0.628165593934753
D286,,,DT,base_utility,accuracy,0.7303030303030303
D286,,,DT,base_utility,macro_f1,0.7302931237143697
D286,,,RF,base_utility,accuracy,0.7606060606060606
D286,,,RF,base_utility,macro_f1,0.7600419719450683
D287,,,LR,base_utility,accuracy,0.6136363636363636
D287,,,LR,base_utility,macro_f1,0.6133159022973584
D287,,,DT,base_utility,accuracy,0.6787878787878788
D287,,,DT,base_utility,macro_f1,0.6785989929802638
D287,,,RF,base_utility,accuracy,0.759090909090909
D287,,,RF,base_utility,macro_f1,0.7575273053275138
D288,,,LR,base_utility,accuracy,0.5666666666666667
D288,,,LR,base_utility,macro_f1,0.5666308510345208
D288,,,DT,base_utility,accuracy,0.5984848484848485
D288,,,DT,base_utility,macro_f1,0.5979966488228359
D288,,,RF,base_utility,accuracy,0.7045454545454546
D288,,,RF,base_utility,macro_f1,0.7034008651384245
D289,,,LR,base_utility,accuracy,0.943939393939394
D289,,,LR,base_utility,macro_f1,0.943917635629985
D289,,,DT,base_utility,accuracy,0.9242424242424242
D289,,,DT,base_utility,macro_f1,0.924105828672358
D289,,,RF,base_utility,accuracy,0.9621212121212122
D289,,,RF,base_utility,macro_f1,0.9621204294854577
D29,,,LR,base_utility,accuracy,0.6
D29,,,LR,base_utility,macro_f1,0.5999853070819865
D29,,,DT,base_utility,accuracy,0.6242424242424243
D29,,,DT,base_utility,macro_f1,0.6242286218042903
D29,,,RF,base_utility,accuracy,0.703030303030303
D29,,,RF,base_utility,macro_f1,0.7019354838709677
D290,,,LR,base_utility,accuracy,0.9333333333333333
D290,,,LR,base_utility,macro_f1,0.933213129231675
D290,,,DT,base_utility,accuracy,0.9151515151515152
D290,,,DT,base_utility,macro_f1,0.9151234567901234
D290,,,RF,base_utility,accuracy,0.9484848484848485
D290,,,RF,base_utility,macro_f1,0.9484545554779669
D291,,,LR,base_utility,accuracy,0.8681818181818182
D291,,,LR,base_utility,macro_f1,0.8677662350223729
D291,,,DT,base_utility,accuracy,0.8303030303030303
D291,,,DT,base_utility,macro_f1,0.8301767154632922
D291,,,RF,base_utility,accuracy,0.9015151515151515
D291,,,RF,base_utility,macro_f1,0.9014769274580818
D292,,,LR,base_utility,accuracy,0.8484848484848485
D292,,,LR,base_utility,macro_f1,0.84812783034498
D292,,,DT,base_utility,accuracy,0.8015151515151515
D292,,,DT,base_utility,macro_f1,0.801229955744583
D292,,,RF,base_utility,accuracy,0.8772727272727273
D292,,,RF,base_utility,macro_f1,0.877258920310136
D293,,,LR,base_utility,accuracy,0.9030303030303031
D293,,,LR,base_utility,macro_f1,0.9030303030303031
D293,,,DT,base_utility,accuracy,0.8787878787878788
D293,,,DT,base_utility,macro_f1,0.8787834263884807
D293,,,RF,base_utility,accuracy,0.9121212121212121
D293,,,RF,base_utility,macro_f1,0.9121204051460527
D294,,,LR,base_utility,accuracy,0.9030303030303031
D294,,,LR,base_utility,macro_f1,0.9029019088602008
D294,,,DT,base_utility,accuracy,0.8833333333333333
D294,,,DT,base_utility,macro_f1,0.8832365665760651
D294,,,RF,base_utility,accuracy,0.9227272727272727
D294,,,RF,base_utility,macro_f1,0.9226631804594717
D295,,,LR,base_utility,accuracy,0.85
D295,,,LR,base_utility,macro_f1,0.8498176159753236
D295,,,DT,base_utility,accuracy,0.8045454545454546
D295,,,DT,base_utility,macro_f1,0.8045414161449617
D295,,,RF,base_utility,accuracy,0.8590909090909091
D295,,,RF,base_utility,macro_f1,0.858997360507775
D296,,,LR,base_utility,accuracy,0.8045454545454546
D296,,,LR,base_utility,macro_f1,0.8044911465306019
D296,,,DT,base_utility,accuracy,0.7454545454545455
D296,,,DT,base_utility,macro_f1,0.7454451954158096
D296,,,RF,base_utility,accuracy,0.8287878787878787
D296,,,RF,base_utility,macro_f1,0.8287403066508374
D297,,,LR,base_utility,accuracy,0.8378787878787879
D297,,,LR,base_utility,macro_f1,0.837869482867474
D297,,,DT,base_utility,accuracy,0.803030303030303
D297,,,DT,base_utility,macro_f1,0.8030284942928769
D297,,,RF,base_utility,accuracy,0.8848484848484849
D297,,,RF,base_utility,macro_f1,0.8848474274327588
D298,,,LR,base_utility,accuracy,0.8196969696969697
D298,,,LR,base_utility,macro_f1,0.8196932443507785
D298,,,DT,base_utility,accuracy,0.8090909090909091
D298,,,DT,base_utility,macro_f1,0.8089488048962038
D298,,,RF,base_utility,accuracy,0.8666666666666667
D298,,,RF,base_utility,macro_f1,0.8665674192925867
D299,,,LR,base_utility,accuracy,0.7893939393939394
D299,,,LR,base_utility,macro_f1,0.7893818515755037
D299,,,DT,base_utility,accuracy,0.759090909090909
D299,,,DT,base_utility,macro_f1,0.7588910920207059
D299,,,RF,base_utility,accuracy,0.843939393939394
D299,,,RF,base_utility,macro_f1,0.8437496408632155
D3,,,LR,base_utility,accuracy,0.703030303030303
D3,,,LR,base_utility,macro_f1,0.702986664707395
D3,,,DT,base_utility,accuracy,0.7333333333333333
D3,,,DT,base_utility,macro_f1,0.7333235380546577
D3,,,RF,base_utility,accuracy,0.8242424242424242
D3,,,RF,base_utility,macro_f1,0.8235944700460829
D30,,,LR,base_utility,accuracy,0.6121212121212121
D30,,,LR,base_utility,macro_f1,0.6121069644431384
D30,,,DT,base_utility,accuracy,0.5818181818181818
D30,,,DT,base_utility,macro_f1,0.581264481959616
D30,,,RF,base_utility,accuracy,0.6363636363636364
D30,,,RF,base_utility,macro_f1,0.6363502791654423
D300,,,LR,base_utility,accuracy,0.7696969696969697
D300,,,LR,base_utility,macro_f1,0.7694852941176471
D300,,,DT,base_utility,accuracy,0.6984848484848485
D300,,,DT,base_utility,macro_f1,0.6982846746349162
D300,,,RF,base_utility,accuracy,0.8212121212121212
D300,,,RF,base_utility,macro_f1,0.8211710677382319
D301,,,LR,base_utility,accuracy,0.7151515151515152
D301,,,LR,base_utility,macro_f1,0.7150861079219288
D301,,,DT,base_utility,accuracy,0.8363636363636363
D301,,,DT,base_utility,macro_f1,0.8361092972565322
D301,,,RF,base_utility,accuracy,0.9106060606060606
D301,,,RF,base_utility,macro_f1,0.9099809281627463
D302,,,LR,base_utility,accuracy,0.6590909090909091
D302,,,LR,base_utility,macro_f1,0.6589585950472061
D302,,,DT,base_utility,accuracy,0.7878787878787878
D302,,,DT,base_utility,macro_f1,0.7877833001074864
D302,,,RF,base_utility,accuracy,0.8818181818181818
D302,,,RF,base_utility,macro_f1,0.8818008155468204
D303,,,LR,base_utility,accuracy,0.6712121212121213
D303,,,LR,base_utility,macro_f1,0.67108451166775
D303,,,DT,base_utility,accuracy,0.7924242424242425
D303,,,DT,base_utility,macro_f1,0.7924123285312518
D303,,,RF,base_utility,accuracy,0.8606060606060606
D303,,,RF,base_utility,macro_f1,0.8603174603174604
D304,,,LR,base_utility,accuracy,0.65
D304,,,LR,base_utility,macro_f1,0.649497097534341
D304,,,DT,base_utility,accuracy,0.7439393939393939
D304,,,DT,base_utility,macro_f1,0.7438682462300134
D304,,,RF,base_utility,accuracy,0.8151515151515152
D304,,,RF,base_utility,macro_f1,0.8147159530208755
D305,,,LR,base_utility,accuracy,0.9454545454545454
D305,,,LR,base_utility,macro_f1,0.9453561966440978
D305,,,DT,base_utility,accuracy,0.9378787878787879
D305,,,DT,base_utility,macro_f1,0.9378786452677806
D305,,,RF,base_utility,accuracy,0.9545454545454546
D305,,,RF,base_utility,macro_f1,0.9544948933158055
D306,,,LR,base_utility,accuracy,0.943939393939394
D306,,,LR,base_utility,macro_f1,0.943910422049957
D306,,,DT,base_utility,accuracy,0.9181818181818182
D306,,,DT,base_utility,macro_f1,0.9181337057591239
D306,,,RF,base_utility,accuracy,0.9636363636363636
D306,,,RF,base_utility,macro_f1,0.963636029715608
D307,,,LR,base_utility,accuracy,0.8727272727272727
D307,,,LR,base_utility,macro_f1,0.8723039644735994
D307,,,DT,base_utility,accuracy,0.8409090909090909
D307,,,DT,base_utility,macro_f1,0.840864886710955
D307,,,RF,base_utility,accuracy,0.9136363636363637
D307,,,RF,base_utility,macro_f1,0.9135917312661499
D308,,,LR,base_utility,accuracy,0.8151515151515152
D308,,,LR,base_utility,macro_f1,0.8145367103068943
D308,,,DT,base_utility,accuracy,0.7696969696969697
D308,,,DT,base_utility,macro_f1,0.769525542414468
D308,,,RF,base_utility,accuracy,0.8575757575757575
D308,,,RF,base_utility,macro_f1,0.8575744497194648
D309,,,LR,base_utility,accuracy,0.8954545454545455
D309,,,LR,base_utility,macro_f1,0.8954139691478099
D309,,,DT,base_utility,accuracy,0.9045454545454545
D309,,,DT,base_utility,macro_f1,0.9043344016528659
D309,,,RF,base_utility,accuracy,0.9166666666666666
D309,,,RF,base_utility,macro_f1,0.9166511679168992
D31,,,LR,base_utility,accuracy,0.5454545454545454
D31,,,LR,base_utility,macro_f1,0.5443834910349399
D31,,,DT,base_utility,accuracy,0.6424242424242425
D31,,,DT,base_utility,macro_f1,0.6423716983211492
D31,,,RF,base_utility,accuracy,0.6424242424242425
D31,,,RF,base_utility,macro_f1,0.6398312923156609
D310,,,LR,base_utility,accuracy,0.8939393939393939
D310,,,LR,base_utility,macro_f1,0.8939384200038567
D310,,,DT,base_utility,accuracy,0.8787878787878788
D310,,,DT,base_utility,macro_f1,0.878747795414462
D310,,,RF,base_utility,accuracy,0.9090909090909091
D310,,,RF,base_utility,macro_f1,0.9090775504206311
D311,,,LR,base_utility,accuracy,0.8348484848484848
D311,,,LR,base_utility,macro_f1,0.8348299051087014
D311,,,DT,base_utility,accuracy,0.8075757575757576
D311,,,DT,base_utility,macro_f1,0.807571781786125
D311,,,RF,base_utility,accuracy,0.85
D311,,,RF,base_utility,macro_f1,0.8499996556465923
D312,,,LR,base_utility,accuracy,0.8
D312,,,LR,base_utility,macro_f1,0.7999540757749712
D312,,,DT,base_utility,accuracy,0.7303030303030303
D312,,,DT,base_utility,macro_f1,0.7301022799327324
D312,,,RF,base_utility,accuracy,0.8318181818181818
D312,,,RF,base_utility,macro_f1,0.8318147069154321
D313,,,LR,base_utility,accuracy,0.8303030303030303
D313,,,LR,base_utility,macro_f1,0.8302032415744791
D313,,,DT,base_utility,accuracy,0.7803030303030303
D313,,,DT,base_utility,macro_f1,0.7802904207082592
D313,,,RF,base_utility,accuracy,0.8636363636363636
D313,,,RF,base_utility,macro_f1,0.8634846799474163
D314,,,LR,base_utility,accuracy,0.796969696969697
D314,,,LR,base_utility,macro_f1,0.796969696969697
D314,,,DT,base_utility,accuracy,0.7954545454545454
D314,,,DT,base_utility,macro_f1,0.7954165030687524
D314,,,RF,base_utility,accuracy,0.8454545454545455
D314,,,RF,base_utility,macro_f1,0.845431835715073
D315,,,LR,base_utility,accuracy,0.7833333333333333
D315,,,LR,base_utility,macro_f1,0.783022012759354
D315,,,DT,base_utility,accuracy,0.740909090909091
D315,,,DT,base_utility,macro_f1,0.7408942202835334
D315,,,RF,base_utility,accuracy,0.8181818181818182
D315,,,RF,base_utility,macro_f1,0.817577092105142
D316,,,LR,base_utility,accuracy,0.75
D316,,,LR,base_utility,macro_f1,0.7497926426629966
D316,,,DT,base_utility,accuracy,0.6863636363636364
D316,,,DT,base_utility,macro_f1,0.6857569366016575
D316,,,RF,base_utility,accuracy,0.7848484848484848
D316,,,RF,base_utility,macro_f1,0.7847516329661648
D317,,,LR,base_utility,accuracy,0.6954545454545454
D317,,,LR,base_utility,macro_f1,0.695437065947311
D317,,,DT,base_utility,accuracy,0.8363636363636363
D317,,,DT,base_utility,macro_f1,0.8362132352941176
D317,,,RF,base_utility,accuracy,0.8878787878787879
D317,,,RF,base_utility,macro_f1,0.8873314816694503
D318,,,LR,base_utility,accuracy,0.7166666666666667
D318,,,LR,base_utility,macro_f1,0.7156738750319642
D318,,,DT,base_utility,accuracy,0.8121212121212121
D318,,,DT,base_utility,macro_f1,0.8120936042026377
D318,,,RF,base_utility,accuracy,0.8939393939393939
D318,,,RF,base_utility,macro_f1,0.8937481601413011
D319,,,LR,base_utility,accuracy,0.703030303030303
D319,,,LR,base_utility,macro_f1,0.702986664707395
D319,,,DT,base_utility,accuracy,0.7303030303030303
D319,,,DT,base_utility,macro_f1,0.7301816244223756
D319,,,RF,base_utility,accuracy,0.85
D319,,,RF,base_utility,macro_f1,0.8490989586581031
D32,,,LR,base_utility,accuracy,0.5272727272727272
D32,,,LR,base_utility,macro_f1,0.5258620689655172
D32,,,DT,base_utility,accuracy,0.5878787878787879
D32,,,DT,base_utility,macro_f1,0.5834570834570835
D32,,,RF,base_utility,accuracy,0.6121212121212121
D32,,,RF,base_utility,macro_f1,0.6103896103896104
D320,,,LR,base_utility,accuracy,0.6515151515151515
D320,,,LR,base_utility,macro_f1,0.6512557549692608
D320,,,DT,base_utility,accuracy,0.7106060606060606
D320,,,DT,base_utility,macro_f1,0.7104139339460753
D320,,,RF,base_utility,accuracy,0.7954545454545454
D320,,,RF,base_utility,macro_f1,0.7944119744064828
D321,,,LR,base_utility,accuracy,0.996969696969697
D321,,,LR,base_utility,macro_f1,0.9969663262210537
D321,,,DT,base_utility,accuracy,0.9984848484848485
D321,,,DT,base_utility,macro_f1,0.998483006221973
D321,,,RF,base_utility,accuracy,0.9984848484848485
D321,,,RF,base_utility,macro_f1,0.998483006221973
D322,,,LR,base_utility,accuracy,0.990909090909091
D322,,,LR,base_utility,macro_f1,0.990909007428902
D322,,,DT,base_utility,accuracy,0.9833333333333333
D322,,,DT,base_utility,macro_f1,0.9833323767433853
D322,,,RF,base_utility,accuracy,0.9878787878787879
D322,,,RF,base_utility,macro_f1,0.987878342638848
D323,,,LR,base_utility,accuracy,0.9378787878787879
D323,,,LR,base_utility,macro_f1,0.9378752224071629
D323,,,DT,base_utility,accuracy,0.8954545454545455
D323,,,DT,base_utility,macro_f1,0.8953485967198196
D323,,,RF,base_utility,accuracy,0.9484848484848485
D323,,,RF,base_utility,macro_f1,0.9484678130511464
D324,,,LR,base_utility,accuracy,0.9045454545454545
D324,,,LR,base_utility,macro_f1,0.9044961240310077
D324,,,DT,base_utility,accuracy,0.8242424242424242
D324,,,DT,base_utility,macro_f1,0.8234577922077921
D324,,,RF,base_utility,accuracy,0.9106060606060606
D324,,,RF,base_utility,macro_f1,0.9105319146491928
D325,,,LR,base_utility,accuracy,0.990909090909091
D325,,,LR,base_utility,macro_f1,0.990909007428902
D325,,,DT,base_utility,accuracy,0.990909090909091
D325,,,DT,base_utility,macro_f1,0.990909007428902
D325,,,RF,base_utility,accuracy,0.990909090909091
D325,,,RF,base_utility,macro_f1,0.9909083395321927
D326,,,LR,base_utility,accuracy,0.9848484848484849
D326,,,LR,base_utility,macro_f1,0.9848171152518979
D326,,,DT,base_utility,accuracy,0.9772727272727273
D326,,,DT,base_utility,macro_f1,0.9772157666894509
D326,,,RF,base_utility,accuracy,0.9893939393939394
D326,,,RF,base_utility,macro_f1,0.9893734229768676
D327,,,LR,base_utility,accuracy,0.9318181818181818
D327,,,LR,base_utility,macro_f1,0.9317992371618379
D327,,,DT,base_utility,accuracy,0.8878787878787879
D327,,,DT,base_utility,macro_f1,0.8878787878787879
D327,,,RF,base_utility,accuracy,0.9333333333333333
D327,,,RF,base_utility,macro_f1,0.9333235369751295
D328,,,LR,base_utility,accuracy,0.896969696969697
D328,,,LR,base_utility,macro_f1,0.896961181364851
D328,,,DT,base_utility,accuracy,0.7893939393939394
D328,,,DT,base_utility,macro_f1,0.7893818515755037
D328,,,RF,base_utility,accuracy,0.8954545454545455
D328,,,RF,base_utility,macro_f1,0.8954543054506553
D329,,,LR,base_utility,accuracy,0.9803030303030303
D329,,,LR,base_utility,macro_f1,0.9802993669621762
D329,,,DT,base_utility,accuracy,0.953030303030303
D329,,,DT,base_utility,macro_f1,0.9530293325619675
D329,,,RF,base_utility,accuracy,0.9757575757575757
D329,,,RF,base_utility,macro_f1,0.9757566852776962
D33,,,LR,base_utility,accuracy,0.9030303030303031
D33,,,LR,base_utility,macro_f1,0.9022222222222223
D33,,,DT,base_utility,accuracy,0.9272727272727272
D33,,,DT,base_utility,macro_f1,0.927055702917772
D33,,,RF,base_utility,accuracy,0.9636363636363636
D33,,,RF,base_utility,macro_f1,0.9633333333333334
D330,,,LR,base_utility,accuracy,0.9590909090909091
D330,,,LR,base_utility,macro_f1,0.9590900638442943
D330,,,DT,base_utility,accuracy,0.9333333333333333
D330,,,DT,base_utility,macro_f1,0.9333278232360802
D330,,,RF,base_utility,accuracy,0.9651515151515152
D330,,,RF,base_utility,macro_f1,0.9651495150088962
D331,,,LR,base_utility,accuracy,0.9151515151515152
D331,,,LR,base_utility,macro_f1,0.9151234567901234
D331,,,DT,base_utility,accuracy,0.8348484848484848
D331,,,DT,base_utility,macro_f1,0.8347631352282515
D331,,,RF,base_utility,accuracy,0.9227272727272727
D331,,,RF,base_utility,macro_f1,0.9226873385012919
D332,,,LR,base_utility,accuracy,0.8863636363636364
D332,,,LR,base_utility,macro_f1,0.8863320619363965
D332,,,DT,base_utility,accuracy,0.803030303030303
D332,,,DT,base_utility,macro_f1,0.8030230678812813
D332,,,RF,base_utility,accuracy,0.8878787878787879
D332,,,RF,base_utility,macro_f1,0.8878746694093447
D333,,,LR,base_utility,accuracy,0.8590909090909091
D333,,,LR,base_utility,macro_f1,0.8590180878552971
D333,,,DT,base_utility,accuracy,0.9378787878787879
D333,,,DT,base_utility,macro_f1,0.9377230956178324
D333,,,RF,base_utility,accuracy,0.9878787878787879
D333,,,RF,base_utility,macro_f1,0.9878536922015183
D334,,,LR,base_utility,accuracy,0.8363636363636363
D334,,,LR,base_utility,macro_f1,0.8361092972565322
D334,,,DT,base_utility,accuracy,0.9318181818181818
D334,,,DT,base_utility,macro_f1,0.9316674297520471
D334,,,RF,base_utility,accuracy,0.9696969696969697
D334,,,RF,base_utility,macro_f1,0.9695961820175236
D335,,,LR,base_utility,accuracy,0.8106060606060606
D335,,,LR,base_utility,macro_f1,0.8106021474272884
D335,,,DT,base_utility,accuracy,0.8606060606060606
D335,,,DT,base_utility,macro_f1,0.8605945394936221
D335,,,RF,base_utility,accuracy,0.9363636363636364
D335,,,RF,base_utility,macro_f1,0.9362793776895069
D336,,,LR,base_utility,accuracy,0.7772727272727272
D336,,,LR,base_utility,macro_f1,0.777186282097508
D336,,,DT,base_utility,accuracy,0.7712121212121212
D336,,,DT,base_utility,macro_f1,0.7705669064748202
D336,,,RF,base_utility,accuracy,0.8772727272727273
D336,,,RF,base_utility,macro_f1,0.8772386268913082
D337,,,LR,base_utility,accuracy,1.0
D337,,,LR,base_utility,macro_f1,1.0
D337,,,DT,base_utility,accuracy,1.0
D337,,,DT,base_utility,macro_f1,1.0
D337,,,RF,base_utility,accuracy,1.0
D337,,,RF,base_utility,macro_f1,1.0
D338,,,LR,base_utility,accuracy,0.9893939393939394
D338,,,LR,base_utility,macro_f1,0.9893884582256676
D338,,,DT,base_utility,accuracy,0.9863636363636363
D338,,,DT,base_utility,macro_f1,0.986354583274946
D338,,,RF,base_utility,accuracy,0.9939393939393939
D338,,,RF,base_utility,macro_f1,0.9939348826951175
D339,,,LR,base_utility,accuracy,0.9409090909090909
D339,,,LR,base_utility,macro_f1,0.9409089552547182
D339,,,DT,base_utility,accuracy,0.9045454545454545
D339,,,DT,base_utility,macro_f1,0.9045277014320845
D339,,,RF,base_utility,accuracy,0.9515151515151515
D339,,,RF,base_utility,macro_f1,0.9515080268910032
D34,,,LR,base_utility,accuracy,0.8181818181818182
D34,,,LR,base_utility,macro_f1,0.8176392572944298
D34,,,DT,base_utility,accuracy,0.9212121212121213
D34,,,DT,base_utility,macro_f1,0.9206407932220948
D34,,,RF,base_utility,accuracy,0.9272727272727272
D34,,,RF,base_utility,macro_f1,0.926948051948052
D340,,,LR,base_utility,accuracy,0.8878787878787879
D340,,,LR,base_utility,macro_f1,0.8877757352941177
D340,,,DT,base_utility,accuracy,0.796969696969697
D340,,,DT,base_utility,macro_f1,0.796144165076204
D340,,,RF,base_utility,accuracy,0.9045454545454545
D340,,,RF,base_utility,macro_f1,0.9043344016528659
D341,,,LR,base_utility,accuracy,0.9893939393939394
D341,,,LR,base_utility,macro_f1,0.9893786999252832
D341,,,DT,base_utility,accuracy,0.9893939393939394
D341,,,DT,base_utility,macro_f1,0.9893761598267072
D341,,,RF,base_utility,accuracy,0.990909090909091
D341,,,RF,base_utility,macro_f1,0.9908926994406829
D342,,,LR,base_utility,accuracy,0.9818181818181818
D342,,,LR,base_utility,macro_f1,0.9818074901686942
D342,,,DT,base_utility,accuracy,0.9742424242424242
D342,,,DT,base_utility,macro_f1,0.9742324271813445
D342,,,RF,base_utility,accuracy,0.9863636363636363
D342,,,RF,base_utility,macro_f1,0.986354583274946
D343,,,LR,base_utility,accuracy,0.9318181818181818
D343,,,LR,base_utility,macro_f1,0.9318055010229175
D343,,,DT,base_utility,accuracy,0.8878787878787879
D343,,,DT,base_utility,macro_f1,0.8878128560402807
D343,,,RF,base_utility,accuracy,0.9393939393939394
D343,,,RF,base_utility,macro_f1,0.939373897707231
D344,,,LR,base_utility,accuracy,0.8893939393939394
D344,,,LR,base_utility,macro_f1,0.8893916540975364
D344,,,DT,base_utility,accuracy,0.8242424242424242
D344,,,DT,base_utility,macro_f1,0.824163305803346
D344,,,RF,base_utility,accuracy,0.8924242424242425
D344,,,RF,base_utility,macro_f1,0.892412140024934
D345,,,LR,base_utility,accuracy,0.9636363636363636
D345,,,LR,base_utility,macro_f1,0.963633358128771
D345,,,DT,base_utility,accuracy,0.953030303030303
D345,,,DT,base_utility,macro_f1,0.9530215673713431
D345,,,RF,base_utility,accuracy,0.9712121212121212
D345,,,RF,base_utility,macro_f1,0.971193009135997
D346,,,LR,base_utility,accuracy,0.9636363636363636
D346,,,LR,base_utility,macro_f1,0.9636243386243386
D346,,,DT,base_utility,accuracy,0.943939393939394
D346,,,DT,base_utility,macro_f1,0.943910422049957
D346,,,RF,base_utility,accuracy,0.9712121212121212
D346,,,RF,base_utility,macro_f1,0.9712041223572204
D347,,,LR,base_utility,accuracy,0.9212121212121213
D347,,,LR,base_utility,macro_f1,0.921089661642034
D347,,,DT,base_utility,accuracy,0.8666666666666667
D347,,,DT,base_utility,macro_f1,0.8662687886825817
D347,,,RF,base_utility,accuracy,0.9257575757575758
D347,,,RF,base_utility,macro_f1,0.9255235116792675
D348,,,LR,base_utility,accuracy,0.8742424242424243
D348,,,LR,base_utility,macro_f1,0.8742074818762788
D348,,,DT,base_utility,accuracy,0.7803030303030303
D348,,,DT,base_utility,macro_f1,0.7802419864103665
D348,,,RF,base_utility,accuracy,0.8787878787878788
D348,,,RF,base_utility,macro_f1,0.8787834263884807
D349,,,LR,base_utility,accuracy,0.8348484848484848
D349,,,LR,base_utility,macro_f1,0.8348481057119048
D349,,,DT,base_utility,accuracy,0.9287878787878788
D349,,,DT,base_utility,macro_f1,0.9287288133646112
D349,,,RF,base_utility,accuracy,0.9651515151515152
D349,,,RF,base_utility,macro_f1,0.9651014426116444
D35,,,LR,base_utility,accuracy,0.8181818181818182
D35,,,LR,base_utility,macro_f1,0.8178539888136591
D35,,,DT,base_utility,accuracy,0.8181818181818182
D35,,,DT,base_utility,macro_f1,0.818175139582721
D35,,,RF,base_utility,accuracy,0.8666666666666667
D35,,,RF,base_utility,macro_f1,0.8666225749559082
D350,,,LR,base_utility,accuracy,0.8560606060606061
D350,,,LR,base_utility,macro_f1,0.8556998556998557
D350,,,DT,base_utility,accuracy,0.9409090909090909
D350,,,DT,base_utility,macro_f1,0.9409024431122877
D350,,,RF,base_utility,accuracy,0.9727272727272728
D350,,,RF,base_utility,macro_f1,0.9727250185965783
D351,,,LR,base_utility,accuracy,0.8227272727272728
D351,,,LR,base_utility,macro_f1,0.8227268657641547
D351,,,DT,base_utility,accuracy,0.8454545454545455
D351,,,DT,base_utility,macro_f1,0.8448261555057671
D351,,,RF,base_utility,accuracy,0.9196969696969697
D351,,,RF,base_utility,macro_f1,0.9194957089693931
D352,,,LR,base_utility,accuracy,0.7772727272727272
D352,,,LR,base_utility,macro_f1,0.7769526984309443
D352,,,DT,base_utility,accuracy,0.7772727272727272
D352,,,DT,base_utility,macro_f1,0.7765705350378025
D352,,,RF,base_utility,accuracy,0.8803030303030303
D352,,,RF,base_utility,macro_f1,0.8799654676258992
D353,,,LR,base_utility,accuracy,1.0
D353,,,LR,base_utility,macro_f1,1.0
D353,,,DT,base_utility,accuracy,1.0
D353,,,DT,base_utility,macro_f1,1.0
D353,,,RF,base_utility,accuracy,1.0
D353,,,RF,base_utility,macro_f1,1.0
D354,,,LR,base_utility,accuracy,0.9954545454545455
D354,,,LR,base_utility,macro_f1,0.9954545350195937
D354,,,DT,base_utility,accuracy,0.9848484848484849
D354,,,DT,base_utility,macro_f1,0.9848472325536546
D354,,,RF,base_utility,accuracy,0.9954545454545455
D354,,,RF,base_utility,macro_f1,0.9954545350195937
D355,,,LR,base_utility,accuracy,0.9484848484848485
D355,,,LR,base_utility,macro_f1,0.9484678130511464
D355,,,DT,base_utility,accuracy,0.906060606060606
D355,,,DT,base_utility,macro_f1,0.9059906817743225
D355,,,RF,base_utility,accuracy,0.9484848484848485
D355,,,RF,base_utility,macro_f1,0.9484678130511464
D356,,,LR,base_utility,accuracy,0.9106060606060606
D356,,,LR,base_utility,macro_f1,0.9105319146491928
D356,,,DT,base_utility,accuracy,0.8151515151515152
D356,,,DT,base_utility,macro_f1,0.8143999114872902
D356,,,RF,base_utility,accuracy,0.9106060606060606
D356,,,RF,base_utility,macro_f1,0.9105319146491928
D357,,,LR,base_utility,accuracy,1.0
D357,,,LR,base_utility,macro_f1,1.0
D357,,,DT,base_utility,accuracy,1.0
D357,,,DT,base_utility,macro_f1,1.0
D357,,,RF,base_utility,accuracy,1.0
D357,,,RF,base_utility,macro_f1,1.0
D358,,,LR,base_utility,accuracy,0.996969696969697
D358,,,LR,base_utility,macro_f1,0.996964986986232
D358,,,DT,base_utility,accuracy,0.990909090909091
D358,,,DT,base_utility,macro_f1,0.9908902691511388
D358,,,RF,base_utility,accuracy,0.996969696969697
D358,,,RF,base_utility,macro_f1,0.996964986986232
D359,,,LR,base_utility,accuracy,0.9393939393939394
D359,,,LR,base_utility,macro_f1,0.9393850336137541
D359,,,DT,base_utility,accuracy,0.8893939393939394
D359,,,DT,base_utility,macro_f1,0.8893875911151925
D359,,,RF,base_utility,accuracy,0.9378787878787879
D359,,,RF,base_utility,macro_f1,0.9378717991693281
D36,,,LR,base_utility,accuracy,0.8121212121212121
D36,,,LR,base_utility,macro_f1,0.8116785096277752
D36,,,DT,base_utility,accuracy,0.806060606060606
D36,,,DT,base_utility,macro_f1,0.8060534822215693
D36,,,RF,base_utility,accuracy,0.8242424242424242
D36,,,RF,base_utility,macro_f1,0.8240097098091139
D360,,,LR,base_utility,accuracy,0.9030303030303031
D360,,,LR,base_utility,macro_f1,0.9030294125749547
D360,,,DT,base_utility,accuracy,0.7696969696969697
D360,,,DT,base_utility,macro_f1,0.7696948548655176
D360,,,RF,base_utility,accuracy,0.9015151515151515
D360,,,RF,base_utility,macro_f1,0.9015149254245304
D361,,,LR,base_utility,accuracy,1.0
D361,,,LR,base_utility,macro_f1,1.0
D361,,,DT,base_utility,accuracy,1.0
D361,,,DT,base_utility,macro_f1,1.0
D361,,,RF,base_utility,accuracy,1.0
D361,,,RF,base_utility,macro_f1,1.0
D362,,,LR,base_utility,accuracy,0.9939393939393939
D362,,,LR,base_utility,macro_f1,0.9939391713194241
D362,,,DT,base_utility,accuracy,0.9893939393939394
D362,,,DT,base_utility,macro_f1,0.9893933306548814
D362,,,RF,base_utility,accuracy,0.9924242424242424
D362,,,RF,base_utility,macro_f1,0.9924240858970915
D363,,,LR,base_utility,accuracy,0.9515151515151515
D363,,,LR,base_utility,macro_f1,0.9514705882352941
D363,,,DT,base_utility,accuracy,0.906060606060606
D363,,,DT,base_utility,macro_f1,0.9060183186190297
D363,,,RF,base_utility,accuracy,0.95
D363,,,RF,base_utility,macro_f1,0.9499493288660007
D364,,,LR,base_utility,accuracy,0.9045454545454545
D364,,,LR,base_utility,macro_f1,0.9045084066132176
D364,,,DT,base_utility,accuracy,0.8227272727272728
D364,,,DT,base_utility,macro_f1,0.8225802375246702
D364,,,RF,base_utility,accuracy,0.9045454545454545
D364,,,RF,base_utility,macro_f1,0.9045084066132176
D365,,,LR,base_utility,accuracy,0.9651515151515152
D365,,,LR,base_utility,macro_f1,0.9650841040668509
D365,,,DT,base_utility,accuracy,0.9863636363636363
D365,,,DT,base_utility,macro_f1,0.9863407769200521
D365,,,RF,base_utility,accuracy,0.996969696969697
D365,,,RF,base_utility,macro_f1,0.9969634230503797
D366,,,LR,base_utility,accuracy,0.9515151515151515
D366,,,LR,base_utility,macro_f1,0.9514147688060731
D366,,,DT,base_utility,accuracy,0.9833333333333333
D366,,,DT,base_utility,macro_f1,0.9832807883361621
D366,,,RF,base_utility,accuracy,0.9939393939393939
D366,,,RF,base_utility,macro_f1,0.9939192364035048
D367,,,LR,base_utility,accuracy,0.9303030303030303
D367,,,LR,base_utility,macro_f1,0.9302799823633157
D367,,,DT,base_utility,accuracy,0.9090909090909091
D367,,,DT,base_utility,macro_f1,0.9089496095869624
D367,,,RF,base_utility,accuracy,0.9515151515151515
D367,,,RF,base_utility,macro_f1,0.9514705882352941
D368,,,LR,base_utility,accuracy,0.8803030303030303
D368,,,LR,base_utility,macro_f1,0.8802961602479481
D368,,,DT,base_utility,accuracy,0.8242424242424242
D368,,,DT,base_utility,macro_f1,0.824163305803346
D368,,,RF,base_utility,accuracy,0.9
D368,,,RF,base_utility,macro_f1,0.8999853054626943
D369,,,LR,base_utility,accuracy,1.0
D369,,,LR,base_utility,macro_f1,1.0
D369,,,DT,base_utility,accuracy,1.0
D369,,,DT,base_utility,macro_f1,1.0
D369,,,RF,base_utility,accuracy,1.0
D369,,,RF,base_utility,macro_f1,1.0
D37,,,LR,base_utility,accuracy,0.9151515151515152
D37,,,LR,base_utility,macro_f1,0.9148983200707339
D37,,,DT,base_utility,accuracy,0.9212121212121213
D37,,,DT,base_utility,macro_f1,0.9211078009489131
D37,,,RF,base_utility,accuracy,0.9757575757575757
D37,,,RF,base_utility,macro_f1,0.9757138651751545
D370,,,LR,base_utility,accuracy,0.9939393939393939
D370,,,LR,base_utility,macro_f1,0.9939348826951175
D370,,,DT,base_utility,accuracy,0.9893939393939394
D370,,,DT,base_utility,macro_f1,0.9893868981027358
D370,,,RF,base_utility,accuracy,0.9939393939393939
D370,,,RF,base_utility,macro_f1,0.9939348826951175
D371,,,LR,base_utility,accuracy,0.953030303030303
D371,,,LR,base_utility,macro_f1,0.9530215673713431
D371,,,DT,base_utility,accuracy,0.9045454545454545
D371,,,DT,base_utility,macro_f1,0.9045277014320845
D371,,,RF,base_utility,accuracy,0.953030303030303
D371,,,RF,base_utility,macro_f1,0.9530215673713431
D372,,,LR,base_utility,accuracy,0.9045454545454545
D372,,,LR,base_utility,macro_f1,0.9042762589928057
D372,,,DT,base_utility,accuracy,0.806060606060606
D372,,,DT,base_utility,macro_f1,0.8056036228415744
D372,,,RF,base_utility,accuracy,0.9030303030303031
D372,,,RF,base_utility,macro_f1,0.9028018114207872
D373,,,LR,base_utility,accuracy,1.0
D373,,,LR,base_utility,macro_f1,1.0
D373,,,DT,base_utility,accuracy,1.0
D373,,,DT,base_utility,macro_f1,1.0
D373,,,RF,base_utility,accuracy,1.0
D373,,,RF,base_utility,macro_f1,1.0
D374,,,LR,base_utility,accuracy,0.9939393939393939
D374,,,LR,base_utility,macro_f1,0.9939338235294117
D374,,,DT,base_utility,accuracy,0.9878787878787879
D374,,,DT,base_utility,macro_f1,0.9878697653902351
D374,,,RF,base_utility,accuracy,0.9954545454545455
D374,,,RF,base_utility,macro_f1,0.9954499389878182
D375,,,LR,base_utility,accuracy,0.946969696969697
D375,,,LR,base_utility,macro_f1,0.946954962236985
D375,,,DT,base_utility,accuracy,0.8863636363636364
D375,,,DT,base_utility,macro_f1,0.886319531682402
D375,,,RF,base_utility,accuracy,0.946969696969697
D375,,,RF,base_utility,macro_f1,0.946954962236985
D376,,,LR,base_utility,accuracy,0.8954545454545455
D376,,,LR,base_utility,macro_f1,0.8954485450266889
D376,,,DT,base_utility,accuracy,0.8121212121212121
D376,,,DT,base_utility,macro_f1,0.8120936042026377
D376,,,RF,base_utility,accuracy,0.8954545454545455
D376,,,RF,base_utility,macro_f1,0.8954485450266889
D377,,,LR,base_utility,accuracy,1.0
D377,,,LR,base_utility,macro_f1,1.0
D377,,,DT,base_utility,accuracy,1.0
D377,,,DT,base_utility,macro_f1,1.0
D377,,,RF,base_utility,accuracy,1.0
D377,,,RF,base_utility,macro_f1,1.0
D378,,,LR,base_utility,accuracy,0.9924242424242424
D378,,,LR,base_utility,macro_f1,0.9924213021121602
D378,,,DT,base_utility,accuracy,0.9833333333333333
D378,,,DT,base_utility,macro_f1,0.9833302335833798
D378,,,RF,base_utility,accuracy,0.9893939393939394
D378,,,RF,base_utility,macro_f1,0.9893909924473969
D379,,,LR,base_utility,accuracy,0.9621212121212122
D379,,,LR,base_utility,macro_f1,0.9620374609733595
D379,,,DT,base_utility,accuracy,0.8939393939393939
D379,,,DT,base_utility,macro_f1,0.8934659090909091
D379,,,RF,base_utility,accuracy,0.9621212121212122
D379,,,RF,base_utility,macro_f1,0.9620374609733595
D38,,,LR,base_utility,accuracy,0.8666666666666667
D38,,,LR,base_utility,macro_f1,0.8662687886825817
D38,,,DT,base_utility,accuracy,0.8848484848484849
D38,,,DT,base_utility,macro_f1,0.8846960167714885
D38,,,RF,base_utility,accuracy,0.9272727272727272
D38,,,RF,base_utility,macro_f1,0.926948051948052
D380,,,LR,base_utility,accuracy,0.9151515151515152
D380,,,LR,base_utility,macro_f1,0.9151016207872396
D380,,,DT,base_utility,accuracy,0.8106060606060606
D380,,,DT,base_utility,macro_f1,0.8106021474272884
D380,,,RF,base_utility,accuracy,0.9136363636363637
D380,,,RF,base_utility,macro_f1,0.9135917312661499
D381,,,LR,base_utility,accuracy,0.9621212121212122
D381,,,LR,base_utility,macro_f1,0.9621065105608007
D381,,,DT,base_utility,accuracy,0.9939393939393939
D381,,,DT,base_utility,macro_f1,0.9939358300562313
D381,,,RF,base_utility,accuracy,0.9984848484848485
D381,,,RF,base_utility,macro_f1,0.9984840654608096
D382,,,LR,base_utility,accuracy,0.9696969696969697
D382,,,LR,base_utility,macro_f1,0.969663262210537
D382,,,DT,base_utility,accuracy,0.9818181818181818
D382,,,DT,base_utility,macro_f1,0.9817979573263222
D382,,,RF,base_utility,accuracy,0.9954545454545455
D382,,,RF,base_utility,macro_f1,0.9954507753211455
D383,,,LR,base_utility,accuracy,0.9045454545454545
D383,,,LR,base_utility,macro_f1,0.9044820829246217
D383,,,DT,base_utility,accuracy,0.8803030303030303
D383,,,DT,base_utility,macro_f1,0.8801574915358643
D383,,,RF,base_utility,accuracy,0.9257575757575758
D383,,,RF,base_utility,macro_f1,0.9256139608380736
D384,,,LR,base_utility,accuracy,0.8712121212121212
D384,,,LR,base_utility,macro_f1,0.8709629932905357
D384,,,DT,base_utility,accuracy,0.8196969696969697
D384,,,DT,base_utility,macro_f1,0.8194777404147828
D384,,,RF,base_utility,accuracy,0.9075757575757576
D384,,,RF,base_utility,macro_f1,0.907315107913669
D385,,,LR,base_utility,accuracy,0.793939393939394
D385,,,LR,base_utility,macro_f1,0.7938712522045855
D385,,,DT,base_utility,accuracy,0.7515151515151515
D385,,,DT,base_utility,macro_f1,0.750929641765767
D385,,,RF,base_utility,accuracy,0.793939393939394
D385,,,RF,base_utility,macro_f1,0.79375
D386,,,LR,base_utility,accuracy,0.806060606060606
D386,,,LR,base_utility,macro_f1,0.8054818744473917
D386,,,DT,base_utility,accuracy,0.703030303030303
D386,,,DT,base_utility,macro_f1,0.6994535519125683
D386,,,RF,base_utility,accuracy,0.793939393939394
D386,,,RF,base_utility,macro_f1,0.7935678539888136
D387,,,LR,base_utility,accuracy,0.8
D387,,,LR,base_utility,macro_f1,0.7999706109253885
D387,,,DT,base_utility,accuracy,0.703030303030303
D387,,,DT,base_utility,macro_f1,0.7014512019497064
D387,,,RF,base_utility,accuracy,0.8
D387,,,RF,base_utility,macro_f1,0.8
D388,,,LR,base_utility,accuracy,0.7515151515151515
D388,,,LR,base_utility,macro_f1,0.7511861414542645
D388,,,DT,base_utility,accuracy,0.6363636363636364
D388,,,DT,base_utility,macro_f1,0.6362433862433863
D388,,,RF,base_utility,accuracy,0.6848484848484848
D388,,,RF,base_utility,macro_f1,0.6839080459770115
D389,,,LR,base_utility,accuracy,0.7696969696969697
D389,,,LR,base_utility,macro_f1,0.7694852941176471
D389,,,DT,base_utility,accuracy,0.7272727272727273
D389,,,DT,base_utility,macro_f1,0.7269116186693148
D389,,,RF,base_utility,accuracy,0.8181818181818182
D389,,,RF,base_utility,macro_f1,0.8180147058823529
D39,,,LR,base_utility,accuracy,0.8666666666666667
D39,,,LR,base_utility,macro_f1,0.86642625846335
D39,,,DT,base_utility,accuracy,0.8424242424242424
D39,,,DT,base_utility,macro_f1,0.8421401236385045
D39,,,RF,base_utility,accuracy,0.896969696969697
D39,,,RF,base_utility,macro_f1,0.8968332781639634
D390,,,LR,base_utility,accuracy,0.7878787878787878
D390,,,LR,base_utility,macro_f1,0.7870967741935484
D390,,,DT,base_utility,accuracy,0.8
D390,,,DT,base_utility,macro_f1,0.7995287360553736
D390,,,RF,base_utility,accuracy,0.8181818181818182
D390,,,RF,base_utility,macro_f1,0.8162310662310662
D391,,,LR,base_utility,accuracy,0.7757575757575758
D391,,,LR,base_utility,macro_f1,0.7757575757575758
D391,,,DT,base_utility,accuracy,0.6909090909090909
D391,,,DT,base_utility,macro_f1,0.6901807739037591
D391,,,RF,base_utility,accuracy,0.793939393939394
D391,,,RF,base_utility,macro_f1,0.7939318248604172
D392,,,LR,base_utility,accuracy,0.696969696969697
D392,,,LR,base_utility,macro_f1,0.6956168831168832
D392,,,DT,base_utility,accuracy,0.7151515151515152
D392,,,DT,base_utility,macro_f1,0.713636867176249
D392,,,RF,base_utility,accuracy,0.7818181818181819
D392,,,RF,base_utility,macro_f1,0.7811671087533156
D393,,,LR,base_utility,accuracy,0.8181818181818182
D393,,,LR,base_utility,macro_f1,0.8178539888136591
D393,,,DT,base_utility,accuracy,0.8484848484848485
D393,,,DT,base_utility,macro_f1,0.84812783034498
D393,,,RF,base_utility,accuracy,0.8909090909090909
D393,,,RF,base_utility,macro_f1,0.8905835543766578
D394,,,LR,base_utility,accuracy,0.8484848484848485
D394,,,LR,base_utility,macro_f1,0.8482842325940638
D394,,,DT,base_utility,accuracy,0.9212121212121213
D394,,,DT,base_utility,macro_f1,0.9200372786579684
D394,,,RF,base_utility,accuracy,0.9393939393939394
D394,,,RF,base_utility,macro_f1,0.9390153755174453
D395,,,LR,base_utility,accuracy,0.7515151515151515
D395,,,LR,base_utility,macro_f1,0.7514786378163918
D395,,,DT,base_utility,accuracy,0.8181818181818182
D395,,,DT,base_utility,macro_f1,0.8173701298701299
D395,,,RF,base_utility,accuracy,0.8181818181818182
D395,,,RF,base_utility,macro_f1,0.8178539888136591
D396,,,LR,base_utility,accuracy,0.7515151515151515
D396,,,LR,base_utility,macro_f1,0.7513690323054871
D396,,,DT,base_utility,accuracy,0.703030303030303
D396,,,DT,base_utility,macro_f1,0.702986664707395
D396,,,RF,base_utility,accuracy,0.8242424242424242
D396,,,RF,base_utility,macro_f1,0.8242424242424242
D397,,,LR,base_utility,accuracy,0.7333333333333333
D397,,,LR,base_utility,macro_f1,0.7332451499118167
D397,,,DT,base_utility,accuracy,0.7818181818181819
D397,,,DT,base_utility,macro_f1,0.7817460317460317
D397,,,RF,base_utility,accuracy,0.8363636363636363
D397,,,RF,base_utility,macro_f1,0.8359780567725783
D398,,,LR,base_utility,accuracy,0.7757575757575758
D398,,,LR,base_utility,macro_f1,0.7752291889105704
D398,,,DT,base_utility,accuracy,0.7757575757575758
D398,,,DT,base_utility,macro_f1,0.7752291889105704
D398,,,RF,base_utility,accuracy,0.8242424242424242
D398,,,RF,base_utility,macro_f1,0.8240097098091139
D399,,,LR,base_utility,accuracy,0.6545454545454545
D399,,,LR,base_utility,macro_f1,0.6540880503144654
D399,,,DT,base_utility,accuracy,0.696969696969697
D399,,,DT,base_utility,macro_f1,0.6969585659712019
D399,,,RF,base_utility,accuracy,0.7636363636363637
D399,,,RF,base_utility,macro_f1,0.7607895617263298
D4,,,LR,base_utility,accuracy,0.6727272727272727
D4,,,LR,base_utility,macro_f1,0.6717506631299734
D4,,,DT,base_utility,accuracy,0.7454545454545455
D4,,,DT,base_utility,macro_f1,0.7446949602122015
D4,,,RF,base_utility,accuracy,0.8363636363636363
D4,,,RF,base_utility,macro_f1,0.8362674115182476
D40,,,LR,base_utility,accuracy,0.7454545454545455
D40,,,LR,base_utility,macro_f1,0.7454451954158096
D40,,,DT,base_utility,accuracy,0.7454545454545455
D40,,,DT,base_utility,macro_f1,0.7454451954158096
D40,,,RF,base_utility,accuracy,0.8121212121212121
D40,,,RF,base_utility,macro_f1,0.8120936042026377
D400,,,LR,base_utility,accuracy,0.6363636363636364
D400,,,LR,base_utility,macro_f1,0.6340922531046718
D400,,,DT,base_utility,accuracy,0.6242424242424243
D400,,,DT,base_utility,macro_f1,0.6235649102148955
D400,,,RF,base_utility,accuracy,0.7272727272727273
D400,,,RF,base_utility,macro_f1,0.7266300946209638
D401,,,LR,base_utility,accuracy,0.8242424242424242
D401,,,LR,base_utility,macro_f1,0.8238282832001768
D401,,,DT,base_utility,accuracy,0.7636363636363637
D401,,,DT,base_utility,macro_f1,0.7627649769585254
D401,,,RF,base_utility,accuracy,0.8303030303030303
D401,,,RF,base_utility,macro_f1,0.8297966401414677
D402,,,LR,base_utility,accuracy,0.7575757575757576
D402,,,LR,base_utility,macro_f1,0.7568523430592395
D402,,,DT,base_utility,accuracy,0.7090909090909091
D402,,,DT,base_utility,macro_f1,0.7072738024837375
D402,,,RF,base_utility,accuracy,0.7757575757575758
D402,,,RF,base_utility,macro_f1,0.7736289814231154
D403,,,LR,base_utility,accuracy,0.7333333333333333
D403,,,LR,base_utility,macro_f1,0.7316676522767593
D403,,,DT,base_utility,accuracy,0.703030303030303
D403,,,DT,base_utility,macro_f1,0.7023305474761606
D403,,,RF,base_utility,accuracy,0.7454545454545455
D403,,,RF,base_utility,macro_f1,0.7433333333333334
D404,,,LR,base_utility,accuracy,0.7515151515151515
D404,,,LR,base_utility,macro_f1,0.7505990783410138
D404,,,DT,base_utility,accuracy,0.6666666666666666
D404,,,DT,base_utility,macro_f1,0.6658812267589558
D404,,,RF,base_utility,accuracy,0.793939393939394
D404,,,RF,base_utility,macro_f1,0.7933244916003537
D405,,,LR,base_utility,accuracy,0.7393939393939394
D405,,,LR,base_utility,macro_f1,0.7387798681933655
D405,,,DT,base_utility,accuracy,0.7696969696969697
D405,,,DT,base_utility,macro_f1,0.7696885101381135
D405,,,RF,base_utility,accuracy,0.8363636363636363
D405,,,RF,base_utility,macro_f1,0.8354935194416749
D406,,,LR,base_utility,accuracy,0.7696969696969697
D406,,,LR,base_utility,macro_f1,0.7694852941176471
D406,,,DT,base_utility,accuracy,0.7696969696969697
D406,,,DT,base_utility,macro_f1,0.769620811287478
D406,,,RF,base_utility,accuracy,0.7818181818181819
D406,,,RF,base_utility,macro_f1,0.7817460317460317
D407,,,LR,base_utility,accuracy,0.6484848484848484
D407,,,LR,base_utility,macro_f1,0.6484719365265942
D407,,,DT,base_utility,accuracy,0.7151515151515152
D407,,,DT,base_utility,macro_f1,0.7141013824884792
D407,,,RF,base_utility,accuracy,0.7515151515151515
D407,,,RF,base_utility,macro_f1,0.7478098788443617
D408,,,LR,base_utility,accuracy,0.6727272727272727
D408,,,LR,base_utility,macro_f1,0.6724264705882352
D408,,,DT,base_utility,accuracy,0.6909090909090909
D408,,,DT,base_utility,macro_f1,0.6897695852534562
D408,,,RF,base_utility,accuracy,0.703030303030303
D408,,,RF,base_utility,macro_f1,0.702986664707395
D409,,,LR,base_utility,accuracy,0.8545454545454545
D409,,,LR,base_utility,macro_f1,0.8544973544973544
D409,,,DT,base_utility,accuracy,0.8424242424242424
D409,,,DT,base_utility,macro_f1,0.842418454305025
D409,,,RF,base_utility,accuracy,0.8727272727272727
D409,,,RF,base_utility,macro_f1,0.8725587553790135
D41,,,LR,base_utility,accuracy,0.7515151515151515
D41,,,LR,base_utility,macro_f1,0.749713270931222
D41,,,DT,base_utility,accuracy,0.8424242424242424
D41,,,DT,base_utility,macro_f1,0.8414399763453577
D41,,,RF,base_utility,accuracy,0.8666666666666667
D41,,,RF,base_utility,macro_f1,0.8655555555555556
D410,,,LR,base_utility,accuracy,0.8484848484848485
D410,,,LR,base_utility,macro_f1,0.8476791846682176
D410,,,DT,base_utility,accuracy,0.8
D410,,,DT,base_utility,macro_f1,0.7998823918556359
D410,,,RF,base_utility,accuracy,0.8848484848484849
D410,,,RF,base_utility,macro_f1,0.8846960167714885
D411,,,LR,base_utility,accuracy,0.7757575757575758
D411,,,LR,base_utility,macro_f1,0.7756257120805616
D411,,,DT,base_utility,accuracy,0.7696969696969697
D411,,,DT,base_utility,macro_f1,0.7694852941176471
D411,,,RF,base_utility,accuracy,0.8
D411,,,RF,base_utility,macro_f1,0.7999706109253885
D412,,,LR,base_utility,accuracy,0.7878787878787878
D412,,,LR,base_utility,macro_f1,0.7832939322301025
D412,,,DT,base_utility,accuracy,0.6909090909090909
D412,,,DT,base_utility,macro_f1,0.6886677272559103
D412,,,RF,base_utility,accuracy,0.806060606060606
D412,,,RF,base_utility,macro_f1,0.8044444444444444
D413,,,LR,base_utility,accuracy,0.7151515151515152
D413,,,LR,base_utility,macro_f1,0.713636867176249
D413,,,DT,base_utility,accuracy,0.696969696969697
D413,,,DT,base_utility,macro_f1,0.6969585659712019
D413,,,RF,base_utility,accuracy,0.7696969696969697
D413,,,RF,base_utility,macro_f1,0.7642857142857142
D414,,,LR,base_utility,accuracy,0.7333333333333333
D414,,,LR,base_utility,macro_f1,0.7333235380546577
D414,,,DT,base_utility,accuracy,0.8363636363636363
D414,,,DT,base_utility,macro_f1,0.8357603686635945
D414,,,RF,base_utility,accuracy,0.8424242424242424
D414,,,RF,base_utility,macro_f1,0.8407335907335907
D415,,,LR,base_utility,accuracy,0.7151515151515152
D415,,,LR,base_utility,macro_f1,0.7141013824884792
D415,,,DT,base_utility,accuracy,0.6727272727272727
D415,,,DT,base_utility,macro_f1,0.6712662337662338
D415,,,RF,base_utility,accuracy,0.7696969696969697
D415,,,RF,base_utility,macro_f1,0.7696885101381135
D416,,,LR,base_utility,accuracy,0.7333333333333333
D416,,,LR,base_utility,macro_f1,0.7316676522767593
D416,,,DT,base_utility,accuracy,0.6545454545454545
D416,,,DT,base_utility,macro_f1,0.6537314531865542
D416,,,RF,base_utility,accuracy,0.7696969696969697
D416,,,RF,base_utility,macro_f1,0.7672260172260172
D417,,,LR,base_utility,accuracy,0.9393939393939394
D417,,,LR,base_utility,macro_f1,0.9392846629378864
D417,,,DT,base_utility,accuracy,0.9515151515151515
D417,,,DT,base_utility,macro_f1,0.9513704686118478
D417,,,RF,base_utility,accuracy,0.9636363636363636
D417,,,RF,base_utility,macro_f1,0.9635707977627319
D418,,,LR,base_utility,accuracy,0.9333333333333333
D418,,,LR,base_utility,macro_f1,0.9331762453517911
D418,,,DT,base_utility,accuracy,0.9272727272727272
D418,,,DT,base_utility,macro_f1,0.927055702917772
D418,,,RF,base_utility,accuracy,0.9515151515151515
D418,,,RF,base_utility,macro_f1,0.9513704686118478
D419,,,LR,base_utility,accuracy,0.9030303030303031
D419,,,LR,base_utility,macro_f1,0.9028554607006182
D419,,,DT,base_utility,accuracy,0.8545454545454545
D419,,,DT,base_utility,macro_f1,0.8542831910509272
D419,,,RF,base_utility,accuracy,0.9212121212121213
D419,,,RF,base_utility,macro_f1,0.9211657907310081
D42,,,LR,base_utility,accuracy,0.8121212121212121
D42,,,LR,base_utility,macro_f1,0.8114285714285714
D42,,,DT,base_utility,accuracy,0.8424242424242424
D42,,,DT,base_utility,macro_f1,0.8422794117647059
D42,,,RF,base_utility,accuracy,0.9090909090909091
D42,,,RF,base_utility,macro_f1,0.9090775504206311
D420,,,LR,base_utility,accuracy,0.8727272727272727
D420,,,LR,base_utility,macro_f1,0.8725587553790135
D420,,,DT,base_utility,accuracy,0.7636363636363637
D420,,,DT,base_utility,macro_f1,0.763601631093641
D420,,,RF,base_utility,accuracy,0.8666666666666667
D420,,,RF,base_utility,macro_f1,0.86642625846335
D421,,,LR,base_utility,accuracy,0.9151515151515152
D421,,,LR,base_utility,macro_f1,0.9151483984719365
D421,,,DT,base_utility,accuracy,0.9272727272727272
D421,,,DT,base_utility,macro_f1,0.926948051948052
D421,,,RF,base_utility,accuracy,0.9393939393939394
D421,,,RF,base_utility,macro_f1,0.9393382352941176
D422,,,LR,base_utility,accuracy,0.8909090909090909
D422,,,LR,base_utility,macro_f1,0.8905835543766578
D422,,,DT,base_utility,accuracy,0.896969696969697
D422,,,DT,base_utility,macro_f1,0.8968332781639634
D422,,,RF,base_utility,accuracy,0.9090909090909091
D422,,,RF,base_utility,macro_f1,0.9087557603686636
D423,,,LR,base_utility,accuracy,0.8727272727272727
D423,,,LR,base_utility,macro_f1,0.8727085705888835
D423,,,DT,base_utility,accuracy,0.8848484848484849
D423,,,DT,base_utility,macro_f1,0.8848315638661328
D423,,,RF,base_utility,accuracy,0.8848484848484849
D423,,,RF,base_utility,macro_f1,0.8845771510621847
D424,,,LR,base_utility,accuracy,0.7696969696969697
D424,,,LR,base_utility,macro_f1,0.769620811287478
D424,,,DT,base_utility,accuracy,0.7575757575757576
D424,,,DT,base_utility,macro_f1,0.7575668527769615
D424,,,RF,base_utility,accuracy,0.8545454545454545
D424,,,RF,base_utility,macro_f1,0.8544117647058823
D425,,,LR,base_utility,accuracy,0.9333333333333333
D425,,,LR,base_utility,macro_f1,0.9333235369751295
D425,,,DT,base_utility,accuracy,0.9393939393939394
D425,,,DT,base_utility,macro_f1,0.9393917131942404
D425,,,RF,base_utility,accuracy,0.9515151515151515
D425,,,RF,base_utility,macro_f1,0.9514277303503091
D426,,,LR,base_utility,accuracy,0.9515151515151515
D426,,,LR,base_utility,macro_f1,0.9512123004139562
D426,,,DT,base_utility,accuracy,0.9454545454545454
D426,,,DT,base_utility,macro_f1,0.9451645064805583
D426,,,RF,base_utility,accuracy,0.9757575757575757
D426,,,RF,base_utility,macro_f1,0.9755555555555555
D427,,,LR,base_utility,accuracy,0.9333333333333333
D427,,,LR,base_utility,macro_f1,0.9328499019571571
D427,,,DT,base_utility,accuracy,0.8666666666666667
D427,,,DT,base_utility,macro_f1,0.8666225749559082
D427,,,RF,base_utility,accuracy,0.9151515151515152
D427,,,RF,base_utility,macro_f1,0.9150735294117647
D428,,,LR,base_utility,accuracy,0.8606060606060606
D428,,,LR,base_utility,macro_f1,0.8605240912933221
D428,,,DT,base_utility,accuracy,0.7878787878787878
D428,,,DT,base_utility,macro_f1,0.7878476176481393
D428,,,RF,base_utility,accuracy,0.8727272727272727
D428,,,RF,base_utility,macro_f1,0.8726524311808592
D429,,,LR,base_utility,accuracy,0.8727272727272727
D429,,,LR,base_utility,macro_f1,0.8725587553790135
D429,,,DT,base_utility,accuracy,0.9575757575757575
D429,,,DT,base_utility,macro_f1,0.9575195851263378
D429,,,RF,base_utility,accuracy,0.9696969696969697
D429,,,RF,base_utility,macro_f1,0.969625566068996
D43,,,LR,base_utility,accuracy,0.7393939393939394
D43,,,LR,base_utility,macro_f1,0.7384331797235023
D43,,,DT,base_utility,accuracy,0.6727272727272727
D43,,,DT,base_utility,macro_f1,0.6706830277942046
D43,,,RF,base_utility,accuracy,0.8181818181818182
D43,,,RF,base_utility,macro_f1,0.8173701298701299
D430,,,LR,base_utility,accuracy,0.896969696969697
D430,,,LR,base_utility,macro_f1,0.896969696969697
D430,,,DT,base_utility,accuracy,0.9333333333333333
D430,,,DT,base_utility,macro_f1,0.9330875576036867
D430,,,RF,base_utility,accuracy,0.9636363636363636
D430,,,RF,base_utility,macro_f1,0.9636029411764706
D431,,,LR,base_utility,accuracy,0.8303030303030303
D431,,,LR,base_utility,macro_f1,0.830296796943873
D431,,,DT,base_utility,accuracy,0.8606060606060606
D431,,,DT,base_utility,macro_f1,0.8605855773116344
D431,,,RF,base_utility,accuracy,0.9272727272727272
D431,,,RF,base_utility,macro_f1,0.9272486772486772
D432,,,LR,base_utility,accuracy,0.7575757575757576
D432,,,LR,base_utility,macro_f1,0.754974754974755
D432,,,DT,base_utility,accuracy,0.7151515151515152
D432,,,DT,base_utility,macro_f1,0.7124476250509845
D432,,,RF,base_utility,accuracy,0.8242424242424242
D432,,,RF,base_utility,macro_f1,0.8229679233415961
D433,,,LR,base_utility,accuracy,0.9515151515151515
D433,,,LR,base_utility,macro_f1,0.9514277303503091
D433,,,DT,base_utility,accuracy,0.9454545454545454
D433,,,DT,base_utility,macro_f1,0.9454224705060825
D433,,,RF,base_utility,accuracy,0.9696969696969697
D433,,,RF,base_utility,macro_f1,0.9696568465188127
D434,,,LR,base_utility,accuracy,0.9151515151515152
D434,,,LR,base_utility,macro_f1,0.9147727272727273
D434,,,DT,base_utility,accuracy,0.8909090909090909
D434,,,DT,base_utility,macro_f1,0.8908730158730158
D434,,,RF,base_utility,accuracy,0.9272727272727272
D434,,,RF,base_utility,macro_f1,0.927055702917772
D435,,,LR,base_utility,accuracy,0.8545454545454545
D435,,,LR,base_utility,macro_f1,0.8533333333333333
D435,,,DT,base_utility,accuracy,0.8181818181818182
D435,,,DT,base_utility,macro_f1,0.8173701298701299
D435,,,RF,base_utility,accuracy,0.8848484848484849
D435,,,RF,base_utility,macro_f1,0.8842361803478453
D436,,,LR,base_utility,accuracy,0.8606060606060606
D436,,,LR,base_utility,macro_f1,0.8598648498947601
D436,,,DT,base_utility,accuracy,0.7151515151515152
D436,,,DT,base_utility,macro_f1,0.7144803210485622
D436,,,RF,base_utility,accuracy,0.8545454545454545
D436,,,RF,base_utility,macro_f1,0.8529848529848529
D437,,,LR,base_utility,accuracy,0.9030303030303031
D437,,,LR,base_utility,macro_f1,0.9027409372236959
D437,,,DT,base_utility,accuracy,0.8666666666666667
D437,,,DT,base_utility,macro_f1,0.8666225749559082
D437,,,RF,base_utility,accuracy,0.9030303030303031
D437,,,RF,base_utility,macro_f1,0.9025974025974026
D438,,,LR,base_utility,accuracy,0.9090909090909091
D438,,,LR,base_utility,macro_f1,0.9090775504206311
D438,,,DT,base_utility,accuracy,0.8848484848484849
D438,,,DT,base_utility,macro_f1,0.8848484848484849
D438,,,RF,base_utility,accuracy,0.9272727272727272
D438,,,RF,base_utility,macro_f1,0.9272486772486772
D439,,,LR,base_utility,accuracy,0.8484848484848485
D439,,,LR,base_utility,macro_f1,0.8482842325940638
D439,,,DT,base_utility,accuracy,0.7818181818181819
D439,,,DT,base_utility,macro_f1,0.7817460317460317
D439,,,RF,base_utility,accuracy,0.8606060606060606
D439,,,RF,base_utility,macro_f1,0.8605240912933221
D44,,,LR,base_utility,accuracy,0.7757575757575758
D44,,,LR,base_utility,macro_f1,0.7757246243708902
D44,,,DT,base_utility,accuracy,0.6666666666666666
D44,,,DT,base_utility,macro_f1,0.6658812267589558
D44,,,RF,base_utility,accuracy,0.8181818181818182
D44,,,RF,base_utility,macro_f1,0.818175139582721
D440,,,LR,base_utility,accuracy,0.793939393939394
D440,,,LR,base_utility,macro_f1,0.7935678539888136
D440,,,DT,base_utility,accuracy,0.7272727272727273
D440,,,DT,base_utility,macro_f1,0.7266300946209638
D440,,,RF,base_utility,accuracy,0.806060606060606
D440,,,RF,base_utility,macro_f1,0.8051948051948052
D441,,,LR,base_utility,accuracy,0.9636363636363636
D441,,,LR,base_utility,macro_f1,0.9636350279165442
D441,,,DT,base_utility,accuracy,0.9454545454545454
D441,,,DT,base_utility,macro_f1,0.9454545454545454
D441,,,RF,base_utility,accuracy,0.9515151515151515
D441,,,RF,base_utility,macro_f1,0.9515133705553922
D442,,,LR,base_utility,accuracy,0.9393939393939394
D442,,,LR,base_utility,macro_f1,0.9390153755174453
D442,,,DT,base_utility,accuracy,0.9393939393939394
D442,,,DT,base_utility,macro_f1,0.9392130857648099
D442,,,RF,base_utility,accuracy,0.9454545454545454
D442,,,RF,base_utility,macro_f1,0.9451645064805583
D443,,,LR,base_utility,accuracy,0.8727272727272727
D443,,,LR,base_utility,macro_f1,0.8726524311808592
D443,,,DT,base_utility,accuracy,0.7636363636363637
D443,,,DT,base_utility,macro_f1,0.763601631093641
D443,,,RF,base_utility,accuracy,0.8787878787878788
D443,,,RF,base_utility,macro_f1,0.878747795414462
D444,,,LR,base_utility,accuracy,0.8727272727272727
D444,,,LR,base_utility,macro_f1,0.8704236939531057
D444,,,DT,base_utility,accuracy,0.7515151515151515
D444,,,DT,base_utility,macro_f1,0.7485223597635775
D444,,,RF,base_utility,accuracy,0.8545454545454545
D444,,,RF,base_utility,macro_f1,0.8511278195488723
D445,,,LR,base_utility,accuracy,0.8606060606060606
D445,,,LR,base_utility,macro_f1,0.8598648498947601
D445,,,DT,base_utility,accuracy,0.9090909090909091
D445,,,DT,base_utility,macro_f1,0.9090374508434709
D445,,,RF,base_utility,accuracy,0.9151515151515152
D445,,,RF,base_utility,macro_f1,0.9147727272727273
D446,,,LR,base_utility,accuracy,0.896969696969697
D446,,,LR,base_utility,macro_f1,0.8959916941673773
D446,,,DT,base_utility,accuracy,0.9333333333333333
D446,,,DT,base_utility,macro_f1,0.9328499019571571
D446,,,RF,base_utility,accuracy,0.9333333333333333
D446,,,RF,base_utility,macro_f1,0.932700507990656
D447,,,LR,base_utility,accuracy,0.8545454545454545
D447,,,LR,base_utility,macro_f1,0.8544973544973544
D447,,,DT,base_utility,accuracy,0.8484848484848485
D447,,,DT,base_utility,macro_f1,0.8484625840343852
D447,,,RF,base_utility,accuracy,0.9030303030303031
D447,,,RF,base_utility,macro_f1,0.9029411764705882
D448,,,LR,base_utility,accuracy,0.8363636363636363
D448,,,LR,base_utility,macro_f1,0.8359780567725783
D448,,,DT,base_utility,accuracy,0.8303030303030303
D448,,,DT,base_utility,macro_f1,0.8302469135802469
D448,,,RF,base_utility,accuracy,0.8787878787878788
D448,,,RF,base_utility,macro_f1,0.8785693258757727
D449,,,LR,base_utility,accuracy,1.0
D449,,,LR,base_utility,macro_f1,1.0
D449,,,DT,base_utility,accuracy,1.0
D449,,,DT,base_utility,macro_f1,1.0
D449,,,RF,base_utility,accuracy,1.0
D449,,,RF,base_utility,macro_f1,1.0
D45,,,LR,base_utility,accuracy,0.6606060606060606
D45,,,LR,base_utility,macro_f1,0.6605935938877461
D45,,,DT,base_utility,accuracy,0.8181818181818182
D45,,,DT,base_utility,macro_f1,0.8178539888136591
D45,,,RF,base_utility,accuracy,0.8484848484848485
D45,,,RF,base_utility,macro_f1,0.847926267281106
D450,,,LR,base_utility,accuracy,0.9878787878787879
D450,,,LR,base_utility,macro_f1,0.9878569325875772
D450,,,DT,base_utility,accuracy,0.9878787878787879
D450,,,DT,base_utility,macro_f1,0.9878569325875772
D450,,,RF,base_utility,accuracy,0.9878787878787879
D450,,,RF,base_utility,macro_f1,0.9878569325875772
D451,,,LR,base_utility,accuracy,0.9393939393939394
D451,,,LR,base_utility,macro_f1,0.939373897707231
D451,,,DT,base_utility,accuracy,0.9272727272727272
D451,,,DT,base_utility,macro_f1,0.9272058823529412
D451,,,RF,base_utility,accuracy,0.9393939393939394
D451,,,RF,base_utility,macro_f1,0.939373897707231
D452,,,LR,base_utility,accuracy,0.9151515151515152
D452,,,LR,base_utility,macro_f1,0.9150735294117647
D452,,,DT,base_utility,accuracy,0.8121212121212121
D452,,,DT,base_utility,macro_f1,0.8120936042026377
D452,,,RF,base_utility,accuracy,0.9151515151515152
D452,,,RF,base_utility,macro_f1,0.9150735294117647
D453,,,LR,base_utility,accuracy,1.0
D453,,,LR,base_utility,macro_f1,1.0
D453,,,DT,base_utility,accuracy,0.9939393939393939
D453,,,DT,base_utility,macro_f1,0.9939313693037626
D453,,,RF,base_utility,accuracy,1.0
D453,,,RF,base_utility,macro_f1,1.0
D454,,,LR,base_utility,accuracy,1.0
D454,,,LR,base_utility,macro_f1,1.0
D454,,,DT,base_utility,accuracy,0.9696969696969697
D454,,,DT,base_utility,macro_f1,0.9695358369336435
D454,,,RF,base_utility,accuracy,0.9878787878787879
D454,,,RF,base_utility,macro_f1,0.987842617152962
D455,,,LR,base_utility,accuracy,0.9393939393939394
D455,,,LR,base_utility,macro_f1,0.939373897707231
D455,,,DT,base_utility,accuracy,0.8848484848484849
D455,,,DT,base_utility,macro_f1,0.8848315638661328
D455,,,RF,base_utility,accuracy,0.9454545454545454
D455,,,RF,base_utility,macro_f1,0.9454224705060825
D456,,,LR,base_utility,accuracy,0.9090909090909091
D456,,,LR,base_utility,macro_f1,0.9086075108009306
D456,,,DT,base_utility,accuracy,0.8
D456,,,DT,base_utility,macro_f1,0.7997351870241642
D456,,,RF,base_utility,accuracy,0.9212121212121213
D456,,,RF,base_utility,macro_f1,0.9206407932220948
D457,,,LR,base_utility,accuracy,1.0
D457,,,LR,base_utility,macro_f1,1.0
D457,,,DT,base_utility,accuracy,0.9818181818181818
D457,,,DT,base_utility,macro_f1,0.9817941079112876
D457,,,RF,base_utility,accuracy,1.0
D457,,,RF,base_utility,macro_f1,1.0
D458,,,LR,base_utility,accuracy,1.0
D458,,,LR,base_utility,macro_f1,1.0
D458,,,DT,base_utility,accuracy,0.9939393939393939
D458,,,DT,base_utility,macro_f1,0.9938954456324688
D458,,,RF,base_utility,accuracy,1.0
D458,,,RF,base_utility,macro_f1,1.0
D459,,,LR,base_utility,accuracy,0.9636363636363636
D459,,,LR,base_utility,macro_f1,0.9634092253104671
D459,,,DT,base_utility,accuracy,0.9272727272727272
D459,,,DT,base_utility,macro_f1,0.9266666666666667
D459,,,RF,base_utility,accuracy,0.9696969696969697
D459,,,RF,base_utility,macro_f1,0.9695358369336435
D46,,,LR,base_utility,accuracy,0.7090909090909091
D46,,,LR,base_utility,macro_f1,0.7077922077922079
D46,,,DT,base_utility,accuracy,0.7515151515151515
D46,,,DT,base_utility,macro_f1,0.7514786378163918
D46,,,RF,base_utility,accuracy,0.8727272727272727
D46,,,RF,base_utility,macro_f1,0.8725587553790135
D460,,,LR,base_utility,accuracy,0.9090909090909091
D460,,,LR,base_utility,macro_f1,0.9090909090909091
D460,,,DT,base_utility,accuracy,0.8303030303030303
D460,,,DT,base_utility,macro_f1,0.830296796943873
D460,,,RF,base_utility,accuracy,0.896969696969697
D460,,,RF,base_utility,macro_f1,0.8969545571433819
D461,,,LR,base_utility,accuracy,0.9818181818181818
D461,,,LR,base_utility,macro_f1,0.9817753396413975
D461,,,DT,base_utility,accuracy,1.0
D461,,,DT,base_utility,macro_f1,1.0
D461,,,RF,base_utility,accuracy,1.0
D461,,,RF,base_utility,macro_f1,1.0
D462,,,LR,base_utility,accuracy,0.9939393939393939
D462,,,LR,base_utility,macro_f1,0.9939385033613755
D462,,,DT,base_utility,accuracy,0.9939393939393939
D462,,,DT,base_utility,macro_f1,0.9939385033613755
D462,,,RF,base_utility,accuracy,1.0
D462,,,RF,base_utility,macro_f1,1.0
D463,,,LR,base_utility,accuracy,0.9333333333333333
D463,,,LR,base_utility,macro_f1,0.9333333333333333
D463,,,DT,base_utility,accuracy,0.9030303030303031
D463,,,DT,base_utility,macro_f1,0.9029982363315696
D463,,,RF,base_utility,accuracy,0.9515151515151515
D463,,,RF,base_utility,macro_f1,0.9515133705553922
D464,,,LR,base_utility,accuracy,0.8363636363636363
D464,,,LR,base_utility,macro_f1,0.833923578751165
D464,,,DT,base_utility,accuracy,0.7333333333333333
D464,,,DT,base_utility,macro_f1,0.7270676691729323
D464,,,RF,base_utility,accuracy,0.8424242424242424
D464,,,RF,base_utility,macro_f1,0.8403067301965456
D465,,,LR,base_utility,accuracy,1.0
D465,,,LR,base_utility,macro_f1,1.0
D465,,,DT,base_utility,accuracy,1.0
D465,,,DT,base_utility,macro_f1,1.0
D465,,,RF,base_utility,accuracy,1.0
D465,,,RF,base_utility,macro_f1,1.0
D466,,,LR,base_utility,accuracy,0.9818181818181818
D466,,,LR,base_utility,macro_f1,0.9817753396413975
D466,,,DT,base_utility,accuracy,0.9878787878787879
D466,,,DT,base_utility,macro_f1,0.987842617152962
D466,,,RF,base_utility,accuracy,0.9878787878787879
D466,,,RF,base_utility,macro_f1,0.987842617152962
D467,,,LR,base_utility,accuracy,0.9212121212121213
D467,,,LR,base_utility,macro_f1,0.9209216589861751
D467,,,DT,base_utility,accuracy,0.8787878787878788
D467,,,DT,base_utility,macro_f1,0.8784261715296198
D467,,,RF,base_utility,accuracy,0.9212121212121213
D467,,,RF,base_utility,macro_f1,0.9209216589861751
D468,,,LR,base_utility,accuracy,0.896969696969697
D468,,,LR,base_utility,macro_f1,0.8954333643988817
D468,,,DT,base_utility,accuracy,0.8484848484848485
D468,,,DT,base_utility,macro_f1,0.8466599754655961
D468,,,RF,base_utility,accuracy,0.896969696969697
D468,,,RF,base_utility,macro_f1,0.8951048951048951
D469,,,LR,base_utility,accuracy,0.9818181818181818
D469,,,LR,base_utility,macro_f1,0.9817941079112876
D469,,,DT,base_utility,accuracy,0.9878787878787879
D469,,,DT,base_utility,macro_f1,0.9878676470588236
D469,,,RF,base_utility,accuracy,0.9878787878787879
D469,,,RF,base_utility,macro_f1,0.9878676470588236
D47,,,LR,base_utility,accuracy,0.6363636363636364
D47,,,LR,base_utility,macro_f1,0.6303763440860215
D47,,,DT,base_utility,accuracy,0.7454545454545455
D47,,,DT,base_utility,macro_f1,0.7394736842105263
D47,,,RF,base_utility,accuracy,0.8121212121212121
D47,,,RF,base_utility,macro_f1,0.8056980056980056
D470,,,LR,base_utility,accuracy,1.0
D470,,,LR,base_utility,macro_f1,1.0
D470,,,DT,base_utility,accuracy,0.9757575757575757
D470,,,DT,base_utility,macro_f1,0.9757138651751545
D470,,,RF,base_utility,accuracy,1.0
D470,,,RF,base_utility,macro_f1,1.0
D471,,,LR,base_utility,accuracy,0.9333333333333333
D471,,,LR,base_utility,macro_f1,0.9333235369751295
D471,,,DT,base_utility,accuracy,0.8848484848484849
D471,,,DT,base_utility,macro_f1,0.8848484848484849
D471,,,RF,base_utility,accuracy,0.9393939393939394
D471,,,RF,base_utility,macro_f1,0.9393917131942404
D472,,,LR,base_utility,accuracy,0.8848484848484849
D472,,,LR,base_utility,macro_f1,0.8845771510621847
D472,,,DT,base_utility,accuracy,0.7757575757575758
D472,,,DT,base_utility,macro_f1,0.7756257120805616
D472,,,RF,base_utility,accuracy,0.8909090909090909
D472,,,RF,base_utility,macro_f1,0.890422077922078
D473,,,LR,base_utility,accuracy,1.0
D473,,,LR,base_utility,macro_f1,1.0
D473,,,DT,base_utility,accuracy,0.9939393939393939
D473,,,DT,base_utility,macro_f1,0.9939385033613755
D473,,,RF,base_utility,accuracy,1.0
D473,,,RF,base_utility,macro_f1,1.0
D474,,,LR,base_utility,accuracy,1.0
D474,,,LR,base_utility,macro_f1,1.0
D474,,,DT,base_utility,accuracy,0.9757575757575757
D474,,,DT,base_utility,macro_f1,0.9757138651751545
D474,,,RF,base_utility,accuracy,0.9939393939393939
D474,,,RF,base_utility,macro_f1,0.9939313693037626
D475,,,LR,base_utility,accuracy,0.9212121212121213
D475,,,LR,base_utility,macro_f1,0.9212005436978803
D475,,,DT,base_utility,accuracy,0.8666666666666667
D475,,,DT,base_utility,macro_f1,0.8666617690273288
D475,,,RF,base_utility,accuracy,0.9212121212121213
D475,,,RF,base_utility,macro_f1,0.9212005436978803
D476,,,LR,base_utility,accuracy,0.896969696969697
D476,,,LR,base_utility,macro_f1,0.8957287833166053
D476,,,DT,base_utility,accuracy,0.8484848484848485
D476,,,DT,base_utility,macro_f1,0.8473861408117207
D476,,,RF,base_utility,accuracy,0.8787878787878788
D476,,,RF,base_utility,macro_f1,0.8774873774873775
D477,,,LR,base_utility,accuracy,0.9878787878787879
D477,,,LR,base_utility,macro_f1,0.987842617152962
D477,,,DT,base_utility,accuracy,0.9939393939393939
D477,,,DT,base_utility,macro_f1,0.9939251132137992
D477,,,RF,base_utility,accuracy,0.9939393939393939
D477,,,RF,base_utility,macro_f1,0.9939251132137992
D478,,,LR,base_utility,accuracy,0.9939393939393939
D478,,,LR,base_utility,macro_f1,0.9938818643627869
D478,,,DT,base_utility,accuracy,0.9939393939393939
D478,,,DT,base_utility,macro_f1,0.9938818643627869
D478,,,RF,base_utility,accuracy,1.0
D478,,,RF,base_utility,macro_f1,1.0
D479,,,LR,base_utility,accuracy,0.9333333333333333
D479,,,LR,base_utility,macro_f1,0.9331762453517911
D479,,,DT,base_utility,accuracy,0.8848484848484849
D479,,,DT,base_utility,macro_f1,0.8842361803478453
D479,,,RF,base_utility,accuracy,0.9212121212121213
D479,,,RF,base_utility,macro_f1,0.9210264717793896
D48,,,LR,base_utility,accuracy,0.6484848484848484
D48,,,LR,base_utility,macro_f1,0.6469155844155844
D48,,,DT,base_utility,accuracy,0.6424242424242425
D48,,,DT,base_utility,macro_f1,0.6405228758169934
D48,,,RF,base_utility,accuracy,0.7818181818181819
D48,,,RF,base_utility,macro_f1,0.780455351862803
D480,,,LR,base_utility,accuracy,0.9212121212121213
D480,,,LR,base_utility,macro_f1,0.9211657907310081
D480,,,DT,base_utility,accuracy,0.8121212121212121
D480,,,DT,base_utility,macro_f1,0.8120107317431732
D480,,,RF,base_utility,accuracy,0.9212121212121213
D480,,,RF,base_utility,macro_f1,0.9211657907310081
D481,,,LR,base_utility,accuracy,1.0
D481,,,LR,base_utility,macro_f1,1.0
D481,,,DT,base_utility,accuracy,1.0
D481,,,DT,base_utility,macro_f1,1.0
D481,,,RF,base_utility,accuracy,1.0
D481,,,RF,base_utility,macro_f1,1.0
D482,,,LR,base_utility,accuracy,0.9878787878787879
D482,,,LR,base_utility,macro_f1,0.9878569325875772
D482,,,DT,base_utility,accuracy,0.9878787878787879
D482,,,DT,base_utility,macro_f1,0.9878569325875772
D482,,,RF,base_utility,accuracy,0.9878787878787879
D482,,,RF,base_utility,macro_f1,0.9878569325875772
D483,,,LR,base_utility,accuracy,0.9393939393939394
D483,,,LR,base_utility,macro_f1,0.939373897707231
D483,,,DT,base_utility,accuracy,0.9090909090909091
D483,,,DT,base_utility,macro_f1,0.9089705395564383
D483,,,RF,base_utility,accuracy,0.9393939393939394
D483,,,RF,base_utility,macro_f1,0.939373897707231
D484,,,LR,base_utility,accuracy,0.9151515151515152
D484,,,LR,base_utility,macro_f1,0.9150735294117647
D484,,,DT,base_utility,accuracy,0.8121212121212121
D484,,,DT,base_utility,macro_f1,0.8120936042026377
D484,,,RF,base_utility,accuracy,0.9151515151515152
D484,,,RF,base_utility,macro_f1,0.9150735294117647
D485,,,LR,base_utility,accuracy,1.0
D485,,,LR,base_utility,macro_f1,1.0
D485,,,DT,base_utility,accuracy,1.0
D485,,,DT,base_utility,macro_f1,1.0
D485,,,RF,base_utility,accuracy,1.0
D485,,,RF,base_utility,macro_f1,1.0
D486,,,LR,base_utility,accuracy,1.0
D486,,,LR,base_utility,macro_f1,1.0
D486,,,DT,base_utility,accuracy,0.9818181818181818
D486,,,DT,base_utility,macro_f1,0.9816863368974065
D486,,,RF,base_utility,accuracy,1.0
D486,,,RF,base_utility,macro_f1,1.0
D487,,,LR,base_utility,accuracy,0.9515151515151515
D487,,,LR,base_utility,macro_f1,0.9514705882352941
D487,,,DT,base_utility,accuracy,0.9030303030303031
D487,,,DT,base_utility,macro_f1,0.9029411764705882
D487,,,RF,base_utility,accuracy,0.9515151515151515
D487,,,RF,base_utility,macro_f1,0.9514705882352941
D488,,,LR,base_utility,accuracy,0.9212121212121213
D488,,,LR,base_utility,macro_f1,0.9206407932220948
D488,,,DT,base_utility,accuracy,0.8121212121212121
D488,,,DT,base_utility,macro_f1,0.8116785096277752
D488,,,RF,base_utility,accuracy,0.9212121212121213
D488,,,RF,base_utility,macro_f1,0.9206407932220948
D489,,,LR,base_utility,accuracy,1.0
D489,,,LR,base_utility,macro_f1,1.0
D489,,,DT,base_utility,accuracy,1.0
D489,,,DT,base_utility,macro_f1,1.0
D489,,,RF,base_utility,accuracy,1.0
D489,,,RF,base_utility,macro_f1,1.0
D49,,,LR,base_utility,accuracy,0.8545454545454545
D49,,,LR,base_utility,macro_f1,0.8538961038961039
D49,,,DT,base_utility,accuracy,0.9272727272727272
D49,,,DT,base_utility,macro_f1,0.9264924264924266
D49,,,RF,base_utility,accuracy,0.9393939393939394
D49,,,RF,base_utility,macro_f1,0.9391233766233766
D490,,,LR,base_utility,accuracy,1.0
D490,,,LR,base_utility,macro_f1,1.0
D490,,,DT,base_utility,accuracy,0.9939393939393939
D490,,,DT,base_utility,macro_f1,0.9938954456324688
D490,,,RF,base_utility,accuracy,1.0
D490,,,RF,base_utility,macro_f1,1.0
D491,,,LR,base_utility,accuracy,0.9696969696969697
D491,,,LR,base_utility,macro_f1,0.9695358369336435
D491,,,DT,base_utility,accuracy,0.9333333333333333
D491,,,DT,base_utility,macro_f1,0.9329788412540158
D491,,,RF,base_utility,accuracy,0.9696969696969697
D491,,,RF,base_utility,macro_f1,0.9695358369336435
D492,,,LR,base_utility,accuracy,0.9090909090909091
D492,,,LR,base_utility,macro_f1,0.9090909090909091
D492,,,DT,base_utility,accuracy,0.8242424242424242
D492,,,DT,base_utility,macro_f1,0.8240097098091139
D492,,,RF,base_utility,accuracy,0.9030303030303031
D492,,,RF,base_utility,macro_f1,0.9030267411107846
D493,,,LR,base_utility,accuracy,1.0
D493,,,LR,base_utility,macro_f1,1.0
D493,,,DT,base_utility,accuracy,1.0
D493,,,DT,base_utility,macro_f1,1.0
D493,,,RF,base_utility,accuracy,0.9878787878787879
D493,,,RF,base_utility,macro_f1,0.9878569325875772
D494,,,LR,base_utility,accuracy,1.0
D494,,,LR,base_utility,macro_f1,1.0
D494,,,DT,base_utility,accuracy,1.0
D494,,,DT,base_utility,macro_f1,1.0
D494,,,RF,base_utility,accuracy,1.0
D494,,,RF,base_utility,macro_f1,1.0
D495,,,LR,base_utility,accuracy,0.9515151515151515
D495,,,LR,base_utility,macro_f1,0.9515133705553922
D495,,,DT,base_utility,accuracy,0.8787878787878788
D495,,,DT,base_utility,macro_f1,0.8786764705882353
D495,,,RF,base_utility,accuracy,0.9515151515151515
D495,,,RF,base_utility,macro_f1,0.9515133705553922
D496,,,LR,base_utility,accuracy,0.8606060606060606
D496,,,LR,base_utility,macro_f1,0.8589271774283485
D496,,,DT,base_utility,accuracy,0.7515151515151515
D496,,,DT,base_utility,macro_f1,0.7470176881941588
D496,,,RF,base_utility,accuracy,0.8606060606060606
D496,,,RF,base_utility,macro_f1,0.8589271774283485
D497,,,LR,base_utility,accuracy,1.0
D497,,,LR,base_utility,macro_f1,1.0
D497,,,DT,base_utility,accuracy,1.0
D497,,,DT,base_utility,macro_f1,1.0
D497,,,RF,base_utility,accuracy,1.0
D497,,,RF,base_utility,macro_f1,1.0
D498,,,LR,base_utility,accuracy,0.9878787878787879
D498,,,LR,base_utility,macro_f1,0.987842617152962
D498,,,DT,base_utility,accuracy,0.9878787878787879
D498,,,DT,base_utility,macro_f1,0.987842617152962
D498,,,RF,base_utility,accuracy,0.9878787878787879
D498,,,RF,base_utility,macro_f1,0.987842617152962
D499,,,LR,base_utility,accuracy,0.9272727272727272
D499,,,LR,base_utility,macro_f1,0.926948051948052
D499,,,DT,base_utility,accuracy,0.8909090909090909
D499,,,DT,base_utility,macro_f1,0.8902276759314015
D499,,,RF,base_utility,accuracy,0.9272727272727272
D499,,,RF,base_utility,macro_f1,0.926948051948052
D5,,,LR,base_utility,accuracy,0.7636363636363637
D5,,,LR,base_utility,macro_f1,0.763601631093641
D5,,,DT,base_utility,accuracy,0.8848484848484849
D5,,,DT,base_utility,macro_f1,0.8844239631336406
D5,,,RF,base_utility,accuracy,0.8848484848484849
D5,,,RF,base_utility,macro_f1,0.883461581353853
D50,,,LR,base_utility,accuracy,0.8787878787878788
D50,,,LR,base_utility,macro_f1,0.8777777777777778
D50,,,DT,base_utility,accuracy,0.8787878787878788
D50,,,DT,base_utility,macro_f1,0.8784261715296198
D50,,,RF,base_utility,accuracy,0.9393939393939394
D50,,,RF,base_utility,macro_f1,0.9392130857648099
D500,,,LR,base_utility,accuracy,0.9030303030303031
D500,,,LR,base_utility,macro_f1,0.9014336917562724
D500,,,DT,base_utility,accuracy,0.7696969696969697
D500,,,DT,base_utility,macro_f1,0.7692817191639683
D500,,,RF,base_utility,accuracy,0.9030303030303031
D500,,,RF,base_utility,macro_f1,0.9014336917562724
D501,,,LR,base_utility,accuracy,1.0
D501,,,LR,base_utility,macro_f1,1.0
D501,,,DT,base_utility,accuracy,1.0
D501,,,DT,base_utility,macro_f1,1.0
D501,,,RF,base_utility,accuracy,1.0
D501,,,RF,base_utility,macro_f1,1.0
D502,,,LR,base_utility,accuracy,1.0
D502,,,LR,base_utility,macro_f1,1.0
D502,,,DT,base_utility,accuracy,0.9878787878787879
D502,,,DT,base_utility,macro_f1,0.9878676470588236
D502,,,RF,base_utility,accuracy,1.0
D502,,,RF,base_utility,macro_f1,1.0
D503,,,LR,base_utility,accuracy,0.9393939393939394
D503,,,LR,base_utility,macro_f1,0.9393917131942404
D503,,,DT,base_utility,accuracy,0.8848484848484849
D503,,,DT,base_utility,macro_f1,0.8848484848484849
D503,,,RF,base_utility,accuracy,0.9393939393939394
D503,,,RF,base_utility,macro_f1,0.9393917131942404
D504,,,LR,base_utility,accuracy,0.8909090909090909
D504,,,LR,base_utility,macro_f1,0.8905835543766578
D504,,,DT,base_utility,accuracy,0.7757575757575758
D504,,,DT,base_utility,macro_f1,0.7756257120805616
D504,,,RF,base_utility,accuracy,0.896969696969697
D504,,,RF,base_utility,macro_f1,0.8965898617511521
D505,,,LR,base_utility,accuracy,1.0
D505,,,LR,base_utility,macro_f1,1.0
D505,,,DT,base_utility,accuracy,1.0
D505,,,DT,base_utility,macro_f1,1.0
D505,,,RF,base_utility,accuracy,1.0
D505,,,RF,base_utility,macro_f1,1.0
D506,,,LR,base_utility,accuracy,1.0
D506,,,LR,base_utility,macro_f1,1.0
D506,,,DT,base_utility,accuracy,0.9757575757575757
D506,,,DT,base_utility,macro_f1,0.9757138651751545
D506,,,RF,base_utility,accuracy,1.0
D506,,,RF,base_utility,macro_f1,1.0
D507,,,LR,base_utility,accuracy,0.9212121212121213
D507,,,LR,base_utility,macro_f1,0.9212005436978803
D507,,,DT,base_utility,accuracy,0.8666666666666667
D507,,,DT,base_utility,macro_f1,0.8666225749559082
D507,,,RF,base_utility,accuracy,0.9212121212121213
D507,,,RF,base_utility,macro_f1,0.9212005436978803
D508,,,LR,base_utility,accuracy,0.896969696969697
D508,,,LR,base_utility,macro_f1,0.8957287833166053
D508,,,DT,base_utility,accuracy,0.793939393939394
D508,,,DT,base_utility,macro_f1,0.7922222222222222
D508,,,RF,base_utility,accuracy,0.8909090909090909
D508,,,RF,base_utility,macro_f1,0.8897386397386398
D509,,,LR,base_utility,accuracy,1.0
D509,,,LR,base_utility,macro_f1,1.0
D509,,,DT,base_utility,accuracy,1.0
D509,,,DT,base_utility,macro_f1,1.0
D509,,,RF,base_utility,accuracy,0.9939393939393939
D509,,,RF,base_utility,macro_f1,0.9939251132137992
D51,,,LR,base_utility,accuracy,0.7878787878787878
D51,,,LR,base_utility,macro_f1,0.7873789624829719
D51,,,DT,base_utility,accuracy,0.8424242424242424
D51,,,DT,base_utility,macro_f1,0.8422794117647059
D51,,,RF,base_utility,accuracy,0.8787878787878788
D51,,,RF,base_utility,macro_f1,0.878747795414462
D510,,,LR,base_utility,accuracy,1.0
D510,,,LR,base_utility,macro_f1,1.0
D510,,,DT,base_utility,accuracy,1.0
D510,,,DT,base_utility,macro_f1,1.0
D510,,,RF,base_utility,accuracy,1.0
D510,,,RF,base_utility,macro_f1,1.0
D511,,,LR,base_utility,accuracy,0.9393939393939394
D511,,,LR,base_utility,macro_f1,0.9392846629378864
D511,,,DT,base_utility,accuracy,0.8727272727272727
D511,,,DT,base_utility,macro_f1,0.8724273774897832
D511,,,RF,base_utility,accuracy,0.9333333333333333
D511,,,RF,base_utility,macro_f1,0.933245062341388
D512,,,LR,base_utility,accuracy,0.9272727272727272
D512,,,LR,base_utility,macro_f1,0.9272058823529412
D512,,,DT,base_utility,accuracy,0.806060606060606
D512,,,DT,base_utility,macro_f1,0.8057109214012363
D512,,,RF,base_utility,accuracy,0.9272727272727272
D512,,,RF,base_utility,macro_f1,0.9272058823529412
D513,,,LR,base_utility,accuracy,0.9848484848484849
D513,,,LR,base_utility,macro_f1,0.9848416642933919
D513,,,DT,base_utility,accuracy,0.9575757575757575
D513,,,DT,base_utility,macro_f1,0.9575741992359683
D513,,,RF,base_utility,accuracy,0.9878787878787879
D513,,,RF,base_utility,macro_f1,0.9878770067227508
D514,,,LR,base_utility,accuracy,0.9878787878787879
D514,,,LR,base_utility,macro_f1,0.987878342638848
D514,,,DT,base_utility,accuracy,0.9575757575757575
D514,,,DT,base_utility,macro_f1,0.9575367647058823
D514,,,RF,base_utility,accuracy,0.990909090909091
D514,,,RF,base_utility,macro_f1,0.990909007428902
D515,,,LR,base_utility,accuracy,0.9333333333333333
D515,,,LR,base_utility,macro_f1,0.9333308845136644
D515,,,DT,base_utility,accuracy,0.8848484848484849
D515,,,DT,base_utility,macro_f1,0.8848442550690567
D515,,,RF,base_utility,accuracy,0.9454545454545454
D515,,,RF,base_utility,macro_f1,0.9454465302523787
D516,,,LR,base_utility,accuracy,0.8909090909090909
D516,,,LR,base_utility,macro_f1,0.890844941012165
D516,,,DT,base_utility,accuracy,0.793939393939394
D516,,,DT,base_utility,macro_f1,0.7922222222222222
D516,,,RF,base_utility,accuracy,0.9030303030303031
D516,,,RF,base_utility,macro_f1,0.9028554607006182
D517,,,LR,base_utility,accuracy,0.7696969696969697
D517,,,LR,base_utility,macro_f1,0.7692817191639683
D517,,,DT,base_utility,accuracy,0.9272727272727272
D517,,,DT,base_utility,macro_f1,0.926948051948052
D517,,,RF,base_utility,accuracy,0.9393939393939394
D517,,,RF,base_utility,macro_f1,0.9393382352941176
D518,,,LR,base_utility,accuracy,0.8151515151515152
D518,,,LR,base_utility,macro_f1,0.8151090700344432
D518,,,DT,base_utility,accuracy,0.9606060606060606
D518,,,DT,base_utility,macro_f1,0.9606028046395019
D518,,,RF,base_utility,accuracy,0.9636363636363636
D518,,,RF,base_utility,macro_f1,0.9636310201682525
D519,,,LR,base_utility,accuracy,0.7606060606060606
D519,,,LR,base_utility,macro_f1,0.7604982958355917
D519,,,DT,base_utility,accuracy,0.8515151515151516
D519,,,DT,base_utility,macro_f1,0.8514046260303807
D519,,,RF,base_utility,accuracy,0.8878787878787879
D519,,,RF,base_utility,macro_f1,0.8878530424799081
D52,,,LR,base_utility,accuracy,0.7515151515151515
D52,,,LR,base_utility,macro_f1,0.750929641765767
D52,,,DT,base_utility,accuracy,0.7454545454545455
D52,,,DT,base_utility,macro_f1,0.7443181818181819
D52,,,RF,base_utility,accuracy,0.8242424242424242
D52,,,RF,base_utility,macro_f1,0.8238282832001768
D520,,,LR,base_utility,accuracy,0.7787878787878788
D520,,,LR,base_utility,macro_f1,0.7783298826777088
D520,,,DT,base_utility,accuracy,0.7909090909090909
D520,,,DT,base_utility,macro_f1,0.7904761904761906
D520,,,RF,base_utility,accuracy,0.8787878787878788
D520,,,RF,base_utility,macro_f1,0.8787834263884807
D521,,,LR,base_utility,accuracy,0.9242424242424242
D521,,,LR,base_utility,macro_f1,0.9242417285741834
D521,,,DT,base_utility,accuracy,0.9151515151515152
D521,,,DT,base_utility,macro_f1,0.9151483984719365
D521,,,RF,base_utility,accuracy,0.9454545454545454
D521,,,RF,base_utility,macro_f1,0.9454465302523787
D522,,,LR,base_utility,accuracy,0.9424242424242424
D522,,,LR,base_utility,macro_f1,0.9424110218140069
D522,,,DT,base_utility,accuracy,0.9303030303030303
D522,,,DT,base_utility,macro_f1,0.930297269746811
D522,,,RF,base_utility,accuracy,0.9666666666666667
D522,,,RF,base_utility,macro_f1,0.9666516614454621
D523,,,LR,base_utility,accuracy,0.8848484848484849
D523,,,LR,base_utility,macro_f1,0.8848104056437389
D523,,,DT,base_utility,accuracy,0.8575757575757575
D523,,,DT,base_utility,macro_f1,0.8575639860043529
D523,,,RF,base_utility,accuracy,0.9030303030303031
D523,,,RF,base_utility,macro_f1,0.9030267411107846
D524,,,LR,base_utility,accuracy,0.8545454545454545
D524,,,LR,base_utility,macro_f1,0.8544973544973544
D524,,,DT,base_utility,accuracy,0.7848484848484848
D524,,,DT,base_utility,macro_f1,0.7847990815154995
D524,,,RF,base_utility,accuracy,0.8606060606060606
D524,,,RF,base_utility,macro_f1,0.8605855773116344
D525,,,LR,base_utility,accuracy,0.7757575757575758
D525,,,LR,base_utility,macro_f1,0.7757575757575758
D525,,,DT,base_utility,accuracy,0.7333333333333333
D525,,,DT,base_utility,macro_f1,0.7332451499118167
D525,,,RF,base_utility,accuracy,0.8151515151515152
D525,,,RF,base_utility,macro_f1,0.8148642061601568
D526,,,LR,base_utility,accuracy,0.7909090909090909
D526,,,LR,base_utility,macro_f1,0.7908610792192882
D526,,,DT,base_utility,accuracy,0.7515151515151515
D526,,,DT,base_utility,macro_f1,0.7504058441558441
D526,,,RF,base_utility,accuracy,0.7909090909090909
D526,,,RF,base_utility,macro_f1,0.7909071708647462
D527,,,LR,base_utility,accuracy,0.7363636363636363
D527,,,LR,base_utility,macro_f1,0.7345869040685581
D527,,,DT,base_utility,accuracy,0.6878787878787879
D527,,,DT,base_utility,macro_f1,0.6857753002190976
D527,,,RF,base_utility,accuracy,0.7757575757575758
D527,,,RF,base_utility,macro_f1,0.7736289814231154
D528,,,LR,base_utility,accuracy,0.7393939393939394
D528,,,LR,base_utility,macro_f1,0.7380081976293342
D528,,,DT,base_utility,accuracy,0.6454545454545455
D528,,,DT,base_utility,macro_f1,0.6449034773891531
D528,,,RF,base_utility,accuracy,0.7393939393939394
D528,,,RF,base_utility,macro_f1,0.7390488800617896
D529,,,LR,base_utility,accuracy,0.9848484848484849
D529,,,LR,base_utility,macro_f1,0.9847745245499258
D529,,,DT,base_utility,accuracy,0.9393939393939394
D529,,,DT,base_utility,macro_f1,0.9392846629378864
D529,,,RF,base_utility,accuracy,0.9848484848484849
D529,,,RF,base_utility,macro_f1,0.9847610251673978
D53,,,LR,base_utility,accuracy,0.8727272727272727
D53,,,LR,base_utility,macro_f1,0.8720505151213027
D53,,,DT,base_utility,accuracy,0.9090909090909091
D53,,,DT,base_utility,macro_f1,0.9087557603686636
D53,,,RF,base_utility,accuracy,0.9272727272727272
D53,,,RF,base_utility,macro_f1,0.9264924264924266
D530,,,LR,base_utility,accuracy,0.9696969696969697
D530,,,LR,base_utility,macro_f1,0.9696958565971201
D530,,,DT,base_utility,accuracy,0.9424242424242424
D530,,,DT,base_utility,macro_f1,0.9424194837038873
D530,,,RF,base_utility,accuracy,0.9666666666666667
D530,,,RF,base_utility,macro_f1,0.96666391161804
D531,,,LR,base_utility,accuracy,0.9151515151515152
D531,,,LR,base_utility,macro_f1,0.9138863000931967
D531,,,DT,base_utility,accuracy,0.8393939393939394
D531,,,DT,base_utility,macro_f1,0.8373492295245092
D531,,,RF,base_utility,accuracy,0.9212121212121213
D531,,,RF,base_utility,macro_f1,0.9201533650982727
D532,,,LR,base_utility,accuracy,0.8333333333333334
D532,,,LR,base_utility,macro_f1,0.8312114646009058
D532,,,DT,base_utility,accuracy,0.7363636363636363
D532,,,DT,base_utility,macro_f1,0.7345869040685581
D532,,,RF,base_utility,accuracy,0.8454545454545455
D532,,,RF,base_utility,macro_f1,0.8438934802571166
D533,,,LR,base_utility,accuracy,0.793939393939394
D533,,,LR,base_utility,macro_f1,0.7939091142867638
D533,,,DT,base_utility,accuracy,0.9151515151515152
D533,,,DT,base_utility,macro_f1,0.9151234567901234
D533,,,RF,base_utility,accuracy,0.9484848484848485
D533,,,RF,base_utility,macro_f1,0.9483477732458039
D534,,,LR,base_utility,accuracy,0.8272727272727273
D534,,,LR,base_utility,macro_f1,0.8265704090946809
D534,,,DT,base_utility,accuracy,0.9181818181818182
D534,,,DT,base_utility,macro_f1,0.9179641104492178
D534,,,RF,base_utility,accuracy,0.9242424242424242
D534,,,RF,base_utility,macro_f1,0.9238051258369891
D535,,,LR,base_utility,accuracy,0.7666666666666667
D535,,,LR,base_utility,macro_f1,0.7660457964662879
D535,,,DT,base_utility,accuracy,0.8242424242424242
D535,,,DT,base_utility,macro_f1,0.8240097098091139
D535,,,RF,base_utility,accuracy,0.8696969696969697
D535,,,RF,base_utility,macro_f1,0.8696670493685419
D536,,,LR,base_utility,accuracy,0.7212121212121212
D536,,,LR,base_utility,macro_f1,0.7212018806935057
D536,,,DT,base_utility,accuracy,0.7515151515151515
D536,,,DT,base_utility,macro_f1,0.7515151515151515
D536,,,RF,base_utility,accuracy,0.8424242424242424
D536,,,RF,base_utility,macro_f1,0.842418454305025
D537,,,LR,base_utility,accuracy,0.9303030303030303
D537,,,LR,base_utility,macro_f1,0.9302511509938522
D537,,,DT,base_utility,accuracy,0.9151515151515152
D537,,,DT,base_utility,macro_f1,0.9151483984719365
D537,,,RF,base_utility,accuracy,0.9515151515151515
D537,,,RF,base_utility,macro_f1,0.9514991181657848
D538,,,LR,base_utility,accuracy,0.9242424242424242
D538,,,LR,base_utility,macro_f1,0.9242250287026407
D538,,,DT,base_utility,accuracy,0.9
D538,,,DT,base_utility,macro_f1,0.8999917348541202
D538,,,RF,base_utility,accuracy,0.9393939393939394
D538,,,RF,base_utility,macro_f1,0.939373897707231
D539,,,LR,base_utility,accuracy,0.8727272727272727
D539,,,LR,base_utility,macro_f1,0.8720505151213027
D539,,,DT,base_utility,accuracy,0.8121212121212121
D539,,,DT,base_utility,macro_f1,0.8101054351054351
D539,,,RF,base_utility,accuracy,0.8818181818181818
D539,,,RF,base_utility,macro_f1,0.8810217156169399
D54,,,LR,base_utility,accuracy,0.896969696969697
D54,,,LR,base_utility,macro_f1,0.8969091109559337
D54,,,DT,base_utility,accuracy,0.9151515151515152
D54,,,DT,base_utility,macro_f1,0.9151234567901234
D54,,,RF,base_utility,accuracy,0.9212121212121213
D54,,,RF,base_utility,macro_f1,0.9212121212121213
D540,,,LR,base_utility,accuracy,0.8393939393939394
D540,,,LR,base_utility,macro_f1,0.839321641509954
D540,,,DT,base_utility,accuracy,0.7606060606060606
D540,,,DT,base_utility,macro_f1,0.7602339719123341
D540,,,RF,base_utility,accuracy,0.8606060606060606
D540,,,RF,base_utility,macro_f1,0.8602776039173816
D541,,,LR,base_utility,accuracy,0.7484848484848485
D541,,,LR,base_utility,macro_f1,0.7482050763474568
D541,,,DT,base_utility,accuracy,0.7090909090909091
D541,,,DT,base_utility,macro_f1,0.7077922077922079
D541,,,RF,base_utility,accuracy,0.7818181818181819
D541,,,RF,base_utility,macro_f1,0.7818101674992654
D542,,,LR,base_utility,accuracy,0.7666666666666667
D542,,,LR,base_utility,macro_f1,0.7660457964662879
D542,,,DT,base_utility,accuracy,0.7454545454545455
D542,,,DT,base_utility,macro_f1,0.7453048623617184
D542,,,RF,base_utility,accuracy,0.7787878787878788
D542,,,RF,base_utility,macro_f1,0.7780521287279227
D543,,,LR,base_utility,accuracy,0.7090909090909091
D543,,,LR,base_utility,macro_f1,0.7090802233323538
D543,,,DT,base_utility,accuracy,0.693939393939394
D543,,,DT,base_utility,macro_f1,0.6935989483264233
D543,,,RF,base_utility,accuracy,0.7242424242424242
D543,,,RF,base_utility,macro_f1,0.7241182901397323
D544,,,LR,base_utility,accuracy,0.7272727272727273
D544,,,LR,base_utility,macro_f1,0.7272326512618934
D544,,,DT,base_utility,accuracy,0.6484848484848484
D544,,,DT,base_utility,macro_f1,0.6474358974358974
D544,,,RF,base_utility,accuracy,0.7363636363636363
D544,,,RF,base_utility,macro_f1,0.7359538678021907
D545,,,LR,base_utility,accuracy,1.0
D545,,,LR,base_utility,macro_f1,1.0
D545,,,DT,base_utility,accuracy,1.0
D545,,,DT,base_utility,macro_f1,1.0
D545,,,RF,base_utility,accuracy,0.996969696969697
D545,,,RF,base_utility,macro_f1,0.9969696691429674
D546,,,LR,base_utility,accuracy,0.996969696969697
D546,,,LR,base_utility,macro_f1,0.9969696691429674
D546,,,DT,base_utility,accuracy,0.9939393939393939
D546,,,DT,base_utility,macro_f1,0.9939393939393939
D546,,,RF,base_utility,accuracy,0.996969696969697
D546,,,RF,base_utility,macro_f1,0.9969696691429674
D547,,,LR,base_utility,accuracy,0.9575757575757575
D547,,,LR,base_utility,macro_f1,0.9575617283950617
D547,,,DT,base_utility,accuracy,0.8757575757575757
D547,,,DT,base_utility,macro_f1,0.8756650952499103
D547,,,RF,base_utility,accuracy,0.9575757575757575
D547,,,RF,base_utility,macro_f1,0.9575617283950617
D548,,,LR,base_utility,accuracy,0.9181818181818182
D548,,,LR,base_utility,macro_f1,0.9179641104492178
D548,,,DT,base_utility,accuracy,0.8272727272727273
D548,,,DT,base_utility,macro_f1,0.8271441568108511
D548,,,RF,base_utility,accuracy,0.9212121212121213
D548,,,RF,base_utility,macro_f1,0.9209770114942528
D549,,,LR,base_utility,accuracy,0.9545454545454546
D549,,,LR,base_utility,macro_f1,0.9544748047934811
D549,,,DT,base_utility,accuracy,0.9878787878787879
D549,,,DT,base_utility,macro_f1,0.987842617152962
D549,,,RF,base_utility,accuracy,0.9939393939393939
D549,,,RF,base_utility,macro_f1,0.9939251132137992
D55,,,LR,base_utility,accuracy,0.793939393939394
D55,,,LR,base_utility,macro_f1,0.7922222222222222
D55,,,DT,base_utility,accuracy,0.8
D55,,,DT,base_utility,macro_f1,0.8
D55,,,RF,base_utility,accuracy,0.8303030303030303
D55,,,RF,base_utility,macro_f1,0.8299970562260819
D550,,,LR,base_utility,accuracy,0.9606060606060606
D550,,,LR,base_utility,macro_f1,0.9606056988585754
D550,,,DT,base_utility,accuracy,0.9878787878787879
D550,,,DT,base_utility,macro_f1,0.9878770067227508
D550,,,RF,base_utility,accuracy,0.996969696969697
D550,,,RF,base_utility,macro_f1,0.9969696691429674
D551,,,LR,base_utility,accuracy,0.9090909090909091
D551,,,LR,base_utility,macro_f1,0.9090909090909091
D551,,,DT,base_utility,accuracy,0.8939393939393939
D551,,,DT,base_utility,macro_f1,0.8939384200038567
D551,,,RF,base_utility,accuracy,0.9606060606060606
D551,,,RF,base_utility,macro_f1,0.960562240873698
D552,,,LR,base_utility,accuracy,0.8878787878787879
D552,,,LR,base_utility,macro_f1,0.8878777582897914
D552,,,DT,base_utility,accuracy,0.796969696969697
D552,,,DT,base_utility,macro_f1,0.7969529162189712
D552,,,RF,base_utility,accuracy,0.9030303030303031
D552,,,RF,base_utility,macro_f1,0.9029982363315696
D553,,,LR,base_utility,accuracy,0.996969696969697
D553,,,LR,base_utility,macro_f1,0.9969683328586784
D553,,,DT,base_utility,accuracy,0.9878787878787879
D553,,,DT,base_utility,macro_f1,0.9878716601124629
D553,,,RF,base_utility,accuracy,0.996969696969697
D553,,,RF,base_utility,macro_f1,0.9969683328586784
D554,,,LR,base_utility,accuracy,0.990909090909091
D554,,,LR,base_utility,macro_f1,0.9909083395321927
D554,,,DT,base_utility,accuracy,0.9787878787878788
D554,,,DT,base_utility,macro_f1,0.9787876840007713
D554,,,RF,base_utility,accuracy,0.9939393939393939
D554,,,RF,base_utility,macro_f1,0.9939385033613755
D555,,,LR,base_utility,accuracy,0.9484848484848485
D555,,,LR,base_utility,macro_f1,0.9484465029084994
D555,,,DT,base_utility,accuracy,0.9030303030303031
D555,,,DT,base_utility,macro_f1,0.9029019088602008
D555,,,RF,base_utility,accuracy,0.9424242424242424
D555,,,RF,base_utility,macro_f1,0.9423983243148892
D556,,,LR,base_utility,accuracy,0.906060606060606
D556,,,LR,base_utility,macro_f1,0.9060597434319875
D556,,,DT,base_utility,accuracy,0.7787878787878788
D556,,,DT,base_utility,macro_f1,0.7786882986835215
D556,,,RF,base_utility,accuracy,0.9
D556,,,RF,base_utility,macro_f1,0.8999990817179222
D557,,,LR,base_utility,accuracy,0.8818181818181818
D557,,,LR,base_utility,macro_f1,0.8815734989648033
D557,,,DT,base_utility,accuracy,0.9030303030303031
D557,,,DT,base_utility,macro_f1,0.9030160537820066
D557,,,RF,base_utility,accuracy,0.9121212121212121
D557,,,RF,base_utility,macro_f1,0.9119846226007302
D558,,,LR,base_utility,accuracy,0.8848484848484849
D558,,,LR,base_utility,macro_f1,0.8846408595819841
D558,,,DT,base_utility,accuracy,0.8787878787878788
D558,,,DT,base_utility,macro_f1,0.8785693258757727
D558,,,RF,base_utility,accuracy,0.9151515151515152
D558,,,RF,base_utility,macro_f1,0.9150735294117647
D559,,,LR,base_utility,accuracy,0.8272727272727273
D559,,,LR,base_utility,macro_f1,0.8261086612862967
D559,,,DT,base_utility,accuracy,0.7727272727272727
D559,,,DT,base_utility,macro_f1,0.768801786064586
D559,,,RF,base_utility,accuracy,0.8424242424242424
D559,,,RF,base_utility,macro_f1,0.8409284734324596
D56,,,LR,base_utility,accuracy,0.7636363636363637
D56,,,LR,base_utility,macro_f1,0.7633234028467395
D56,,,DT,base_utility,accuracy,0.7454545454545455
D56,,,DT,base_utility,macro_f1,0.7443181818181819
D56,,,RF,base_utility,accuracy,0.8181818181818182
D56,,,RF,base_utility,macro_f1,0.8173701298701299
D560,,,LR,base_utility,accuracy,0.8090909090909091
D560,,,LR,base_utility,macro_f1,0.8090049700967377
D560,,,DT,base_utility,accuracy,0.7333333333333333
D560,,,DT,base_utility,macro_f1,0.7331765224741813
D560,,,RF,base_utility,accuracy,0.8272727272727273
D560,,,RF,base_utility,macro_f1,0.8271441568108511
D561,,,LR,base_utility,accuracy,1.0
D561,,,LR,base_utility,macro_f1,1.0
D561,,,DT,base_utility,accuracy,1.0
D561,,,DT,base_utility,macro_f1,1.0
D561,,,RF,base_utility,accuracy,0.996969696969697
D561,,,RF,base_utility,macro_f1,0.9969596182017524
D562,,,LR,base_utility,accuracy,0.990909090909091
D562,,,LR,base_utility,macro_f1,0.9909070034443168
D562,,,DT,base_utility,accuracy,0.9818181818181818
D562,,,DT,base_utility,macro_f1,0.9818175139582721
D562,,,RF,base_utility,accuracy,0.9939393939393939
D562,,,RF,base_utility,macro_f1,0.9939373897707231
D563,,,LR,base_utility,accuracy,0.9545454545454546
D563,,,LR,base_utility,macro_f1,0.9541916915758983
D563,,,DT,base_utility,accuracy,0.8212121212121212
D563,,,DT,base_utility,macro_f1,0.816103896103896
D563,,,RF,base_utility,accuracy,0.9545454545454546
D563,,,RF,base_utility,macro_f1,0.9541916915758983
D564,,,LR,base_utility,accuracy,0.8757575757575757
D564,,,LR,base_utility,macro_f1,0.8751511013093909
D564,,,DT,base_utility,accuracy,0.7757575757575758
D564,,,DT,base_utility,macro_f1,0.7743568894145476
D564,,,RF,base_utility,accuracy,0.8818181818181818
D564,,,RF,base_utility,macro_f1,0.8813376483279396
D565,,,LR,base_utility,accuracy,0.9484848484848485
D565,,,LR,base_utility,macro_f1,0.9484843754304447
D565,,,DT,base_utility,accuracy,0.9818181818181818
D565,,,DT,base_utility,macro_f1,0.9818175139582721
D565,,,RF,base_utility,accuracy,0.996969696969697
D565,,,RF,base_utility,macro_f1,0.9969683328586784
D566,,,LR,base_utility,accuracy,0.9363636363636364
D566,,,LR,base_utility,macro_f1,0.9361943081271695
D566,,,DT,base_utility,accuracy,0.9757575757575757
D566,,,DT,base_utility,macro_f1,0.975668202764977
D566,,,RF,base_utility,accuracy,0.9848484848484849
D566,,,RF,base_utility,macro_f1,0.9847868779907615
D567,,,LR,base_utility,accuracy,0.9212121212121213
D567,,,LR,base_utility,macro_f1,0.9210700618192522
D567,,,DT,base_utility,accuracy,0.9363636363636364
D567,,,DT,base_utility,macro_f1,0.9362647267108737
D567,,,RF,base_utility,accuracy,0.9484848484848485
D567,,,RF,base_utility,macro_f1,0.9484275457579129
D568,,,LR,base_utility,accuracy,0.8272727272727273
D568,,,LR,base_utility,macro_f1,0.8272330654420207
D568,,,DT,base_utility,accuracy,0.7636363636363637
D568,,,DT,base_utility,macro_f1,0.7635582010582012
D568,,,RF,base_utility,accuracy,0.896969696969697
D568,,,RF,base_utility,macro_f1,0.896969696969697
D569,,,LR,base_utility,accuracy,1.0
D569,,,LR,base_utility,macro_f1,1.0
D569,,,DT,base_utility,accuracy,0.9878787878787879
D569,,,DT,base_utility,macro_f1,0.9878747795414462
D569,,,RF,base_utility,accuracy,1.0
D569,,,RF,base_utility,macro_f1,1.0
D57,,,LR,base_utility,accuracy,0.7878787878787878
D57,,,LR,base_utility,macro_f1,0.7878476176481393
D57,,,DT,base_utility,accuracy,0.8484848484848485
D57,,,DT,base_utility,macro_f1,0.8484848484848485
D57,,,RF,base_utility,accuracy,0.8666666666666667
D57,,,RF,base_utility,macro_f1,0.8666225749559082
D570,,,LR,base_utility,accuracy,0.9878787878787879
D570,,,LR,base_utility,macro_f1,0.9878770067227508
D570,,,DT,base_utility,accuracy,0.9666666666666667
D570,,,DT,base_utility,macro_f1,0.9666663605726407
D570,,,RF,base_utility,accuracy,0.9878787878787879
D570,,,RF,base_utility,macro_f1,0.9878770067227508
D571,,,LR,base_utility,accuracy,0.9303030303030303
D571,,,LR,base_utility,macro_f1,0.9298333194664004
D571,,,DT,base_utility,accuracy,0.8848484848484849
D571,,,DT,base_utility,macro_f1,0.884129213483146
D571,,,RF,base_utility,accuracy,0.9303030303030303
D571,,,RF,base_utility,macro_f1,0.9298333194664004
D572,,,LR,base_utility,accuracy,0.896969696969697
D572,,,LR,base_utility,macro_f1,0.8965898617511521
D572,,,DT,base_utility,accuracy,0.7575757575757576
D572,,,DT,base_utility,macro_f1,0.7558178252987532
D572,,,RF,base_utility,accuracy,0.9030303030303031
D572,,,RF,base_utility,macro_f1,0.9026728110599078
D573,,,LR,base_utility,accuracy,0.8818181818181818
D573,,,LR,base_utility,macro_f1,0.8813376483279396
D573,,,DT,base_utility,accuracy,0.8424242424242424
D573,,,DT,base_utility,macro_f1,0.8417207792207793
D573,,,RF,base_utility,accuracy,0.9121212121212121
D573,,,RF,base_utility,macro_f1,0.9119392684610076
D574,,,LR,base_utility,accuracy,0.8818181818181818
D574,,,LR,base_utility,macro_f1,0.8817302125547928
D574,,,DT,base_utility,accuracy,0.8212121212121212
D574,,,DT,base_utility,macro_f1,0.8204851602909855
D574,,,RF,base_utility,accuracy,0.8848484848484849
D574,,,RF,base_utility,macro_f1,0.8847807710683965
D575,,,LR,base_utility,accuracy,0.8303030303030303
D575,,,LR,base_utility,macro_f1,0.8297966401414677
D575,,,DT,base_utility,accuracy,0.7363636363636363
D575,,,DT,base_utility,macro_f1,0.7358178053830228
D575,,,RF,base_utility,accuracy,0.8333333333333334
D575,,,RF,base_utility,macro_f1,0.8329882677708764
D576,,,LR,base_utility,accuracy,0.8181818181818182
D576,,,LR,base_utility,macro_f1,0.8180147058823529
D576,,,DT,base_utility,accuracy,0.696969696969697
D576,,,DT,base_utility,macro_f1,0.6962556606899599
D576,,,RF,base_utility,accuracy,0.8272727272727273
D576,,,RF,base_utility,macro_f1,0.8272330654420207
D577,,,LR,base_utility,accuracy,1.0
D577,,,LR,base_utility,macro_f1,1.0
D577,,,DT,base_utility,accuracy,1.0
D577,,,DT,base_utility,macro_f1,1.0
D577,,,RF,base_utility,accuracy,1.0
D577,,,RF,base_utility,macro_f1,1.0
D578,,,LR,base_utility,accuracy,0.996969696969697
D578,,,LR,base_utility,macro_f1,0.9969696691429674
D578,,,DT,base_utility,accuracy,0.9939393939393939
D578,,,DT,base_utility,macro_f1,0.9939393939393939
D578,,,RF,base_utility,accuracy,0.996969696969697
D578,,,RF,base_utility,macro_f1,0.9969696691429674
D579,,,LR,base_utility,accuracy,0.9575757575757575
D579,,,LR,base_utility,macro_f1,0.9575617283950617
D579,,,DT,base_utility,accuracy,0.9030303030303031
D579,,,DT,base_utility,macro_f1,0.9030267411107846
D579,,,RF,base_utility,accuracy,0.9575757575757575
D579,,,RF,base_utility,macro_f1,0.9575617283950617
D58,,,LR,base_utility,accuracy,0.7696969696969697
D58,,,LR,base_utility,macro_f1,0.7696885101381135
D58,,,DT,base_utility,accuracy,0.8363636363636363
D58,,,DT,base_utility,macro_f1,0.8354935194416749
D58,,,RF,base_utility,accuracy,0.8363636363636363
D58,,,RF,base_utility,macro_f1,0.8362674115182476
D580,,,LR,base_utility,accuracy,0.9212121212121213
D580,,,LR,base_utility,macro_f1,0.9209770114942528
D580,,,DT,base_utility,accuracy,0.8212121212121212
D580,,,DT,base_utility,macro_f1,0.8210790395059686
D580,,,RF,base_utility,accuracy,0.9212121212121213
D580,,,RF,base_utility,macro_f1,0.9209770114942528
D581,,,LR,base_utility,accuracy,1.0
D581,,,LR,base_utility,macro_f1,1.0
D581,,,DT,base_utility,accuracy,1.0
D581,,,DT,base_utility,macro_f1,1.0
D581,,,RF,base_utility,accuracy,1.0
D581,,,RF,base_utility,macro_f1,1.0
D582,,,LR,base_utility,accuracy,1.0
D582,,,LR,base_utility,macro_f1,1.0
D582,,,DT,base_utility,accuracy,0.9939393939393939
D582,,,DT,base_utility,macro_f1,0.9939391713194241
D582,,,RF,base_utility,accuracy,1.0
D582,,,RF,base_utility,macro_f1,1.0
D583,,,LR,base_utility,accuracy,0.9606060606060606
D583,,,LR,base_utility,macro_f1,0.960562240873698
D583,,,DT,base_utility,accuracy,0.9
D583,,,DT,base_utility,macro_f1,0.8999770378874856
D583,,,RF,base_utility,accuracy,0.9606060606060606
D583,,,RF,base_utility,macro_f1,0.960562240873698
D584,,,LR,base_utility,accuracy,0.9151515151515152
D584,,,LR,base_utility,macro_f1,0.9151390470592558
D584,,,DT,base_utility,accuracy,0.8212121212121212
D584,,,DT,base_utility,macro_f1,0.821197344133124
D584,,,RF,base_utility,accuracy,0.906060606060606
D584,,,RF,base_utility,macro_f1,0.9060390355912744
D585,,,LR,base_utility,accuracy,1.0
D585,,,LR,base_utility,macro_f1,1.0
D585,,,DT,base_utility,accuracy,0.996969696969697
D585,,,DT,base_utility,macro_f1,0.9969683328586784
D585,,,RF,base_utility,accuracy,0.996969696969697
D585,,,RF,base_utility,macro_f1,0.9969683328586784
D586,,,LR,base_utility,accuracy,0.9939393939393939
D586,,,LR,base_utility,macro_f1,0.9939385033613755
D586,,,DT,base_utility,accuracy,0.9757575757575757
D586,,,DT,base_utility,macro_f1,0.9757575757575757
D586,,,RF,base_utility,accuracy,0.9939393939393939
D586,,,RF,base_utility,macro_f1,0.9939385033613755
D587,,,LR,base_utility,accuracy,0.9454545454545454
D587,,,LR,base_utility,macro_f1,0.9454044117647058
D587,,,DT,base_utility,accuracy,0.896969696969697
D587,,,DT,base_utility,macro_f1,0.8969091109559337
D587,,,RF,base_utility,accuracy,0.9454545454545454
D587,,,RF,base_utility,macro_f1,0.9454044117647058
D588,,,LR,base_utility,accuracy,0.906060606060606
D588,,,LR,base_utility,macro_f1,0.9060597434319875
D588,,,DT,base_utility,accuracy,0.806060606060606
D588,,,DT,base_utility,macro_f1,0.8059964726631393
D588,,,RF,base_utility,accuracy,0.896969696969697
D588,,,RF,base_utility,macro_f1,0.8969659124302086
D589,,,LR,base_utility,accuracy,0.9757575757575757
D589,,,LR,base_utility,macro_f1,0.9756852343059239
D589,,,DT,base_utility,accuracy,0.9787878787878788
D589,,,DT,base_utility,macro_f1,0.9787314360423898
D589,,,RF,base_utility,accuracy,0.9878787878787879
D589,,,RF,base_utility,macro_f1,0.9878569325875772
D59,,,LR,base_utility,accuracy,0.8181818181818182
D59,,,LR,base_utility,macro_f1,0.8178539888136591
D59,,,DT,base_utility,accuracy,0.7878787878787878
D59,,,DT,base_utility,macro_f1,0.7870967741935484
D59,,,RF,base_utility,accuracy,0.8545454545454545
D59,,,RF,base_utility,macro_f1,0.8536369012418688
D590,,,LR,base_utility,accuracy,0.9848484848484849
D590,,,LR,base_utility,macro_f1,0.9847868779907615
D590,,,DT,base_utility,accuracy,0.9606060606060606
D590,,,DT,base_utility,macro_f1,0.9605244996549345
D590,,,RF,base_utility,accuracy,0.9818181818181818
D590,,,RF,base_utility,macro_f1,0.9817511520737328
D591,,,LR,base_utility,accuracy,0.9242424242424242
D591,,,LR,base_utility,macro_f1,0.9236528192931639
D591,,,DT,base_utility,accuracy,0.8545454545454545
D591,,,DT,base_utility,macro_f1,0.8536369012418688
D591,,,RF,base_utility,accuracy,0.9151515151515152
D591,,,RF,base_utility,macro_f1,0.9144444444444444
D592,,,LR,base_utility,accuracy,0.8878787878787879
D592,,,LR,base_utility,macro_f1,0.8878695208970437
D592,,,DT,base_utility,accuracy,0.7666666666666667
D592,,,DT,base_utility,macro_f1,0.7660457964662879
D592,,,RF,base_utility,accuracy,0.8848484848484849
D592,,,RF,base_utility,macro_f1,0.8848442550690567
D593,,,LR,base_utility,accuracy,1.0
D593,,,LR,base_utility,macro_f1,1.0
D593,,,DT,base_utility,accuracy,1.0
D593,,,DT,base_utility,macro_f1,1.0
D593,,,RF,base_utility,accuracy,1.0
D593,,,RF,base_utility,macro_f1,1.0
D594,,,LR,base_utility,accuracy,0.9939393939393939
D594,,,LR,base_utility,macro_f1,0.9939373897707231
D594,,,DT,base_utility,accuracy,0.9818181818181818
D594,,,DT,base_utility,macro_f1,0.9818175139582721
D594,,,RF,base_utility,accuracy,0.9939393939393939
D594,,,RF,base_utility,macro_f1,0.9939373897707231
D595,,,LR,base_utility,accuracy,0.9545454545454546
D595,,,LR,base_utility,macro_f1,0.9541916915758983
D595,,,DT,base_utility,accuracy,0.8606060606060606
D595,,,DT,base_utility,macro_f1,0.8585274930102517
D595,,,RF,base_utility,accuracy,0.9545454545454546
D595,,,RF,base_utility,macro_f1,0.9541916915758983
D596,,,LR,base_utility,accuracy,0.8818181818181818
D596,,,LR,base_utility,macro_f1,0.8813376483279396
D596,,,DT,base_utility,accuracy,0.7696969696969697
D596,,,DT,base_utility,macro_f1,0.7682584269662922
D596,,,RF,base_utility,accuracy,0.8757575757575757
D596,,,RF,base_utility,macro_f1,0.8751511013093909
D597,,,LR,base_utility,accuracy,1.0
D597,,,LR,base_utility,macro_f1,1.0
D597,,,DT,base_utility,accuracy,1.0
D597,,,DT,base_utility,macro_f1,1.0
D597,,,RF,base_utility,accuracy,1.0
D597,,,RF,base_utility,macro_f1,1.0
D598,,,LR,base_utility,accuracy,0.996969696969697
D598,,,LR,base_utility,macro_f1,0.9969616337203413
D598,,,DT,base_utility,accuracy,0.9939393939393939
D598,,,DT,base_utility,macro_f1,0.9939251132137992
D598,,,RF,base_utility,accuracy,0.996969696969697
D598,,,RF,base_utility,macro_f1,0.9969616337203413
D599,,,LR,base_utility,accuracy,0.9545454545454546
D599,,,LR,base_utility,macro_f1,0.9544748047934811
D599,,,DT,base_utility,accuracy,0.9242424242424242
D599,,,DT,base_utility,macro_f1,0.924124674655802
D599,,,RF,base_utility,accuracy,0.9545454545454546
D599,,,RF,base_utility,macro_f1,0.9544748047934811
D6,,,LR,base_utility,accuracy,0.7575757575757576
D6,,,LR,base_utility,macro_f1,0.7574955908289241
D6,,,DT,base_utility,accuracy,0.8848484848484849
D6,,,DT,base_utility,macro_f1,0.8840134670169078
D6,,,RF,base_utility,accuracy,0.896969696969697
D6,,,RF,base_utility,macro_f1,0.8962225757519702
D60,,,LR,base_utility,accuracy,0.7515151515151515
D60,,,LR,base_utility,macro_f1,0.7515151515151515
D60,,,DT,base_utility,accuracy,0.6424242424242425
D60,,,DT,base_utility,macro_f1,0.6405228758169934
D60,,,RF,base_utility,accuracy,0.793939393939394
D60,,,RF,base_utility,macro_f1,0.7938712522045855
D600,,,LR,base_utility,accuracy,0.8909090909090909
D600,,,LR,base_utility,macro_f1,0.8908730158730158
D600,,,DT,base_utility,accuracy,0.7636363636363637
D600,,,DT,base_utility,macro_f1,0.7635582010582012
D600,,,RF,base_utility,accuracy,0.906060606060606
D600,,,RF,base_utility,macro_f1,0.9060528418326583
D601,,,LR,base_utility,accuracy,1.0
D601,,,LR,base_utility,macro_f1,1.0
D601,,,DT,base_utility,accuracy,1.0
D601,,,DT,base_utility,macro_f1,1.0
D601,,,RF,base_utility,accuracy,1.0
D601,,,RF,base_utility,macro_f1,1.0
D602,,,LR,base_utility,accuracy,0.9878787878787879
D602,,,LR,base_utility,macro_f1,0.9878770067227508
D602,,,DT,base_utility,accuracy,0.9727272727272728
D602,,,DT,base_utility,macro_f1,0.972727022286706
D602,,,RF,base_utility,accuracy,0.9878787878787879
D602,,,RF,base_utility,macro_f1,0.9878770067227508
D603,,,LR,base_utility,accuracy,0.9333333333333333
D603,,,LR,base_utility,macro_f1,0.9328499019571571
D603,,,DT,base_utility,accuracy,0.896969696969697
D603,,,DT,base_utility,macro_f1,0.8961111111111111
D603,,,RF,base_utility,accuracy,0.9333333333333333
D603,,,RF,base_utility,macro_f1,0.9328499019571571
D604,,,LR,base_utility,accuracy,0.9
D604,,,LR,base_utility,macro_f1,0.8995933947390258
D604,,,DT,base_utility,accuracy,0.8
D604,,,DT,base_utility,macro_f1,0.7987507392075694
D604,,,RF,base_utility,accuracy,0.9030303030303031
D604,,,RF,base_utility,macro_f1,0.9026728110599078
D605,,,LR,base_utility,accuracy,0.9878787878787879
D605,,,LR,base_utility,macro_f1,0.9878676470588236
D605,,,DT,base_utility,accuracy,0.9606060606060606
D605,,,DT,base_utility,macro_f1,0.9605883271628188
D605,,,RF,base_utility,accuracy,0.9848484848484849
D605,,,RF,base_utility,macro_f1,0.984837206737794
D606,,,LR,base_utility,accuracy,0.9727272727272728
D606,,,LR,base_utility,macro_f1,0.972706972128029
D606,,,DT,base_utility,accuracy,0.9515151515151515
D606,,,DT,base_utility,macro_f1,0.9514009057103936
D606,,,RF,base_utility,accuracy,0.9818181818181818
D606,,,RF,base_utility,macro_f1,0.9817941079112876
D607,,,LR,base_utility,accuracy,0.9121212121212121
D607,,,LR,base_utility,macro_f1,0.9120234604105572
D607,,,DT,base_utility,accuracy,0.8575757575757575
D607,,,DT,base_utility,macro_f1,0.8574173323895238
D607,,,RF,base_utility,accuracy,0.9181818181818182
D607,,,RF,base_utility,macro_f1,0.9181630309988519
D608,,,LR,base_utility,accuracy,0.8787878787878788
D608,,,LR,base_utility,macro_f1,0.8784261715296198
D608,,,DT,base_utility,accuracy,0.7757575757575758
D608,,,DT,base_utility,macro_f1,0.7754606642392143
D608,,,RF,base_utility,accuracy,0.8848484848484849
D608,,,RF,base_utility,macro_f1,0.8847426470588236
D609,,,LR,base_utility,accuracy,1.0
D609,,,LR,base_utility,macro_f1,1.0
D609,,,DT,base_utility,accuracy,1.0
D609,,,DT,base_utility,macro_f1,1.0
D609,,,RF,base_utility,accuracy,1.0
D609,,,RF,base_utility,macro_f1,1.0
D61,,,LR,base_utility,accuracy,0.703030303030303
D61,,,LR,base_utility,macro_f1,0.7028556727553383
D61,,,DT,base_utility,accuracy,0.7454545454545455
D61,,,DT,base_utility,macro_f1,0.7452205882352941
D61,,,RF,base_utility,accuracy,0.8
D61,,,RF,base_utility,macro_f1,0.7995287360553736
D610,,,LR,base_utility,accuracy,0.996969696969697
D610,,,LR,base_utility,macro_f1,0.9969696691429674
D610,,,DT,base_utility,accuracy,0.9939393939393939
D610,,,DT,base_utility,macro_f1,0.9939393939393939
D610,,,RF,base_utility,accuracy,0.996969696969697
D610,,,RF,base_utility,macro_f1,0.9969696691429674
D611,,,LR,base_utility,accuracy,0.9575757575757575
D611,,,LR,base_utility,macro_f1,0.9575617283950617
D611,,,DT,base_utility,accuracy,0.9030303030303031
D611,,,DT,base_utility,macro_f1,0.9030267411107846
D611,,,RF,base_utility,accuracy,0.9575757575757575
D611,,,RF,base_utility,macro_f1,0.9575617283950617
D612,,,LR,base_utility,accuracy,0.9212121212121213
D612,,,LR,base_utility,macro_f1,0.9209770114942528
D612,,,DT,base_utility,accuracy,0.8212121212121212
D612,,,DT,base_utility,macro_f1,0.8210790395059686
D612,,,RF,base_utility,accuracy,0.9212121212121213
D612,,,RF,base_utility,macro_f1,0.9209770114942528
D613,,,LR,base_utility,accuracy,1.0
D613,,,LR,base_utility,macro_f1,1.0
D613,,,DT,base_utility,accuracy,1.0
D613,,,DT,base_utility,macro_f1,1.0
D613,,,RF,base_utility,accuracy,1.0
D613,,,RF,base_utility,macro_f1,1.0
D614,,,LR,base_utility,accuracy,1.0
D614,,,LR,base_utility,macro_f1,1.0
D614,,,DT,base_utility,accuracy,0.9939393939393939
D614,,,DT,base_utility,macro_f1,0.9939391713194241
D614,,,RF,base_utility,accuracy,1.0
D614,,,RF,base_utility,macro_f1,1.0
D615,,,LR,base_utility,accuracy,0.9606060606060606
D615,,,LR,base_utility,macro_f1,0.960562240873698
D615,,,DT,base_utility,accuracy,0.9
D615,,,DT,base_utility,macro_f1,0.8999770378874856
D615,,,RF,base_utility,accuracy,0.9606060606060606
D615,,,RF,base_utility,macro_f1,0.960562240873698
D616,,,LR,base_utility,accuracy,0.9151515151515152
D616,,,LR,base_utility,macro_f1,0.9151390470592558
D616,,,DT,base_utility,accuracy,0.8151515151515152
D616,,,DT,base_utility,macro_f1,0.8151090700344432
D616,,,RF,base_utility,accuracy,0.9151515151515152
D616,,,RF,base_utility,macro_f1,0.9151390470592558
D617,,,LR,base_utility,accuracy,1.0
D617,,,LR,base_utility,macro_f1,1.0
D617,,,DT,base_utility,accuracy,1.0
D617,,,DT,base_utility,macro_f1,1.0
D617,,,RF,base_utility,accuracy,1.0
D617,,,RF,base_utility,macro_f1,1.0
D618,,,LR,base_utility,accuracy,0.9939393939393939
D618,,,LR,base_utility,macro_f1,0.9939385033613755
D618,,,DT,base_utility,accuracy,0.9757575757575757
D618,,,DT,base_utility,macro_f1,0.9757575757575757
D618,,,RF,base_utility,accuracy,0.9939393939393939
D618,,,RF,base_utility,macro_f1,0.9939385033613755
D619,,,LR,base_utility,accuracy,0.9454545454545454
D619,,,LR,base_utility,macro_f1,0.9454044117647058
D619,,,DT,base_utility,accuracy,0.896969696969697
D619,,,DT,base_utility,macro_f1,0.8969091109559337
D619,,,RF,base_utility,accuracy,0.9454545454545454
D619,,,RF,base_utility,macro_f1,0.9454044117647058
D62,,,LR,base_utility,accuracy,0.6666666666666666
D62,,,LR,base_utility,macro_f1,0.6662253117069403
D62,,,DT,base_utility,accuracy,0.7272727272727273
D62,,,DT,base_utility,macro_f1,0.7246838963254106
D62,,,RF,base_utility,accuracy,0.8303030303030303
D62,,,RF,base_utility,macro_f1,0.8302469135802469
D620,,,LR,base_utility,accuracy,0.906060606060606
D620,,,LR,base_utility,macro_f1,0.9060597434319875
D620,,,DT,base_utility,accuracy,0.8363636363636363
D620,,,DT,base_utility,macro_f1,0.836339590757136
D620,,,RF,base_utility,accuracy,0.9
D620,,,RF,base_utility,macro_f1,0.8999917348541202
D621,,,LR,base_utility,accuracy,1.0
D621,,,LR,base_utility,macro_f1,1.0
D621,,,DT,base_utility,accuracy,1.0
D621,,,DT,base_utility,macro_f1,1.0
D621,,,RF,base_utility,accuracy,1.0
D621,,,RF,base_utility,macro_f1,1.0
D622,,,LR,base_utility,accuracy,0.990909090909091
D622,,,LR,base_utility,macro_f1,0.9908647147299554
D622,,,DT,base_utility,accuracy,0.9878787878787879
D622,,,DT,base_utility,macro_f1,0.9878246753246753
D622,,,RF,base_utility,accuracy,0.990909090909091
D622,,,RF,base_utility,macro_f1,0.9908647147299554
D623,,,LR,base_utility,accuracy,0.9393939393939394
D623,,,LR,base_utility,macro_f1,0.9388888888888889
D623,,,DT,base_utility,accuracy,0.8575757575757575
D623,,,DT,base_utility,macro_f1,0.8563077293656602
D623,,,RF,base_utility,accuracy,0.9303030303030303
D623,,,RF,base_utility,macro_f1,0.9296825058597913
D624,,,LR,base_utility,accuracy,0.906060606060606
D624,,,LR,base_utility,macro_f1,0.9060183186190297
D624,,,DT,base_utility,accuracy,0.806060606060606
D624,,,DT,base_utility,macro_f1,0.8059964726631393
D624,,,RF,base_utility,accuracy,0.906060606060606
D624,,,RF,base_utility,macro_f1,0.9060183186190297
D625,,,LR,base_utility,accuracy,1.0
D625,,,LR,base_utility,macro_f1,1.0
D625,,,DT,base_utility,accuracy,1.0
D625,,,DT,base_utility,macro_f1,1.0
D625,,,RF,base_utility,accuracy,1.0
D625,,,RF,base_utility,macro_f1,1.0
D626,,,LR,base_utility,accuracy,0.9939393939393939
D626,,,LR,base_utility,macro_f1,0.9939373897707231
D626,,,DT,base_utility,accuracy,0.9818181818181818
D626,,,DT,base_utility,macro_f1,0.9818175139582721
D626,,,RF,base_utility,accuracy,0.9939393939393939
D626,,,RF,base_utility,macro_f1,0.9939373897707231
D627,,,LR,base_utility,accuracy,0.9545454545454546
D627,,,LR,base_utility,macro_f1,0.9541916915758983
D627,,,DT,base_utility,accuracy,0.8515151515151516
D627,,,DT,base_utility,macro_f1,0.8496247593717161
D627,,,RF,base_utility,accuracy,0.9545454545454546
D627,,,RF,base_utility,macro_f1,0.9541916915758983
D628,,,LR,base_utility,accuracy,0.8818181818181818
D628,,,LR,base_utility,macro_f1,0.8813376483279396
D628,,,DT,base_utility,accuracy,0.7696969696969697
D628,,,DT,base_utility,macro_f1,0.7682584269662922
D628,,,RF,base_utility,accuracy,0.8818181818181818
D628,,,RF,base_utility,macro_f1,0.8813376483279396
D629,,,LR,base_utility,accuracy,1.0
D629,,,LR,base_utility,macro_f1,1.0
D629,,,DT,base_utility,accuracy,1.0
D629,,,DT,base_utility,macro_f1,1.0
D629,,,RF,base_utility,accuracy,1.0
D629,,,RF,base_utility,macro_f1,1.0
D63,,,LR,base_utility,accuracy,0.6727272727272727
D63,,,LR,base_utility,macro_f1,0.6712662337662338
D63,,,DT,base_utility,accuracy,0.696969696969697
D63,,,DT,base_utility,macro_f1,0.6950768775872265
D63,,,RF,base_utility,accuracy,0.7757575757575758
D63,,,RF,base_utility,macro_f1,0.7730567636890822
D630,,,LR,base_utility,accuracy,0.996969696969697
D630,,,LR,base_utility,macro_f1,0.9969616337203413
D630,,,DT,base_utility,accuracy,0.9939393939393939
D630,,,DT,base_utility,macro_f1,0.9939251132137992
D630,,,RF,base_utility,accuracy,0.996969696969697
D630,,,RF,base_utility,macro_f1,0.9969616337203413
D631,,,LR,base_utility,accuracy,0.9545454545454546
D631,,,LR,base_utility,macro_f1,0.9544748047934811
D631,,,DT,base_utility,accuracy,0.9242424242424242
D631,,,DT,base_utility,macro_f1,0.924124674655802
D631,,,RF,base_utility,accuracy,0.9545454545454546
D631,,,RF,base_utility,macro_f1,0.9544748047934811
D632,,,LR,base_utility,accuracy,0.906060606060606
D632,,,LR,base_utility,macro_f1,0.9060528418326583
D632,,,DT,base_utility,accuracy,0.7636363636363637
D632,,,DT,base_utility,macro_f1,0.7635582010582012
D632,,,RF,base_utility,accuracy,0.906060606060606
D632,,,RF,base_utility,macro_f1,0.9060528418326583
D633,,,LR,base_utility,accuracy,1.0
D633,,,LR,base_utility,macro_f1,1.0
D633,,,DT,base_utility,accuracy,1.0
D633,,,DT,base_utility,macro_f1,1.0
D633,,,RF,base_utility,accuracy,1.0
D633,,,RF,base_utility,macro_f1,1.0
D634,,,LR,base_utility,accuracy,0.9878787878787879
D634,,,LR,base_utility,macro_f1,0.9878770067227508
D634,,,DT,base_utility,accuracy,0.9727272727272728
D634,,,DT,base_utility,macro_f1,0.972727022286706
D634,,,RF,base_utility,accuracy,0.9878787878787879
D634,,,RF,base_utility,macro_f1,0.9878770067227508
D635,,,LR,base_utility,accuracy,0.9333333333333333
D635,,,LR,base_utility,macro_f1,0.9328499019571571
D635,,,DT,base_utility,accuracy,0.896969696969697
D635,,,DT,base_utility,macro_f1,0.8961111111111111
D635,,,RF,base_utility,accuracy,0.9333333333333333
D635,,,RF,base_utility,macro_f1,0.9328499019571571
D636,,,LR,base_utility,accuracy,0.9030303030303031
D636,,,LR,base_utility,macro_f1,0.9026728110599078
D636,,,DT,base_utility,accuracy,0.7757575757575758
D636,,,DT,base_utility,macro_f1,0.7720654121863799
D636,,,RF,base_utility,accuracy,0.9030303030303031
D636,,,RF,base_utility,macro_f1,0.9026728110599078
D637,,,LR,base_utility,accuracy,1.0
D637,,,LR,base_utility,macro_f1,1.0
D637,,,DT,base_utility,accuracy,1.0
D637,,,DT,base_utility,macro_f1,1.0
D637,,,RF,base_utility,accuracy,1.0
D637,,,RF,base_utility,macro_f1,1.0
D638,,,LR,base_utility,accuracy,0.996969696969697
D638,,,LR,base_utility,macro_f1,0.9969634230503797
D638,,,DT,base_utility,accuracy,0.9939393939393939
D638,,,DT,base_utility,macro_f1,0.9939251132137992
D638,,,RF,base_utility,accuracy,0.996969696969697
D638,,,RF,base_utility,macro_f1,0.9969634230503797
D639,,,LR,base_utility,accuracy,0.9303030303030303
D639,,,LR,base_utility,macro_f1,0.9302716557496027
D639,,,DT,base_utility,accuracy,0.8939393939393939
D639,,,DT,base_utility,macro_f1,0.8938916500537432
D639,,,RF,base_utility,accuracy,0.9363636363636364
D639,,,RF,base_utility,macro_f1,0.9363490241102181
D64,,,LR,base_utility,accuracy,0.6727272727272727
D64,,,LR,base_utility,macro_f1,0.6706830277942046
D64,,,DT,base_utility,accuracy,0.6727272727272727
D64,,,DT,base_utility,macro_f1,0.6699999999999999
D64,,,RF,base_utility,accuracy,0.703030303030303
D64,,,RF,base_utility,macro_f1,0.6928774928774929
D640,,,LR,base_utility,accuracy,0.8909090909090909
D640,,,LR,base_utility,macro_f1,0.890844941012165
D640,,,DT,base_utility,accuracy,0.7878787878787878
D640,,,DT,base_utility,macro_f1,0.7875979256316893
D640,,,RF,base_utility,accuracy,0.8909090909090909
D640,,,RF,base_utility,macro_f1,0.890844941012165
D641,,,LR,base_utility,accuracy,0.8348484848484848
D641,,,LR,base_utility,macro_f1,0.834327811694697
D641,,,DT,base_utility,accuracy,0.8151515151515152
D641,,,DT,base_utility,macro_f1,0.8151243525219499
D641,,,RF,base_utility,accuracy,0.8636363636363636
D641,,,RF,base_utility,macro_f1,0.8630819019168534
D642,,,LR,base_utility,accuracy,0.843939393939394
D642,,,LR,base_utility,macro_f1,0.8426822241095624
D642,,,DT,base_utility,accuracy,0.8287878787878787
D642,,,DT,base_utility,macro_f1,0.828614368541154
D642,,,RF,base_utility,accuracy,0.8757575757575757
D642,,,RF,base_utility,macro_f1,0.8747906236407887
D643,,,LR,base_utility,accuracy,0.7878787878787878
D643,,,LR,base_utility,macro_f1,0.786340597136409
D643,,,DT,base_utility,accuracy,0.753030303030303
D643,,,DT,base_utility,macro_f1,0.753016128106526
D643,,,RF,base_utility,accuracy,0.803030303030303
D643,,,RF,base_utility,macro_f1,0.8023041474654378
D644,,,LR,base_utility,accuracy,0.7606060606060606
D644,,,LR,base_utility,macro_f1,0.7580375705375706
D644,,,DT,base_utility,accuracy,0.6833333333333333
D644,,,DT,base_utility,macro_f1,0.6828783263405942
D644,,,RF,base_utility,accuracy,0.7727272727272727
D644,,,RF,base_utility,macro_f1,0.7699899631983942
D645,,,LR,base_utility,accuracy,0.8515151515151516
D645,,,LR,base_utility,macro_f1,0.8510720601237842
D645,,,DT,base_utility,accuracy,0.7545454545454545
D645,,,DT,base_utility,macro_f1,0.754362749152262
D645,,,RF,base_utility,accuracy,0.8515151515151516
D645,,,RF,base_utility,macro_f1,0.8510720601237842
D646,,,LR,base_utility,accuracy,0.8545454545454545
D646,,,LR,base_utility,macro_f1,0.8543836586105774
D646,,,DT,base_utility,accuracy,0.740909090909091
D646,,,DT,base_utility,macro_f1,0.740178417266187
D646,,,RF,base_utility,accuracy,0.8545454545454545
D646,,,RF,base_utility,macro_f1,0.8544371846828219
D647,,,LR,base_utility,accuracy,0.8318181818181818
D647,,,LR,base_utility,macro_f1,0.8311666463095647
D647,,,DT,base_utility,accuracy,0.7318181818181818
D647,,,DT,base_utility,macro_f1,0.7293521549656998
D647,,,RF,base_utility,accuracy,0.8287878787878787
D647,,,RF,base_utility,macro_f1,0.8283587757271968
D648,,,LR,base_utility,accuracy,0.7712121212121212
D648,,,LR,base_utility,macro_f1,0.7710938845822566
D648,,,DT,base_utility,accuracy,0.6727272727272727
D648,,,DT,base_utility,macro_f1,0.6727002231589387
D648,,,RF,base_utility,accuracy,0.7757575757575758
D648,,,RF,base_utility,macro_f1,0.7752933057280883
D649,,,LR,base_utility,accuracy,0.8242424242424242
D649,,,LR,base_utility,macro_f1,0.8242408102921055
D649,,,DT,base_utility,accuracy,0.9227272727272727
D649,,,DT,base_utility,macro_f1,0.9227129011593065
D649,,,RF,base_utility,accuracy,0.956060606060606
D649,,,RF,base_utility,macro_f1,0.956031434997048
D65,,,LR,base_utility,accuracy,0.9939393939393939
D65,,,LR,base_utility,macro_f1,0.9939170506912443
D65,,,DT,base_utility,accuracy,0.9878787878787879
D65,,,DT,base_utility,macro_f1,0.9878246753246753
D65,,,RF,base_utility,accuracy,0.9939393939393939
D65,,,RF,base_utility,macro_f1,0.9939170506912443
D650,,,LR,base_utility,accuracy,0.8181818181818182
D650,,,LR,base_utility,macro_f1,0.8180749016869417
D650,,,DT,base_utility,accuracy,0.9166666666666666
D650,,,DT,base_utility,macro_f1,0.9166572915686109
D650,,,RF,base_utility,accuracy,0.9590909090909091
D650,,,RF,base_utility,macro_f1,0.9590637498248379
D651,,,LR,base_utility,accuracy,0.7742424242424243
D651,,,LR,base_utility,macro_f1,0.7741257536606374
D651,,,DT,base_utility,accuracy,0.8303030303030303
D651,,,DT,base_utility,macro_f1,0.8302469135802469
D651,,,RF,base_utility,accuracy,0.9106060606060606
D651,,,RF,base_utility,macro_f1,0.9105713649234897
D652,,,LR,base_utility,accuracy,0.7545454545454545
D652,,,LR,base_utility,macro_f1,0.7544349615529485
D652,,,DT,base_utility,accuracy,0.7606060606060606
D652,,,DT,base_utility,macro_f1,0.7595373376623377
D652,,,RF,base_utility,accuracy,0.8681818181818182
D652,,,RF,base_utility,macro_f1,0.8676711552156047
D653,,,LR,base_utility,accuracy,0.706060606060606
D653,,,LR,base_utility,macro_f1,0.7060498089920658
D653,,,DT,base_utility,accuracy,0.8303030303030303
D653,,,DT,base_utility,macro_f1,0.830296796943873
D653,,,RF,base_utility,accuracy,0.8757575757575757
D653,,,RF,base_utility,macro_f1,0.8756433823529411
D654,,,LR,base_utility,accuracy,0.7090909090909091
D654,,,LR,base_utility,macro_f1,0.7087673172211548
D654,,,DT,base_utility,accuracy,0.8257575757575758
D654,,,DT,base_utility,macro_f1,0.8256899485796831
D654,,,RF,base_utility,accuracy,0.9075757575757576
D654,,,RF,base_utility,macro_f1,0.906975884433826
D655,,,LR,base_utility,accuracy,0.6924242424242424
D655,,,LR,base_utility,macro_f1,0.6923896397895999
D655,,,DT,base_utility,accuracy,0.7712121212121212
D655,,,DT,base_utility,macro_f1,0.7710223578309848
D655,,,RF,base_utility,accuracy,0.8378787878787879
D655,,,RF,base_utility,macro_f1,0.8377443197875191
D656,,,LR,base_utility,accuracy,0.6666666666666666
D656,,,LR,base_utility,macro_f1,0.6666176848756474
D656,,,DT,base_utility,accuracy,0.7242424242424242
D656,,,DT,base_utility,macro_f1,0.7242398920100277
D656,,,RF,base_utility,accuracy,0.7848484848484848
D656,,,RF,base_utility,macro_f1,0.7842759941442395
D657,,,LR,base_utility,accuracy,0.8393939393939394
D657,,,LR,base_utility,macro_f1,0.8384668667744171
D657,,,DT,base_utility,accuracy,0.8106060606060606
D657,,,DT,base_utility,macro_f1,0.8106021474272884
D657,,,RF,base_utility,accuracy,0.8606060606060606
D657,,,RF,base_utility,macro_f1,0.8595952495467831
D658,,,LR,base_utility,accuracy,0.8212121212121212
D658,,,LR,base_utility,macro_f1,0.821013247042168
D658,,,DT,base_utility,accuracy,0.793939393939394
D658,,,DT,base_utility,macro_f1,0.7939223627297022
D658,,,RF,base_utility,accuracy,0.843939393939394
D658,,,RF,base_utility,macro_f1,0.8434992805755396
D659,,,LR,base_utility,accuracy,0.7818181818181819
D659,,,LR,base_utility,macro_f1,0.7808441558441559
D659,,,DT,base_utility,accuracy,0.7484848484848485
D659,,,DT,base_utility,macro_f1,0.7482536764705883
D659,,,RF,base_utility,accuracy,0.8318181818181818
D659,,,RF,base_utility,macro_f1,0.8301709649376992
D66,,,LR,base_utility,accuracy,0.9696969696969697
D66,,,LR,base_utility,macro_f1,0.9694093218139346
D66,,,DT,base_utility,accuracy,0.9757575757575757
D66,,,DT,base_utility,macro_f1,0.9754974754974755
D66,,,RF,base_utility,accuracy,0.9757575757575757
D66,,,RF,base_utility,macro_f1,0.9754974754974755
D660,,,LR,base_utility,accuracy,0.7621212121212121
D660,,,LR,base_utility,macro_f1,0.7614503597122302
D660,,,DT,base_utility,accuracy,0.6590909090909091
D660,,,DT,base_utility,macro_f1,0.6589961858091894
D660,,,RF,base_utility,accuracy,0.7787878787878788
D660,,,RF,base_utility,macro_f1,0.7774061206386753
D661,,,LR,base_utility,accuracy,0.8636363636363636
D661,,,LR,base_utility,macro_f1,0.8636351114335301
D661,,,DT,base_utility,accuracy,0.7757575757575758
D661,,,DT,base_utility,macro_f1,0.7757575757575758
D661,,,RF,base_utility,accuracy,0.8590909090909091
D661,,,RF,base_utility,macro_f1,0.8590517568011315
D662,,,LR,base_utility,accuracy,0.85
D662,,,LR,base_utility,macro_f1,0.8499969007624124
D662,,,DT,base_utility,accuracy,0.7606060606060606
D662,,,DT,base_utility,macro_f1,0.7605708827743286
D662,,,RF,base_utility,accuracy,0.85
D662,,,RF,base_utility,macro_f1,0.8499913906904666
D663,,,LR,base_utility,accuracy,0.8318181818181818
D663,,,LR,base_utility,macro_f1,0.8317992611657419
D663,,,DT,base_utility,accuracy,0.7151515151515152
D663,,,DT,base_utility,macro_f1,0.7147743572768399
D663,,,RF,base_utility,accuracy,0.8333333333333334
D663,,,RF,base_utility,macro_f1,0.8333195580902002
D664,,,LR,base_utility,accuracy,0.7545454545454545
D664,,,LR,base_utility,macro_f1,0.7545251673692042
D664,,,DT,base_utility,accuracy,0.65
D664,,,DT,base_utility,macro_f1,0.6499606245881653
D664,,,RF,base_utility,accuracy,0.7651515151515151
D664,,,RF,base_utility,macro_f1,0.7649135143706094
D665,,,LR,base_utility,accuracy,0.8348484848484848
D665,,,LR,base_utility,macro_f1,0.8348390059117259
D665,,,DT,base_utility,accuracy,0.9045454545454545
D665,,,DT,base_utility,macro_f1,0.9045189320265731
D665,,,RF,base_utility,accuracy,0.946969696969697
D665,,,RF,base_utility,macro_f1,0.9469598341289358
D666,,,LR,base_utility,accuracy,0.8106060606060606
D666,,,LR,base_utility,macro_f1,0.8105325528040034
D666,,,DT,base_utility,accuracy,0.9090909090909091
D666,,,DT,base_utility,macro_f1,0.9090875697913605
D666,,,RF,base_utility,accuracy,0.9409090909090909
D666,,,RF,base_utility,macro_f1,0.9409024431122877
D667,,,LR,base_utility,accuracy,0.7742424242424243
D667,,,LR,base_utility,macro_f1,0.774154802942372
D667,,,DT,base_utility,accuracy,0.8015151515151515
D667,,,DT,base_utility,macro_f1,0.8015110505037983
D667,,,RF,base_utility,accuracy,0.8772727272727273
D667,,,RF,base_utility,macro_f1,0.8772656832921999
D668,,,LR,base_utility,accuracy,0.7363636363636363
D668,,,LR,base_utility,macro_f1,0.7363539523949456
D668,,,DT,base_utility,accuracy,0.7363636363636363
D668,,,DT,base_utility,macro_f1,0.7363539523949456
D668,,,RF,base_utility,accuracy,0.8212121212121212
D668,,,RF,base_utility,macro_f1,0.8212055539230091
D669,,,LR,base_utility,accuracy,0.6757575757575758
D669,,,LR,base_utility,macro_f1,0.6751729467176921
D669,,,DT,base_utility,accuracy,0.7909090909090909
D669,,,DT,base_utility,macro_f1,0.790676509252705
D669,,,RF,base_utility,accuracy,0.8272727272727273
D669,,,RF,base_utility,macro_f1,0.8258333333333334
D67,,,LR,base_utility,accuracy,0.9151515151515152
D67,,,LR,base_utility,macro_f1,0.9151483984719365
D67,,,DT,base_utility,accuracy,0.8666666666666667
D67,,,DT,base_utility,macro_f1,0.8666617690273288
D67,,,RF,base_utility,accuracy,0.9212121212121213
D67,,,RF,base_utility,macro_f1,0.9212121212121213
D670,,,LR,base_utility,accuracy,0.6772727272727272
D670,,,LR,base_utility,macro_f1,0.677005047801323
D670,,,DT,base_utility,accuracy,0.7954545454545454
D670,,,DT,base_utility,macro_f1,0.7954315338502265
D670,,,RF,base_utility,accuracy,0.8469696969696969
D670,,,RF,base_utility,macro_f1,0.846189699370776
D671,,,LR,base_utility,accuracy,0.6803030303030303
D671,,,LR,base_utility,macro_f1,0.6801789491331578
D671,,,DT,base_utility,accuracy,0.7181818181818181
D671,,,DT,base_utility,macro_f1,0.7181171067738232
D671,,,RF,base_utility,accuracy,0.8015151515151515
D671,,,RF,base_utility,macro_f1,0.8009553956834532
D672,,,LR,base_utility,accuracy,0.6545454545454545
D672,,,LR,base_utility,macro_f1,0.6545169022233243
D672,,,DT,base_utility,accuracy,0.706060606060606
D672,,,DT,base_utility,macro_f1,0.7059282872918026
D672,,,RF,base_utility,accuracy,0.7742424242424243
D672,,,RF,base_utility,macro_f1,0.7735306783716501
D673,,,LR,base_utility,accuracy,0.9787878787878788
D673,,,LR,base_utility,macro_f1,0.978784761764814
D673,,,DT,base_utility,accuracy,0.9742424242424242
D673,,,DT,base_utility,macro_f1,0.9742418920501112
D673,,,RF,base_utility,accuracy,0.9787878787878788
D673,,,RF,base_utility,macro_f1,0.9787861255751165
D674,,,LR,base_utility,accuracy,0.9666666666666667
D674,,,LR,base_utility,macro_f1,0.9665311315796752
D674,,,DT,base_utility,accuracy,0.9590909090909091
D674,,,DT,base_utility,macro_f1,0.9589883800410116
D674,,,RF,base_utility,accuracy,0.9666666666666667
D674,,,RF,base_utility,macro_f1,0.9665311315796752
D675,,,LR,base_utility,accuracy,0.9106060606060606
D675,,,LR,base_utility,macro_f1,0.9105713649234897
D675,,,DT,base_utility,accuracy,0.8757575757575757
D675,,,DT,base_utility,macro_f1,0.8757530120481928
D675,,,RF,base_utility,accuracy,0.9242424242424242
D675,,,RF,base_utility,macro_f1,0.9242396414928005
D676,,,LR,base_utility,accuracy,0.8545454545454545
D676,,,LR,base_utility,macro_f1,0.8540092165898618
D676,,,DT,base_utility,accuracy,0.7787878787878788
D676,,,DT,base_utility,macro_f1,0.7784949795873332
D676,,,RF,base_utility,accuracy,0.8636363636363636
D676,,,RF,base_utility,macro_f1,0.863315047310482
D677,,,LR,base_utility,accuracy,0.9454545454545454
D677,,,LR,base_utility,macro_f1,0.9453260189241928
D677,,,DT,base_utility,accuracy,0.9166666666666666
D677,,,DT,base_utility,macro_f1,0.9164039416808105
D677,,,RF,base_utility,accuracy,0.946969696969697
D677,,,RF,base_utility,macro_f1,0.9468367889420521
D678,,,LR,base_utility,accuracy,0.9393939393939394
D678,,,LR,base_utility,macro_f1,0.9393382352941176
D678,,,DT,base_utility,accuracy,0.9227272727272727
D678,,,DT,base_utility,macro_f1,0.9226759718913604
D678,,,RF,base_utility,accuracy,0.9363636363636364
D678,,,RF,base_utility,macro_f1,0.9363051470588235
D679,,,LR,base_utility,accuracy,0.9075757575757576
D679,,,LR,base_utility,macro_f1,0.9068312201037214
D679,,,DT,base_utility,accuracy,0.8712121212121212
D679,,,DT,base_utility,macro_f1,0.8702443153826405
D679,,,RF,base_utility,accuracy,0.9106060606060606
D679,,,RF,base_utility,macro_f1,0.9099809281627463
D68,,,LR,base_utility,accuracy,0.9030303030303031
D68,,,LR,base_utility,macro_f1,0.9029982363315696
D68,,,DT,base_utility,accuracy,0.8181818181818182
D68,,,DT,base_utility,macro_f1,0.818175139582721
D68,,,RF,base_utility,accuracy,0.9030303030303031
D68,,,RF,base_utility,macro_f1,0.9029411764705882
D680,,,LR,base_utility,accuracy,0.8303030303030303
D680,,,LR,base_utility,macro_f1,0.8300392712289963
D680,,,DT,base_utility,accuracy,0.7606060606060606
D680,,,DT,base_utility,macro_f1,0.760339771463242
D680,,,RF,base_utility,accuracy,0.8287878787878787
D680,,,RF,base_utility,macro_f1,0.828614368541154
D681,,,LR,base_utility,accuracy,0.9712121212121212
D681,,,LR,base_utility,macro_f1,0.9712120551240935
D681,,,DT,base_utility,accuracy,0.9712121212121212
D681,,,DT,base_utility,macro_f1,0.9712115264089478
D681,,,RF,base_utility,accuracy,0.9863636363636363
D681,,,RF,base_utility,macro_f1,0.9863633546147648
D682,,,LR,base_utility,accuracy,0.9575757575757575
D682,,,LR,base_utility,macro_f1,0.9575757575757575
D682,,,DT,base_utility,accuracy,0.9393939393939394
D682,,,DT,base_utility,macro_f1,0.9393889302146183
D682,,,RF,base_utility,accuracy,0.9727272727272728
D682,,,RF,base_utility,macro_f1,0.9727232651261893
D683,,,LR,base_utility,accuracy,0.9257575757575758
D683,,,LR,base_utility,macro_f1,0.9257492233974896
D683,,,DT,base_utility,accuracy,0.8757575757575757
D683,,,DT,base_utility,macro_f1,0.8757473069399675
D683,,,RF,base_utility,accuracy,0.9409090909090909
D683,,,RF,base_utility,macro_f1,0.9409089552547182
D684,,,LR,base_utility,accuracy,0.8939393939393939
D684,,,LR,base_utility,macro_f1,0.8937481601413011
D684,,,DT,base_utility,accuracy,0.7848484848484848
D684,,,DT,base_utility,macro_f1,0.783887987012987
D684,,,RF,base_utility,accuracy,0.8924242424242425
D684,,,RF,base_utility,macro_f1,0.8921863891643409
D685,,,LR,base_utility,accuracy,0.8575757575757575
D685,,,LR,base_utility,macro_f1,0.857528659611993
D685,,,DT,base_utility,accuracy,0.8863636363636364
D685,,,DT,base_utility,macro_f1,0.8863508521390147
D685,,,RF,base_utility,accuracy,0.9363636363636364
D685,,,RF,base_utility,macro_f1,0.936334990032246
D686,,,LR,base_utility,accuracy,0.85
D686,,,LR,base_utility,macro_f1,0.8492994291645044
D686,,,DT,base_utility,accuracy,0.8833333333333333
D686,,,DT,base_utility,macro_f1,0.8830409356725146
D686,,,RF,base_utility,accuracy,0.9181818181818182
D686,,,RF,base_utility,macro_f1,0.917545044836617
D687,,,LR,base_utility,accuracy,0.8212121212121212
D687,,,LR,base_utility,macro_f1,0.8211316386620242
D687,,,DT,base_utility,accuracy,0.8287878787878787
D687,,,DT,base_utility,macro_f1,0.8287560359019928
D687,,,RF,base_utility,accuracy,0.8833333333333333
D687,,,RF,base_utility,macro_f1,0.8833116350836587
D688,,,LR,base_utility,accuracy,0.759090909090909
D688,,,LR,base_utility,macro_f1,0.7589974071666923
D688,,,DT,base_utility,accuracy,0.7212121212121212
D688,,,DT,base_utility,macro_f1,0.7210481825866442
D688,,,RF,base_utility,accuracy,0.8212121212121212
D688,,,RF,base_utility,macro_f1,0.8211316386620242
D689,,,LR,base_utility,accuracy,0.9696969696969697
D689,,,LR,base_utility,macro_f1,0.9696900114810563
D689,,,DT,base_utility,accuracy,0.9590909090909091
D689,,,DT,base_utility,macro_f1,0.9590900638442943
D689,,,RF,base_utility,accuracy,0.9666666666666667
D689,,,RF,base_utility,macro_f1,0.966655643738977
D69,,,LR,base_utility,accuracy,1.0
D69,,,LR,base_utility,macro_f1,1.0
D69,,,DT,base_utility,accuracy,0.9939393939393939
D69,,,DT,base_utility,macro_f1,0.9939170506912443
D69,,,RF,base_utility,accuracy,1.0
D69,,,RF,base_utility,macro_f1,1.0
D690,,,LR,base_utility,accuracy,0.9606060606060606
D690,,,LR,base_utility,macro_f1,0.9606046135762563
D690,,,DT,base_utility,accuracy,0.9393939393939394
D690,,,DT,base_utility,macro_f1,0.9393850336137541
D690,,,RF,base_utility,accuracy,0.9696969696969697
D690,,,RF,base_utility,macro_f1,0.9696944651073092
D691,,,LR,base_utility,accuracy,0.9106060606060606
D691,,,LR,base_utility,macro_f1,0.9102928268817427
D691,,,DT,base_utility,accuracy,0.8469696969696969
D691,,,DT,base_utility,macro_f1,0.8469271767410139
D691,,,RF,base_utility,accuracy,0.9257575757575758
D691,,,RF,base_utility,macro_f1,0.9255715045188729
D692,,,LR,base_utility,accuracy,0.8863636363636364
D692,,,LR,base_utility,macro_f1,0.8857338082497883
D692,,,DT,base_utility,accuracy,0.7954545454545454
D692,,,DT,base_utility,macro_f1,0.7953488372093023
D692,,,RF,base_utility,accuracy,0.8984848484848484
D692,,,RF,base_utility,macro_f1,0.8980521082372144
D693,,,LR,base_utility,accuracy,0.9484848484848485
D693,,,LR,base_utility,macro_f1,0.948477278571691
D693,,,DT,base_utility,accuracy,0.9075757575757576
D693,,,DT,base_utility,macro_f1,0.9075755453984053
D693,,,RF,base_utility,accuracy,0.943939393939394
D693,,,RF,base_utility,macro_f1,0.9439361763186592
D694,,,LR,base_utility,accuracy,0.9409090909090909
D694,,,LR,base_utility,macro_f1,0.9409089552547182
D694,,,DT,base_utility,accuracy,0.9121212121212121
D694,,,DT,base_utility,macro_f1,0.9121010332950632
D694,,,RF,base_utility,accuracy,0.943939393939394
D694,,,RF,base_utility,macro_f1,0.9439382356384773
D695,,,LR,base_utility,accuracy,0.9196969696969697
D695,,,LR,base_utility,macro_f1,0.9196923606726741
D695,,,DT,base_utility,accuracy,0.8287878787878787
D695,,,DT,base_utility,macro_f1,0.8287560359019928
D695,,,RF,base_utility,accuracy,0.9196969696969697
D695,,,RF,base_utility,macro_f1,0.9196953105091703
D696,,,LR,base_utility,accuracy,0.8424242424242424
D696,,,LR,base_utility,macro_f1,0.8422156018978264
D696,,,DT,base_utility,accuracy,0.7545454545454545
D696,,,DT,base_utility,macro_f1,0.7538923313476535
D696,,,RF,base_utility,accuracy,0.8363636363636363
D696,,,RF,base_utility,macro_f1,0.836024844720497
D697,,,LR,base_utility,accuracy,0.9606060606060606
D697,,,LR,base_utility,macro_f1,0.9606002718489401
D697,,,DT,base_utility,accuracy,0.9575757575757575
D697,,,DT,base_utility,macro_f1,0.9575722511502327
D697,,,RF,base_utility,accuracy,0.9742424242424242
D697,,,RF,base_utility,macro_f1,0.9742376337197689
D698,,,LR,base_utility,accuracy,0.956060606060606
D698,,,LR,base_utility,macro_f1,0.9560596982031309
D698,,,DT,base_utility,accuracy,0.943939393939394
D698,,,DT,base_utility,macro_f1,0.9439382356384773
D698,,,RF,base_utility,accuracy,0.9787878787878788
D698,,,RF,base_utility,macro_f1,0.9787808641975309
D699,,,LR,base_utility,accuracy,0.9045454545454545
D699,,,LR,base_utility,macro_f1,0.9044820829246217
D699,,,DT,base_utility,accuracy,0.843939393939394
D699,,,DT,base_utility,macro_f1,0.8439390356727173
D699,,,RF,base_utility,accuracy,0.9136363636363637
D699,,,RF,base_utility,macro_f1,0.9135790274079911
D7,,,LR,base_utility,accuracy,0.7575757575757576
D7,,,LR,base_utility,macro_f1,0.7571386517515455
D7,,,DT,base_utility,accuracy,0.7636363636363637
D7,,,DT,base_utility,macro_f1,0.7633234028467395
D7,,,RF,base_utility,accuracy,0.8303030303030303
D7,,,RF,base_utility,macro_f1,0.8295454545454546
D70,,,LR,base_utility,accuracy,0.9757575757575757
D70,,,LR,base_utility,macro_f1,0.9755555555555555
D70,,,DT,base_utility,accuracy,0.9818181818181818
D70,,,DT,base_utility,macro_f1,0.9816863368974065
D70,,,RF,base_utility,accuracy,0.9818181818181818
D70,,,RF,base_utility,macro_f1,0.9816455930883607
D700,,,LR,base_utility,accuracy,0.8651515151515151
D700,,,LR,base_utility,macro_f1,0.8650818260120585
D700,,,DT,base_utility,accuracy,0.7787878787878788
D700,,,DT,base_utility,macro_f1,0.7786882986835215
D700,,,RF,base_utility,accuracy,0.8772727272727273
D700,,,RF,base_utility,macro_f1,0.8772724455290302
D701,,,LR,base_utility,accuracy,0.8409090909090909
D701,,,LR,base_utility,macro_f1,0.8405573360881099
D701,,,DT,base_utility,accuracy,0.8681818181818182
D701,,,DT,base_utility,macro_f1,0.8681815155682175
D701,,,RF,base_utility,accuracy,0.8939393939393939
D701,,,RF,base_utility,macro_f1,0.8935483870967742
D702,,,LR,base_utility,accuracy,0.843939393939394
D702,,,LR,base_utility,macro_f1,0.8438960317259845
D702,,,DT,base_utility,accuracy,0.8681818181818182
D702,,,DT,base_utility,macro_f1,0.8681136950904392
D702,,,RF,base_utility,accuracy,0.9045454545454545
D702,,,RF,base_utility,macro_f1,0.9043344016528659
D703,,,LR,base_utility,accuracy,0.8136363636363636
D703,,,LR,base_utility,macro_f1,0.8132758608792457
D703,,,DT,base_utility,accuracy,0.8015151515151515
D703,,,DT,base_utility,macro_f1,0.8010762955004038
D703,,,RF,base_utility,accuracy,0.8757575757575757
D703,,,RF,base_utility,macro_f1,0.8745782194371315
D704,,,LR,base_utility,accuracy,0.7772727272727272
D704,,,LR,base_utility,macro_f1,0.7768418825142205
D704,,,DT,base_utility,accuracy,0.7606060606060606
D704,,,DT,base_utility,macro_f1,0.7602890874986208
D704,,,RF,base_utility,accuracy,0.8303030303030303
D704,,,RF,base_utility,macro_f1,0.8293234818748556
D705,,,LR,base_utility,accuracy,1.0
D705,,,LR,base_utility,macro_f1,1.0
D705,,,DT,base_utility,accuracy,1.0
D705,,,DT,base_utility,macro_f1,1.0
D705,,,RF,base_utility,accuracy,1.0
D705,,,RF,base_utility,macro_f1,1.0
D706,,,LR,base_utility,accuracy,0.9924242424242424
D706,,,LR,base_utility,macro_f1,0.992413357089488
D706,,,DT,base_utility,accuracy,0.9833333333333333
D706,,,DT,base_utility,macro_f1,0.9833053940133971
D706,,,RF,base_utility,accuracy,0.9924242424242424
D706,,,RF,base_utility,macro_f1,0.992413357089488
D707,,,LR,base_utility,accuracy,0.9484848484848485
D707,,,LR,base_utility,macro_f1,0.9484730195177957
D707,,,DT,base_utility,accuracy,0.9045454545454545
D707,,,DT,base_utility,macro_f1,0.9045347157967724
D707,,,RF,base_utility,accuracy,0.95
D707,,,RF,base_utility,macro_f1,0.9499861072520144
D708,,,LR,base_utility,accuracy,0.8803030303030303
D708,,,LR,base_utility,macro_f1,0.8801574915358643
D708,,,DT,base_utility,accuracy,0.7909090909090909
D708,,,DT,base_utility,macro_f1,0.7907861369399831
D708,,,RF,base_utility,accuracy,0.8803030303030303
D708,,,RF,base_utility,macro_f1,0.8801574915358643
D709,,,LR,base_utility,accuracy,0.9984848484848485
D709,,,LR,base_utility,macro_f1,0.9984814984389343
D709,,,DT,base_utility,accuracy,0.9984848484848485
D709,,,DT,base_utility,macro_f1,0.9984814984389343
D709,,,RF,base_utility,accuracy,0.9984848484848485
D709,,,RF,base_utility,macro_f1,0.9984814984389343
D71,,,LR,base_utility,accuracy,0.9515151515151515
D71,,,LR,base_utility,macro_f1,0.9515133705553922
D71,,,DT,base_utility,accuracy,0.8666666666666667
D71,,,DT,base_utility,macro_f1,0.8666225749559082
D71,,,RF,base_utility,accuracy,0.9575757575757575
D71,,,RF,base_utility,macro_f1,0.9575757575757575
D710,,,LR,base_utility,accuracy,0.9954545454545455
D710,,,LR,base_utility,macro_f1,0.9954499389878182
D710,,,DT,base_utility,accuracy,0.9939393939393939
D710,,,DT,base_utility,macro_f1,0.9939338235294117
D710,,,RF,base_utility,accuracy,0.9954545454545455
D710,,,RF,base_utility,macro_f1,0.9954499389878182
D711,,,LR,base_utility,accuracy,0.9484848484848485
D711,,,LR,base_utility,macro_f1,0.9479644934190389
D711,,,DT,base_utility,accuracy,0.9181818181818182
D711,,,DT,base_utility,macro_f1,0.9176304185040354
D711,,,RF,base_utility,accuracy,0.9484848484848485
D711,,,RF,base_utility,macro_f1,0.9479958470836887
D712,,,LR,base_utility,accuracy,0.8651515151515151
D712,,,LR,base_utility,macro_f1,0.864925460653849
D712,,,DT,base_utility,accuracy,0.7757575757575758
D712,,,DT,base_utility,macro_f1,0.7755906597193505
D712,,,RF,base_utility,accuracy,0.8636363636363636
D712,,,RF,base_utility,macro_f1,0.8633904916102444
D713,,,LR,base_utility,accuracy,1.0
D713,,,LR,base_utility,macro_f1,1.0
D713,,,DT,base_utility,accuracy,0.9939393939393939
D713,,,DT,base_utility,macro_f1,0.9939391713194241
D713,,,RF,base_utility,accuracy,0.9984848484848485
D713,,,RF,base_utility,macro_f1,0.9984848171794183
D714,,,LR,base_utility,accuracy,0.990909090909091
D714,,,LR,base_utility,macro_f1,0.9909060846560847
D714,,,DT,base_utility,accuracy,0.9863636363636363
D714,,,DT,base_utility,macro_f1,0.9863583438018882
D714,,,RF,base_utility,accuracy,0.990909090909091
D714,,,RF,base_utility,macro_f1,0.9909060846560847
D715,,,LR,base_utility,accuracy,0.9575757575757575
D715,,,LR,base_utility,macro_f1,0.9575695235296279
D715,,,DT,base_utility,accuracy,0.9
D715,,,DT,base_utility,macro_f1,0.8999917348541202
D715,,,RF,base_utility,accuracy,0.9575757575757575
D715,,,RF,base_utility,macro_f1,0.9575695235296279
D716,,,LR,base_utility,accuracy,0.9151515151515152
D716,,,LR,base_utility,macro_f1,0.9148693096490663
D716,,,DT,base_utility,accuracy,0.8272727272727273
D716,,,DT,base_utility,macro_f1,0.8268657265932772
D716,,,RF,base_utility,accuracy,0.9151515151515152
D716,,,RF,base_utility,macro_f1,0.9148693096490663
D717,,,LR,base_utility,accuracy,0.9621212121212122
D717,,,LR,base_utility,macro_f1,0.9621211251632809
D717,,,DT,base_utility,accuracy,0.9666666666666667
D717,,,DT,base_utility,macro_f1,0.96666391161804
D717,,,RF,base_utility,accuracy,0.9727272727272728
D717,,,RF,base_utility,macro_f1,0.9727272727272728
D718,,,LR,base_utility,accuracy,0.953030303030303
D718,,,LR,base_utility,macro_f1,0.9528822216746387
D718,,,DT,base_utility,accuracy,0.946969696969697
D718,,,DT,base_utility,macro_f1,0.946820143884892
D718,,,RF,base_utility,accuracy,0.9666666666666667
D718,,,RF,base_utility,macro_f1,0.9665671971706454
D719,,,LR,base_utility,accuracy,0.9075757575757576
D719,,,LR,base_utility,macro_f1,0.9075738479445168
D719,,,DT,base_utility,accuracy,0.8606060606060606
D719,,,DT,base_utility,macro_f1,0.8605433114992054
D719,,,RF,base_utility,accuracy,0.9212121212121213
D719,,,RF,base_utility,macro_f1,0.9211940298507463
D72,,,LR,base_utility,accuracy,0.8606060606060606
D72,,,LR,base_utility,macro_f1,0.8605240912933221
D72,,,DT,base_utility,accuracy,0.8
D72,,,DT,base_utility,macro_f1,0.7997351870241642
D72,,,RF,base_utility,accuracy,0.8545454545454545
D72,,,RF,base_utility,macro_f1,0.8542831910509272
D720,,,LR,base_utility,accuracy,0.8621212121212121
D720,,,LR,base_utility,macro_f1,0.8621208955943425
D720,,,DT,base_utility,accuracy,0.7636363636363637
D720,,,DT,base_utility,macro_f1,0.7635299629769134
D720,,,RF,base_utility,accuracy,0.8757575757575757
D720,,,RF,base_utility,macro_f1,0.8757564348616609
D721,,,LR,base_utility,accuracy,0.9984848484848485
D721,,,LR,base_utility,macro_f1,0.9984845666893982
D721,,,DT,base_utility,accuracy,0.9984848484848485
D721,,,DT,base_utility,macro_f1,0.9984845666893982
D721,,,RF,base_utility,accuracy,0.996969696969697
D721,,,RF,base_utility,macro_f1,0.9969692516806877
D722,,,LR,base_utility,accuracy,0.9878787878787879
D722,,,LR,base_utility,macro_f1,0.987878342638848
D722,,,DT,base_utility,accuracy,0.9863636363636363
D722,,,DT,base_utility,macro_f1,0.9863633546147648
D722,,,RF,base_utility,accuracy,0.9893939393939394
D722,,,RF,base_utility,macro_f1,0.9893933306548814
D723,,,LR,base_utility,accuracy,0.9484848484848485
D723,,,LR,base_utility,macro_f1,0.9484275457579129
D723,,,DT,base_utility,accuracy,0.8803030303030303
D723,,,DT,base_utility,macro_f1,0.8800714878817919
D723,,,RF,base_utility,accuracy,0.9484848484848485
D723,,,RF,base_utility,macro_f1,0.9484275457579129
D724,,,LR,base_utility,accuracy,0.9121212121212121
D724,,,LR,base_utility,macro_f1,0.9118873778899006
D724,,,DT,base_utility,accuracy,0.8196969696969697
D724,,,DT,base_utility,macro_f1,0.8190651932021591
D724,,,RF,base_utility,accuracy,0.9121212121212121
D724,,,RF,base_utility,macro_f1,0.9118873778899006
D725,,,LR,base_utility,accuracy,1.0
D725,,,LR,base_utility,macro_f1,1.0
D725,,,DT,base_utility,accuracy,0.9984848484848485
D725,,,DT,base_utility,macro_f1,0.9984845666893982
D725,,,RF,base_utility,accuracy,0.9984848484848485
D725,,,RF,base_utility,macro_f1,0.9984845666893982
D726,,,LR,base_utility,accuracy,0.9924242424242424
D726,,,LR,base_utility,macro_f1,0.9924242250326563
D726,,,DT,base_utility,accuracy,0.990909090909091
D726,,,DT,base_utility,macro_f1,0.990909007428902
D726,,,RF,base_utility,accuracy,0.9939393939393939
D726,,,RF,base_utility,macro_f1,0.9939393939393939
D727,,,LR,base_utility,accuracy,0.9590909090909091
D727,,,LR,base_utility,macro_f1,0.9590885610974
D727,,,DT,base_utility,accuracy,0.9090909090909091
D727,,,DT,base_utility,macro_f1,0.9090900742890201
D727,,,RF,base_utility,accuracy,0.9651515151515152
D727,,,RF,base_utility,macro_f1,0.965150795126621
D728,,,LR,base_utility,accuracy,0.8787878787878788
D728,,,LR,base_utility,macro_f1,0.8783847280700946
D728,,,DT,base_utility,accuracy,0.7696969696969697
D728,,,DT,base_utility,macro_f1,0.7694407928000808
D728,,,RF,base_utility,accuracy,0.8803030303030303
D728,,,RF,base_utility,macro_f1,0.8798836156552148
D729,,,LR,base_utility,accuracy,1.0
D729,,,LR,base_utility,macro_f1,1.0
D729,,,DT,base_utility,accuracy,0.9939393939393939
D729,,,DT,base_utility,macro_f1,0.9939393382859347
D729,,,RF,base_utility,accuracy,0.9984848484848485
D729,,,RF,base_utility,macro_f1,0.9984848450065312
D73,,,LR,base_utility,accuracy,0.9212121212121213
D73,,,LR,base_utility,macro_f1,0.9209216589861751
D73,,,DT,base_utility,accuracy,0.9272727272727272
D73,,,DT,base_utility,macro_f1,0.927055702917772
D73,,,RF,base_utility,accuracy,0.9454545454545454
D73,,,RF,base_utility,macro_f1,0.9452534562211982
D730,,,LR,base_utility,accuracy,0.9954545454545455
D730,,,LR,base_utility,macro_f1,0.9954527812672961
D730,,,DT,base_utility,accuracy,0.9742424242424242
D730,,,DT,base_utility,macro_f1,0.9742324271813445
D730,,,RF,base_utility,accuracy,0.9954545454545455
D730,,,RF,base_utility,macro_f1,0.995452196382429
D731,,,LR,base_utility,accuracy,0.9454545454545454
D731,,,LR,base_utility,macro_f1,0.9454420206659013
D731,,,DT,base_utility,accuracy,0.8666666666666667
D731,,,DT,base_utility,macro_f1,0.8666360505166475
D731,,,RF,base_utility,accuracy,0.9424242424242424
D731,,,RF,base_utility,macro_f1,0.9424052028218695
D732,,,LR,base_utility,accuracy,0.896969696969697
D732,,,LR,base_utility,macro_f1,0.896961181364851
D732,,,DT,base_utility,accuracy,0.7893939393939394
D732,,,DT,base_utility,macro_f1,0.7892192565464032
D732,,,RF,base_utility,accuracy,0.8939393939393939
D732,,,RF,base_utility,macro_f1,0.8939306278755821
D733,,,LR,base_utility,accuracy,0.9621212121212122
D733,,,LR,base_utility,macro_f1,0.9621141672349542
D733,,,DT,base_utility,accuracy,0.95
D733,,,DT,base_utility,macro_f1,0.9499861072520144
D733,,,RF,base_utility,accuracy,0.9651515151515152
D733,,,RF,base_utility,macro_f1,0.9651379897159367
D734,,,LR,base_utility,accuracy,0.9545454545454546
D734,,,LR,base_utility,macro_f1,0.9545437848956803
D734,,,DT,base_utility,accuracy,0.9454545454545454
D734,,,DT,base_utility,macro_f1,0.9454224705060825
D734,,,RF,base_utility,accuracy,0.9742424242424242
D734,,,RF,base_utility,macro_f1,0.974242365111031
D735,,,LR,base_utility,accuracy,0.9151515151515152
D735,,,LR,base_utility,macro_f1,0.9150391702526757
D735,,,DT,base_utility,accuracy,0.8590909090909091
D735,,,DT,base_utility,macro_f1,0.8590750566523782
D735,,,RF,base_utility,accuracy,0.9318181818181818
D735,,,RF,base_utility,macro_f1,0.9316862905655777
D736,,,LR,base_utility,accuracy,0.8712121212121212
D736,,,LR,base_utility,macro_f1,0.871055528867702
D736,,,DT,base_utility,accuracy,0.7666666666666667
D736,,,DT,base_utility,macro_f1,0.7663039979398699
D736,,,RF,base_utility,accuracy,0.8924242424242425
D736,,,RF,base_utility,macro_f1,0.8921208633093525
D737,,,LR,base_utility,accuracy,1.0
D737,,,LR,base_utility,macro_f1,1.0
D737,,,DT,base_utility,accuracy,1.0
D737,,,DT,base_utility,macro_f1,1.0
D737,,,RF,base_utility,accuracy,1.0
D737,,,RF,base_utility,macro_f1,1.0
D738,,,LR,base_utility,accuracy,0.9939393939393939
D738,,,LR,base_utility,macro_f1,0.9939313693037626
D738,,,DT,base_utility,accuracy,0.9848484848484849
D738,,,DT,base_utility,macro_f1,0.9848249349311604
D738,,,RF,base_utility,accuracy,0.9939393939393939
D738,,,RF,base_utility,macro_f1,0.9939313693037626
D739,,,LR,base_utility,accuracy,0.95
D739,,,LR,base_utility,macro_f1,0.9499861072520144
D739,,,DT,base_utility,accuracy,0.9045454545454545
D739,,,DT,base_utility,macro_f1,0.9045347157967724
D739,,,RF,base_utility,accuracy,0.95
D739,,,RF,base_utility,macro_f1,0.9499861072520144
D74,,,LR,base_utility,accuracy,0.9393939393939394
D74,,,LR,base_utility,macro_f1,0.9392846629378864
D74,,,DT,base_utility,accuracy,0.9272727272727272
D74,,,DT,base_utility,macro_f1,0.9271415955254636
D74,,,RF,base_utility,accuracy,0.9636363636363636
D74,,,RF,base_utility,macro_f1,0.9636243386243386
D740,,,LR,base_utility,accuracy,0.8803030303030303
D740,,,LR,base_utility,macro_f1,0.8801574915358643
D740,,,DT,base_utility,accuracy,0.7787878787878788
D740,,,DT,base_utility,macro_f1,0.7786882986835215
D740,,,RF,base_utility,accuracy,0.8757575757575757
D740,,,RF,base_utility,macro_f1,0.8756433823529411
D741,,,LR,base_utility,accuracy,1.0
D741,,,LR,base_utility,macro_f1,1.0
D741,,,DT,base_utility,accuracy,1.0
D741,,,DT,base_utility,macro_f1,1.0
D741,,,RF,base_utility,accuracy,1.0
D741,,,RF,base_utility,macro_f1,1.0
D742,,,LR,base_utility,accuracy,0.996969696969697
D742,,,LR,base_utility,macro_f1,0.9969669117647059
D742,,,DT,base_utility,accuracy,0.9954545454545455
D742,,,DT,base_utility,macro_f1,0.9954507753211455
D742,,,RF,base_utility,accuracy,0.996969696969697
D742,,,RF,base_utility,macro_f1,0.9969669117647059
D743,,,LR,base_utility,accuracy,0.953030303030303
D743,,,LR,base_utility,macro_f1,0.9525702694871052
D743,,,DT,base_utility,accuracy,0.9212121212121213
D743,,,DT,base_utility,macro_f1,0.9206811437446265
D743,,,RF,base_utility,accuracy,0.953030303030303
D743,,,RF,base_utility,macro_f1,0.9525702694871052
D744,,,LR,base_utility,accuracy,0.8681818181818182
D744,,,LR,base_utility,macro_f1,0.8679608435605042
D744,,,DT,base_utility,accuracy,0.7651515151515151
D744,,,DT,base_utility,macro_f1,0.7646322580348289
D744,,,RF,base_utility,accuracy,0.8651515151515151
D744,,,RF,base_utility,macro_f1,0.8648906635630315
D745,,,LR,base_utility,accuracy,1.0
D745,,,LR,base_utility,macro_f1,1.0
D745,,,DT,base_utility,accuracy,1.0
D745,,,DT,base_utility,macro_f1,1.0
D745,,,RF,base_utility,accuracy,1.0
D745,,,RF,base_utility,macro_f1,1.0
D746,,,LR,base_utility,accuracy,0.990909090909091
D746,,,LR,base_utility,macro_f1,0.9909060846560847
D746,,,DT,base_utility,accuracy,0.9878787878787879
D746,,,DT,base_utility,macro_f1,0.9878733314347135
D746,,,RF,base_utility,accuracy,0.990909090909091
D746,,,RF,base_utility,macro_f1,0.9909060846560847
D747,,,LR,base_utility,accuracy,0.9575757575757575
D747,,,LR,base_utility,macro_f1,0.9575695235296279
D747,,,DT,base_utility,accuracy,0.9015151515151515
D747,,,DT,base_utility,macro_f1,0.9015149254245304
D747,,,RF,base_utility,accuracy,0.9575757575757575
D747,,,RF,base_utility,macro_f1,0.9575695235296279
D748,,,LR,base_utility,accuracy,0.9151515151515152
D748,,,LR,base_utility,macro_f1,0.9148693096490663
D748,,,DT,base_utility,accuracy,0.806060606060606
D748,,,DT,base_utility,macro_f1,0.8053456221198156
D748,,,RF,base_utility,accuracy,0.9136363636363637
D748,,,RF,base_utility,macro_f1,0.9133337480043955
D749,,,LR,base_utility,accuracy,0.9939393939393939
D749,,,LR,base_utility,macro_f1,0.9939393382859347
D749,,,DT,base_utility,accuracy,0.996969696969697
D749,,,DT,base_utility,macro_f1,0.996969585659712
D749,,,RF,base_utility,accuracy,0.996969696969697
D749,,,RF,base_utility,macro_f1,0.996969585659712
D75,,,LR,base_utility,accuracy,0.896969696969697
D75,,,LR,base_utility,macro_f1,0.8965898617511521
D75,,,DT,base_utility,accuracy,0.8484848484848485
D75,,,DT,base_utility,macro_f1,0.8483957514057849
D75,,,RF,base_utility,accuracy,0.9333333333333333
D75,,,RF,base_utility,macro_f1,0.9332941306185454
D750,,,LR,base_utility,accuracy,0.9833333333333333
D750,,,LR,base_utility,macro_f1,0.9832749338254096
D750,,,DT,base_utility,accuracy,0.9833333333333333
D750,,,DT,base_utility,macro_f1,0.9832749338254096
D750,,,RF,base_utility,accuracy,0.9833333333333333
D750,,,RF,base_utility,macro_f1,0.9832749338254096
D751,,,LR,base_utility,accuracy,0.943939393939394
D751,,,LR,base_utility,macro_f1,0.943902175685889
D751,,,DT,base_utility,accuracy,0.8666666666666667
D751,,,DT,base_utility,macro_f1,0.8666360505166475
D751,,,RF,base_utility,accuracy,0.9409090909090909
D751,,,RF,base_utility,macro_f1,0.9408600791748901
D752,,,LR,base_utility,accuracy,0.896969696969697
D752,,,LR,base_utility,macro_f1,0.8969233171950648
D752,,,DT,base_utility,accuracy,0.7909090909090909
D752,,,DT,base_utility,macro_f1,0.7909071708647462
D752,,,RF,base_utility,accuracy,0.8954545454545455
D752,,,RF,base_utility,macro_f1,0.8954139691478099
D753,,,LR,base_utility,accuracy,1.0
D753,,,LR,base_utility,macro_f1,1.0
D753,,,DT,base_utility,accuracy,1.0
D753,,,DT,base_utility,macro_f1,1.0
D753,,,RF,base_utility,accuracy,1.0
D753,,,RF,base_utility,macro_f1,1.0
D754,,,LR,base_utility,accuracy,0.990909090909091
D754,,,LR,base_utility,macro_f1,0.9909083395321927
D754,,,DT,base_utility,accuracy,0.9878787878787879
D754,,,DT,base_utility,macro_f1,0.987878342638848
D754,,,RF,base_utility,accuracy,0.990909090909091
D754,,,RF,base_utility,macro_f1,0.9909083395321927
D755,,,LR,base_utility,accuracy,0.95
D755,,,LR,base_utility,macro_f1,0.9499493288660007
D755,,,DT,base_utility,accuracy,0.8803030303030303
D755,,,DT,base_utility,macro_f1,0.8800714878817919
D755,,,RF,base_utility,accuracy,0.95
D755,,,RF,base_utility,macro_f1,0.9499493288660007
D756,,,LR,base_utility,accuracy,0.9121212121212121
D756,,,LR,base_utility,macro_f1,0.9118873778899006
D756,,,DT,base_utility,accuracy,0.8318181818181818
D756,,,DT,base_utility,macro_f1,0.8315765273866315
D756,,,RF,base_utility,accuracy,0.9121212121212121
D756,,,RF,base_utility,macro_f1,0.9118873778899006
D757,,,LR,base_utility,accuracy,1.0
D757,,,LR,base_utility,macro_f1,1.0
D757,,,DT,base_utility,accuracy,1.0
D757,,,DT,base_utility,macro_f1,1.0
D757,,,RF,base_utility,accuracy,1.0
D757,,,RF,base_utility,macro_f1,1.0
D758,,,LR,base_utility,accuracy,0.9939393939393939
D758,,,LR,base_utility,macro_f1,0.9939393939393939
D758,,,DT,base_utility,accuracy,0.9939393939393939
D758,,,DT,base_utility,macro_f1,0.9939393939393939
D758,,,RF,base_utility,accuracy,0.9939393939393939
D758,,,RF,base_utility,macro_f1,0.9939393939393939
D759,,,LR,base_utility,accuracy,0.9681818181818181
D759,,,LR,base_utility,macro_f1,0.9681811607677844
D759,,,DT,base_utility,accuracy,0.9121212121212121
D759,,,DT,base_utility,macro_f1,0.9121204051460527
D759,,,RF,base_utility,accuracy,0.9681818181818181
D759,,,RF,base_utility,macro_f1,0.9681811607677844
D76,,,LR,base_utility,accuracy,0.8606060606060606
D76,,,LR,base_utility,macro_f1,0.8604214939865387
D76,,,DT,base_utility,accuracy,0.7696969696969697
D76,,,DT,base_utility,macro_f1,0.7690097259062776
D76,,,RF,base_utility,accuracy,0.8606060606060606
D76,,,RF,base_utility,macro_f1,0.8605240912933221
D760,,,LR,base_utility,accuracy,0.8818181818181818
D760,,,LR,base_utility,macro_f1,0.8813824884792627
D760,,,DT,base_utility,accuracy,0.7727272727272727
D760,,,DT,base_utility,macro_f1,0.7723174860170738
D760,,,RF,base_utility,accuracy,0.8818181818181818
D760,,,RF,base_utility,macro_f1,0.8813824884792627
D761,,,LR,base_utility,accuracy,1.0
D761,,,LR,base_utility,macro_f1,1.0
D761,,,DT,base_utility,accuracy,1.0
D761,,,DT,base_utility,macro_f1,1.0
D761,,,RF,base_utility,accuracy,1.0
D761,,,RF,base_utility,macro_f1,1.0
D762,,,LR,base_utility,accuracy,0.996969696969697
D762,,,LR,base_utility,macro_f1,0.9969683328586784
D762,,,DT,base_utility,accuracy,0.9848484848484849
D762,,,DT,base_utility,macro_f1,0.9848434744268078
D762,,,RF,base_utility,accuracy,0.996969696969697
D762,,,RF,base_utility,macro_f1,0.9969683328586784
D763,,,LR,base_utility,accuracy,0.946969696969697
D763,,,LR,base_utility,macro_f1,0.9469598341289358
D763,,,DT,base_utility,accuracy,0.8712121212121212
D763,,,DT,base_utility,macro_f1,0.8712047293807037
D763,,,RF,base_utility,accuracy,0.946969696969697
D763,,,RF,base_utility,macro_f1,0.9469598341289358
D764,,,LR,base_utility,accuracy,0.896969696969697
D764,,,LR,base_utility,macro_f1,0.896961181364851
D764,,,DT,base_utility,accuracy,0.7893939393939394
D764,,,DT,base_utility,macro_f1,0.7889282830118789
D764,,,RF,base_utility,accuracy,0.896969696969697
D764,,,RF,base_utility,macro_f1,0.896961181364851
D765,,,LR,base_utility,accuracy,0.9984848484848485
D765,,,LR,base_utility,macro_f1,0.9984848450065312
D765,,,DT,base_utility,accuracy,0.996969696969697
D765,,,DT,base_utility,macro_f1,0.996969696969697
D765,,,RF,base_utility,accuracy,0.996969696969697
D765,,,RF,base_utility,macro_f1,0.996969696969697
D766,,,LR,base_utility,accuracy,0.9924242424242424
D766,,,LR,base_utility,macro_f1,0.9924228334469909
D766,,,DT,base_utility,accuracy,0.9878787878787879
D766,,,DT,base_utility,macro_f1,0.9878770067227508
D766,,,RF,base_utility,accuracy,0.9924242424242424
D766,,,RF,base_utility,macro_f1,0.9924228334469909
D767,,,LR,base_utility,accuracy,0.9484848484848485
D767,,,LR,base_utility,macro_f1,0.9484375
D767,,,DT,base_utility,accuracy,0.8621212121212121
D767,,,DT,base_utility,macro_f1,0.8619814826304868
D767,,,RF,base_utility,accuracy,0.9484848484848485
D767,,,RF,base_utility,macro_f1,0.9484465029084994
D768,,,LR,base_utility,accuracy,0.9030303030303031
D768,,,LR,base_utility,macro_f1,0.9028554607006182
D768,,,DT,base_utility,accuracy,0.8121212121212121
D768,,,DT,base_utility,macro_f1,0.8116212906611668
D768,,,RF,base_utility,accuracy,0.9075757575757576
D768,,,RF,base_utility,macro_f1,0.9074208213470201
D769,,,LR,base_utility,accuracy,0.7454545454545455
D769,,,LR,base_utility,macro_f1,0.7454451954158096
D769,,,DT,base_utility,accuracy,0.793939393939394
D769,,,DT,base_utility,macro_f1,0.7917285417285418
D769,,,RF,base_utility,accuracy,0.806060606060606
D769,,,RF,base_utility,macro_f1,0.8057109214012363
D77,,,LR,base_utility,accuracy,0.8363636363636363
D77,,,LR,base_utility,macro_f1,0.8362674115182476
D77,,,DT,base_utility,accuracy,0.8909090909090909
D77,,,DT,base_utility,macro_f1,0.8907123932881955
D77,,,RF,base_utility,accuracy,0.9575757575757575
D77,,,RF,base_utility,macro_f1,0.9575757575757575
D770,,,LR,base_utility,accuracy,0.696969696969697
D770,,,LR,base_utility,macro_f1,0.6956168831168832
D770,,,DT,base_utility,accuracy,0.7757575757575758
D770,,,DT,base_utility,macro_f1,0.7756257120805616
D770,,,RF,base_utility,accuracy,0.7818181818181819
D770,,,RF,base_utility,macro_f1,0.7818101674992654
D771,,,LR,base_utility,accuracy,0.6424242424242425
D771,,,LR,base_utility,macro_f1,0.6424242424242425
D771,,,DT,base_utility,accuracy,0.7212121212121212
D771,,,DT,base_utility,macro_f1,0.7212018806935057
D771,,,RF,base_utility,accuracy,0.7636363636363637
D771,,,RF,base_utility,macro_f1,0.7634973721930244
D772,,,LR,base_utility,accuracy,0.703030303030303
D772,,,LR,base_utility,macro_f1,0.7008768359909727
D772,,,DT,base_utility,accuracy,0.703030303030303
D772,,,DT,base_utility,macro_f1,0.702637095884365
D772,,,RF,base_utility,accuracy,0.7151515151515152
D772,,,RF,base_utility,macro_f1,0.7144803210485622
D773,,,LR,base_utility,accuracy,0.8121212121212121
D773,,,LR,base_utility,macro_f1,0.8107588146065337
D773,,,DT,base_utility,accuracy,0.703030303030303
D773,,,DT,base_utility,macro_f1,0.7014512019497064
D773,,,RF,base_utility,accuracy,0.8181818181818182
D773,,,RF,base_utility,macro_f1,0.8173701298701299
D774,,,LR,base_utility,accuracy,0.7393939393939394
D774,,,LR,base_utility,macro_f1,0.734677087618264
D774,,,DT,base_utility,accuracy,0.7212121212121212
D774,,,DT,base_utility,macro_f1,0.7194707273802483
D774,,,RF,base_utility,accuracy,0.7575757575757576
D774,,,RF,base_utility,macro_f1,0.754974754974755
D775,,,LR,base_utility,accuracy,0.696969696969697
D775,,,LR,base_utility,macro_f1,0.6919802867383513
D775,,,DT,base_utility,accuracy,0.703030303030303
D775,,,DT,base_utility,macro_f1,0.7014512019497064
D775,,,RF,base_utility,accuracy,0.7575757575757576
D775,,,RF,base_utility,macro_f1,0.7571386517515455
D776,,,LR,base_utility,accuracy,0.6727272727272727
D776,,,LR,base_utility,macro_f1,0.6724264705882352
D776,,,DT,base_utility,accuracy,0.593939393939394
D776,,,DT,base_utility,macro_f1,0.5929825853245463
D776,,,RF,base_utility,accuracy,0.6484848484848484
D776,,,RF,base_utility,macro_f1,0.6483686067019401
D777,,,LR,base_utility,accuracy,0.8181818181818182
D777,,,LR,base_utility,macro_f1,0.8178539888136591
D777,,,DT,base_utility,accuracy,0.7757575757575758
D777,,,DT,base_utility,macro_f1,0.7757575757575758
D777,,,RF,base_utility,accuracy,0.8303030303030303
D777,,,RF,base_utility,macro_f1,0.8302469135802469
D778,,,LR,base_utility,accuracy,0.8242424242424242
D778,,,LR,base_utility,macro_f1,0.8229679233415961
D778,,,DT,base_utility,accuracy,0.793939393939394
D778,,,DT,base_utility,macro_f1,0.7935678539888136
D778,,,RF,base_utility,accuracy,0.8484848484848485
D778,,,RF,base_utility,macro_f1,0.8482842325940638
D779,,,LR,base_utility,accuracy,0.8242424242424242
D779,,,LR,base_utility,macro_f1,0.8241390716307104
D779,,,DT,base_utility,accuracy,0.696969696969697
D779,,,DT,base_utility,macro_f1,0.6966911764705883
D779,,,RF,base_utility,accuracy,0.8
D779,,,RF,base_utility,macro_f1,0.7985497058714714
D78,,,LR,base_utility,accuracy,0.8666666666666667
D78,,,LR,base_utility,macro_f1,0.8666617690273288
D78,,,DT,base_utility,accuracy,0.9212121212121213
D78,,,DT,base_utility,macro_f1,0.9212005436978803
D78,,,RF,base_utility,accuracy,0.9454545454545454
D78,,,RF,base_utility,macro_f1,0.9454465302523787
D780,,,LR,base_utility,accuracy,0.7090909090909091
D780,,,LR,base_utility,macro_f1,0.7085663821018546
D780,,,DT,base_utility,accuracy,0.6787878787878788
D780,,,DT,base_utility,macro_f1,0.6776036866359447
D780,,,RF,base_utility,accuracy,0.703030303030303
D780,,,RF,base_utility,macro_f1,0.6986020503261883
D781,,,LR,base_utility,accuracy,0.6909090909090909
D781,,,LR,base_utility,macro_f1,0.6908636714301459
D781,,,DT,base_utility,accuracy,0.7575757575757576
D781,,,DT,base_utility,macro_f1,0.7573529411764706
D781,,,RF,base_utility,accuracy,0.7818181818181819
D781,,,RF,base_utility,macro_f1,0.7811671087533156
D782,,,LR,base_utility,accuracy,0.7696969696969697
D782,,,LR,base_utility,macro_f1,0.7694852941176471
D782,,,DT,base_utility,accuracy,0.7272727272727273
D782,,,DT,base_utility,macro_f1,0.7266300946209638
D782,,,RF,base_utility,accuracy,0.8484848484848485
D782,,,RF,base_utility,macro_f1,0.84812783034498
D783,,,LR,base_utility,accuracy,0.696969696969697
D783,,,LR,base_utility,macro_f1,0.6964233146894319
D783,,,DT,base_utility,accuracy,0.6909090909090909
D783,,,DT,base_utility,macro_f1,0.69049983449189
D783,,,RF,base_utility,accuracy,0.7878787878787878
D783,,,RF,base_utility,macro_f1,0.7875979256316893
D784,,,LR,base_utility,accuracy,0.6727272727272727
D784,,,LR,base_utility,macro_f1,0.6726190476190477
D784,,,DT,base_utility,accuracy,0.6242424242424243
D784,,,DT,base_utility,macro_f1,0.6238970588235294
D784,,,RF,base_utility,accuracy,0.7393939393939394
D784,,,RF,base_utility,macro_f1,0.7393939393939394
D785,,,LR,base_utility,accuracy,0.7090909090909091
D785,,,LR,base_utility,macro_f1,0.7072738024837375
D785,,,DT,base_utility,accuracy,0.7696969696969697
D785,,,DT,base_utility,macro_f1,0.7692817191639683
D785,,,RF,base_utility,accuracy,0.793939393939394
D785,,,RF,base_utility,macro_f1,0.7917285417285418
D786,,,LR,base_utility,accuracy,0.696969696969697
D786,,,LR,base_utility,macro_f1,0.6919802867383513
D786,,,DT,base_utility,accuracy,0.7333333333333333
D786,,,DT,base_utility,macro_f1,0.7316676522767593
D786,,,RF,base_utility,accuracy,0.7393939393939394
D786,,,RF,base_utility,macro_f1,0.7263681592039801
D787,,,LR,base_utility,accuracy,0.6909090909090909
D787,,,LR,base_utility,macro_f1,0.69049983449189
D787,,,DT,base_utility,accuracy,0.703030303030303
D787,,,DT,base_utility,macro_f1,0.7019354838709677
D787,,,RF,base_utility,accuracy,0.7818181818181819
D787,,,RF,base_utility,macro_f1,0.7794772794772795
D788,,,LR,base_utility,accuracy,0.6484848484848484
D788,,,LR,base_utility,macro_f1,0.647851045039741
D788,,,DT,base_utility,accuracy,0.696969696969697
D788,,,DT,base_utility,macro_f1,0.6956168831168832
D788,,,RF,base_utility,accuracy,0.7151515151515152
D788,,,RF,base_utility,macro_f1,0.7151515151515152
D789,,,LR,base_utility,accuracy,0.7212121212121212
D789,,,LR,base_utility,macro_f1,0.7211199294532628
D789,,,DT,base_utility,accuracy,0.6666666666666666
D789,,,DT,base_utility,macro_f1,0.6658812267589558
D789,,,RF,base_utility,accuracy,0.7575757575757576
D789,,,RF,base_utility,macro_f1,0.7573529411764706
D79,,,LR,base_utility,accuracy,0.7878787878787878
D79,,,LR,base_utility,macro_f1,0.7853239656518345
D79,,,DT,base_utility,accuracy,0.8303030303030303
D79,,,DT,base_utility,macro_f1,0.8275089605734767
D79,,,RF,base_utility,accuracy,0.896969696969697
D79,,,RF,base_utility,macro_f1,0.8951048951048951
D790,,,LR,base_utility,accuracy,0.6909090909090909
D790,,,LR,base_utility,macro_f1,0.6901807739037591
D790,,,DT,base_utility,accuracy,0.5878787878787879
D790,,,DT,base_utility,macro_f1,0.5874999999999999
D790,,,RF,base_utility,accuracy,0.7090909090909091
D790,,,RF,base_utility,macro_f1,0.7085663821018546
D791,,,LR,base_utility,accuracy,0.7272727272727273
D791,,,LR,base_utility,macro_f1,0.7262672811059908
D791,,,DT,base_utility,accuracy,0.6787878787878788
D791,,,DT,base_utility,macro_f1,0.6776036866359447
D791,,,RF,base_utility,accuracy,0.7696969696969697
D791,,,RF,base_utility,macro_f1,0.7677777777777778
D792,,,LR,base_utility,accuracy,0.6545454545454545
D792,,,LR,base_utility,macro_f1,0.6537314531865542
D792,,,DT,base_utility,accuracy,0.5878787878787879
D792,,,DT,base_utility,macro_f1,0.5874999999999999
D792,,,RF,base_utility,accuracy,0.6848484848484848
D792,,,RF,base_utility,macro_f1,0.6847442680776015
D793,,,LR,base_utility,accuracy,0.8
D793,,,LR,base_utility,macro_f1,0.7995287360553736
D793,,,DT,base_utility,accuracy,0.7696969696969697
D793,,,DT,base_utility,macro_f1,0.7696885101381135
D793,,,RF,base_utility,accuracy,0.8303030303030303
D793,,,RF,base_utility,macro_f1,0.8302469135802469
D794,,,LR,base_utility,accuracy,0.793939393939394
D794,,,LR,base_utility,macro_f1,0.7935678539888136
D794,,,DT,base_utility,accuracy,0.7272727272727273
D794,,,DT,base_utility,macro_f1,0.7271123525304127
D794,,,RF,base_utility,accuracy,0.806060606060606
D794,,,RF,base_utility,macro_f1,0.8060534822215693
D795,,,LR,base_utility,accuracy,0.7393939393939394
D795,,,LR,base_utility,macro_f1,0.7355079217148183
D795,,,DT,base_utility,accuracy,0.703030303030303
D795,,,DT,base_utility,macro_f1,0.7014512019497064
D795,,,RF,base_utility,accuracy,0.7636363636363637
D795,,,RF,base_utility,macro_f1,0.7627649769585254
D796,,,LR,base_utility,accuracy,0.7090909090909091
D796,,,LR,base_utility,macro_f1,0.7089947089947091
D796,,,DT,base_utility,accuracy,0.5757575757575758
D796,,,DT,base_utility,macro_f1,0.5757419923596826
D796,,,RF,base_utility,accuracy,0.7151515151515152
D796,,,RF,base_utility,macro_f1,0.7141013824884792
D797,,,LR,base_utility,accuracy,0.7575757575757576
D797,,,LR,base_utility,macro_f1,0.7571386517515455
D797,,,DT,base_utility,accuracy,0.6242424242424243
D797,,,DT,base_utility,macro_f1,0.6235649102148955
D797,,,RF,base_utility,accuracy,0.793939393939394
D797,,,RF,base_utility,macro_f1,0.79375
D798,,,LR,base_utility,accuracy,0.696969696969697
D798,,,LR,base_utility,macro_f1,0.6969585659712019
D798,,,DT,base_utility,accuracy,0.7151515151515152
D798,,,DT,base_utility,macro_f1,0.7149840126428755
D798,,,RF,base_utility,accuracy,0.7757575757575758
D798,,,RF,base_utility,macro_f1,0.7754606642392143
D799,,,LR,base_utility,accuracy,0.696969696969697
D799,,,LR,base_utility,macro_f1,0.6944444444444444
D799,,,DT,base_utility,accuracy,0.6303030303030303
D799,,,DT,base_utility,macro_f1,0.6298135275295156
D799,,,RF,base_utility,accuracy,0.703030303030303
D799,,,RF,base_utility,macro_f1,0.7019354838709677
D8,,,LR,base_utility,accuracy,0.6181818181818182
D8,,,LR,base_utility,macro_f1,0.6176762661370407
D8,,,DT,base_utility,accuracy,0.6787878787878788
D8,,,DT,base_utility,macro_f1,0.6757388112277058
D8,,,RF,base_utility,accuracy,0.7454545454545455
D8,,,RF,base_utility,macro_f1,0.7454451954158096
D80,,,LR,base_utility,accuracy,0.793939393939394
D80,,,LR,base_utility,macro_f1,0.7905465949820789
D80,,,DT,base_utility,accuracy,0.7696969696969697
D80,,,DT,base_utility,macro_f1,0.765905017921147
D80,,,RF,base_utility,accuracy,0.8424242424242424
D80,,,RF,base_utility,macro_f1,0.8398297491039426
D800,,,LR,base_utility,accuracy,0.6787878787878788
D800,,,LR,base_utility,macro_f1,0.6776036866359447
D800,,,DT,base_utility,accuracy,0.593939393939394
D800,,,DT,base_utility,macro_f1,0.592442396313364
D800,,,RF,base_utility,accuracy,0.7454545454545455
D800,,,RF,base_utility,macro_f1,0.7427234927234927
D801,,,LR,base_utility,accuracy,0.896969696969697
D801,,,LR,base_utility,macro_f1,0.8969545571433819
D801,,,DT,base_utility,accuracy,0.8666666666666667
D801,,,DT,base_utility,macro_f1,0.8666617690273288
D801,,,RF,base_utility,accuracy,0.9151515151515152
D801,,,RF,base_utility,macro_f1,0.9150735294117647
D802,,,LR,base_utility,accuracy,0.8666666666666667
D802,,,LR,base_utility,macro_f1,0.8666617690273288
D802,,,DT,base_utility,accuracy,0.806060606060606
D802,,,DT,base_utility,macro_f1,0.8060534822215693
D802,,,RF,base_utility,accuracy,0.9090909090909091
D802,,,RF,base_utility,macro_f1,0.9089705395564383
D803,,,LR,base_utility,accuracy,0.8181818181818182
D803,,,LR,base_utility,macro_f1,0.8173701298701299
D803,,,DT,base_utility,accuracy,0.8121212121212121
D803,,,DT,base_utility,macro_f1,0.8118724484166391
D803,,,RF,base_utility,accuracy,0.8484848484848485
D803,,,RF,base_utility,macro_f1,0.8476791846682176
D804,,,LR,base_utility,accuracy,0.8121212121212121
D804,,,LR,base_utility,macro_f1,0.8114285714285714
D804,,,DT,base_utility,accuracy,0.6424242424242425
D804,,,DT,base_utility,macro_f1,0.6422139733176522
D804,,,RF,base_utility,accuracy,0.8121212121212121
D804,,,RF,base_utility,macro_f1,0.8120936042026377
D805,,,LR,base_utility,accuracy,0.9393939393939394
D805,,,LR,base_utility,macro_f1,0.9392130857648099
D805,,,DT,base_utility,accuracy,0.8606060606060606
D805,,,DT,base_utility,macro_f1,0.8600921658986175
D805,,,RF,base_utility,accuracy,0.9212121212121213
D805,,,RF,base_utility,macro_f1,0.9211078009489131
D806,,,LR,base_utility,accuracy,0.8484848484848485
D806,,,LR,base_utility,macro_f1,0.8473861408117207
D806,,,DT,base_utility,accuracy,0.8242424242424242
D806,,,DT,base_utility,macro_f1,0.8229679233415961
D806,,,RF,base_utility,accuracy,0.8848484848484849
D806,,,RF,base_utility,macro_f1,0.8842361803478453
D807,,,LR,base_utility,accuracy,0.8121212121212121
D807,,,LR,base_utility,macro_f1,0.8103377952463939
D807,,,DT,base_utility,accuracy,0.8303030303030303
D807,,,DT,base_utility,macro_f1,0.8295454545454546
D807,,,RF,base_utility,accuracy,0.8363636363636363
D807,,,RF,base_utility,macro_f1,0.8357603686635945
D808,,,LR,base_utility,accuracy,0.7515151515151515
D808,,,LR,base_utility,macro_f1,0.7514786378163918
D808,,,DT,base_utility,accuracy,0.6727272727272727
D808,,,DT,base_utility,macro_f1,0.6726190476190477
D808,,,RF,base_utility,accuracy,0.7454545454545455
D808,,,RF,base_utility,macro_f1,0.7453703703703703
D809,,,LR,base_utility,accuracy,0.9393939393939394
D809,,,LR,base_utility,macro_f1,0.9392846629378864
D809,,,DT,base_utility,accuracy,0.9090909090909091
D809,,,DT,base_utility,macro_f1,0.9090909090909091
D809,,,RF,base_utility,accuracy,0.9333333333333333
D809,,,RF,base_utility,macro_f1,0.9333333333333333
D81,,,LR,base_utility,accuracy,0.9818181818181818
D81,,,LR,base_utility,macro_f1,0.9816455930883607
D81,,,DT,base_utility,accuracy,1.0
D81,,,DT,base_utility,macro_f1,1.0
D81,,,RF,base_utility,accuracy,1.0
D81,,,RF,base_utility,macro_f1,1.0
D810,,,LR,base_utility,accuracy,0.9575757575757575
D810,,,LR,base_utility,macro_f1,0.9574757924965944
D810,,,DT,base_utility,accuracy,0.8848484848484849
D810,,,DT,base_utility,macro_f1,0.8846960167714885
D810,,,RF,base_utility,accuracy,0.9272727272727272
D810,,,RF,base_utility,macro_f1,0.9272700558330884
D811,,,LR,base_utility,accuracy,0.896969696969697
D811,,,LR,base_utility,macro_f1,0.8959916941673773
D811,,,DT,base_utility,accuracy,0.8484848484848485
D811,,,DT,base_utility,macro_f1,0.8470466090696727
D811,,,RF,base_utility,accuracy,0.8848484848484849
D811,,,RF,base_utility,macro_f1,0.883461581353853
D812,,,LR,base_utility,accuracy,0.8181818181818182
D812,,,LR,base_utility,macro_f1,0.8176392572944298
D812,,,DT,base_utility,accuracy,0.7212121212121212
D812,,,DT,base_utility,macro_f1,0.7207094495142773
D812,,,RF,base_utility,accuracy,0.8242424242424242
D812,,,RF,base_utility,macro_f1,0.8233078542151324
D813,,,LR,base_utility,accuracy,0.8424242424242424
D813,,,LR,base_utility,macro_f1,0.842418454305025
D813,,,DT,base_utility,accuracy,0.8666666666666667
D813,,,DT,base_utility,macro_f1,0.8655555555555556
D813,,,RF,base_utility,accuracy,0.9272727272727272
D813,,,RF,base_utility,macro_f1,0.927055702917772
D814,,,LR,base_utility,accuracy,0.8848484848484849
D814,,,LR,base_utility,macro_f1,0.8848315638661328
D814,,,DT,base_utility,accuracy,0.8848484848484849
D814,,,DT,base_utility,macro_f1,0.8848484848484849
D814,,,RF,base_utility,accuracy,0.9393939393939394
D814,,,RF,base_utility,macro_f1,0.9393917131942404
D815,,,LR,base_utility,accuracy,0.8121212121212121
D815,,,LR,base_utility,macro_f1,0.8121212121212121
D815,,,DT,base_utility,accuracy,0.7636363636363637
D815,,,DT,base_utility,macro_f1,0.7630794153381687
D815,,,RF,base_utility,accuracy,0.8545454545454545
D815,,,RF,base_utility,macro_f1,0.8542831910509272
D816,,,LR,base_utility,accuracy,0.7272727272727273
D816,,,LR,base_utility,macro_f1,0.7272326512618934
D816,,,DT,base_utility,accuracy,0.7272727272727273
D816,,,DT,base_utility,macro_f1,0.7272326512618934
D816,,,RF,base_utility,accuracy,0.8242424242424242
D816,,,RF,base_utility,macro_f1,0.8242424242424242
D817,,,LR,base_utility,accuracy,0.8606060606060606
D817,,,LR,base_utility,macro_f1,0.8600921658986175
D817,,,DT,base_utility,accuracy,0.8363636363636363
D817,,,DT,base_utility,macro_f1,0.8359780567725783
D817,,,RF,base_utility,accuracy,0.8848484848484849
D817,,,RF,base_utility,macro_f1,0.8844239631336406
D818,,,LR,base_utility,accuracy,0.8727272727272727
D818,,,LR,base_utility,macro_f1,0.8720505151213027
D818,,,DT,base_utility,accuracy,0.7757575757575758
D818,,,DT,base_utility,macro_f1,0.7752291889105704
D818,,,RF,base_utility,accuracy,0.8606060606060606
D818,,,RF,base_utility,macro_f1,0.858083093377211
D819,,,LR,base_utility,accuracy,0.8121212121212121
D819,,,LR,base_utility,macro_f1,0.8116785096277752
D819,,,DT,base_utility,accuracy,0.7818181818181819
D819,,,DT,base_utility,macro_f1,0.7808441558441559
D819,,,RF,base_utility,accuracy,0.8363636363636363
D819,,,RF,base_utility,macro_f1,0.8343927735028438
D82,,,LR,base_utility,accuracy,0.9878787878787879
D82,,,LR,base_utility,macro_f1,0.9878569325875772
D82,,,DT,base_utility,accuracy,0.9575757575757575
D82,,,DT,base_utility,macro_f1,0.9575508103936198
D82,,,RF,base_utility,accuracy,0.9939393939393939
D82,,,RF,base_utility,macro_f1,0.9939313693037626
D820,,,LR,base_utility,accuracy,0.7696969696969697
D820,,,LR,base_utility,macro_f1,0.7694852941176471
D820,,,DT,base_utility,accuracy,0.6909090909090909
D820,,,DT,base_utility,macro_f1,0.6886677272559103
D820,,,RF,base_utility,accuracy,0.806060606060606
D820,,,RF,base_utility,macro_f1,0.8060534822215693
D821,,,LR,base_utility,accuracy,0.8363636363636363
D821,,,LR,base_utility,macro_f1,0.8362674115182476
D821,,,DT,base_utility,accuracy,0.8303030303030303
D821,,,DT,base_utility,macro_f1,0.830296796943873
D821,,,RF,base_utility,accuracy,0.8909090909090909
D821,,,RF,base_utility,macro_f1,0.8907123932881955
D822,,,LR,base_utility,accuracy,0.8666666666666667
D822,,,LR,base_utility,macro_f1,0.86642625846335
D822,,,DT,base_utility,accuracy,0.8484848484848485
D822,,,DT,base_utility,macro_f1,0.847926267281106
D822,,,RF,base_utility,accuracy,0.8727272727272727
D822,,,RF,base_utility,macro_f1,0.8718043582818453
D823,,,LR,base_utility,accuracy,0.8424242424242424
D823,,,LR,base_utility,macro_f1,0.8403067301965456
D823,,,DT,base_utility,accuracy,0.806060606060606
D823,,,DT,base_utility,macro_f1,0.803979803979804
D823,,,RF,base_utility,accuracy,0.8242424242424242
D823,,,RF,base_utility,macro_f1,0.8229679233415961
D824,,,LR,base_utility,accuracy,0.7757575757575758
D824,,,LR,base_utility,macro_f1,0.7757246243708902
D824,,,DT,base_utility,accuracy,0.703030303030303
D824,,,DT,base_utility,macro_f1,0.7023305474761606
D824,,,RF,base_utility,accuracy,0.806060606060606
D824,,,RF,base_utility,macro_f1,0.8058823529411765
D825,,,LR,base_utility,accuracy,0.9393939393939394
D825,,,LR,base_utility,macro_f1,0.9388888888888889
D825,,,DT,base_utility,accuracy,0.896969696969697
D825,,,DT,base_utility,macro_f1,0.8965898617511521
D825,,,RF,base_utility,accuracy,0.9272727272727272
D825,,,RF,base_utility,macro_f1,0.926948051948052
D826,,,LR,base_utility,accuracy,0.9151515151515152
D826,,,LR,base_utility,macro_f1,0.9150735294117647
D826,,,DT,base_utility,accuracy,0.9030303030303031
D826,,,DT,base_utility,macro_f1,0.9029411764705882
D826,,,RF,base_utility,accuracy,0.9333333333333333
D826,,,RF,base_utility,macro_f1,0.9333235369751295
D827,,,LR,base_utility,accuracy,0.8484848484848485
D827,,,LR,base_utility,macro_f1,0.8462255358807083
D827,,,DT,base_utility,accuracy,0.8
D827,,,DT,base_utility,macro_f1,0.7981015239719678
D827,,,RF,base_utility,accuracy,0.8363636363636363
D827,,,RF,base_utility,macro_f1,0.8354935194416749
D828,,,LR,base_utility,accuracy,0.806060606060606
D828,,,LR,base_utility,macro_f1,0.8057109214012363
D828,,,DT,base_utility,accuracy,0.7090909090909091
D828,,,DT,base_utility,macro_f1,0.7066666666666667
D828,,,RF,base_utility,accuracy,0.8242424242424242
D828,,,RF,base_utility,macro_f1,0.8233078542151324
D829,,,LR,base_utility,accuracy,0.8303030303030303
D829,,,LR,base_utility,macro_f1,0.8301470588235293
D829,,,DT,base_utility,accuracy,0.8666666666666667
D829,,,DT,base_utility,macro_f1,0.8662687886825817
D829,,,RF,base_utility,accuracy,0.9272727272727272
D829,,,RF,base_utility,macro_f1,0.926948051948052
D83,,,LR,base_utility,accuracy,0.9030303030303031
D83,,,LR,base_utility,macro_f1,0.9029982363315696
D83,,,DT,base_utility,accuracy,0.8545454545454545
D83,,,DT,base_utility,macro_f1,0.8541114058355437
D83,,,RF,base_utility,accuracy,0.9393939393939394
D83,,,RF,base_utility,macro_f1,0.939373897707231
D830,,,LR,base_utility,accuracy,0.8242424242424242
D830,,,LR,base_utility,macro_f1,0.8241390716307104
D830,,,DT,base_utility,accuracy,0.8424242424242424
D830,,,DT,base_utility,macro_f1,0.8419540229885057
D830,,,RF,base_utility,accuracy,0.9030303030303031
D830,,,RF,base_utility,macro_f1,0.9028554607006182
D831,,,LR,base_utility,accuracy,0.793939393939394
D831,,,LR,base_utility,macro_f1,0.7911703394877903
D831,,,DT,base_utility,accuracy,0.7090909090909091
D831,,,DT,base_utility,macro_f1,0.7077922077922079
D831,,,RF,base_utility,accuracy,0.8484848484848485
D831,,,RF,base_utility,macro_f1,0.8470466090696727
D832,,,LR,base_utility,accuracy,0.7696969696969697
D832,,,LR,base_utility,macro_f1,0.7692817191639683
D832,,,DT,base_utility,accuracy,0.6484848484848484
D832,,,DT,base_utility,macro_f1,0.6481617647058824
D832,,,RF,base_utility,accuracy,0.8121212121212121
D832,,,RF,base_utility,macro_f1,0.8118724484166391
D833,,,LR,base_utility,accuracy,0.9878787878787879
D833,,,LR,base_utility,macro_f1,0.9878569325875772
D833,,,DT,base_utility,accuracy,0.9696969696969697
D833,,,DT,base_utility,macro_f1,0.969679150281157
D833,,,RF,base_utility,accuracy,0.9818181818181818
D833,,,RF,base_utility,macro_f1,0.9817941079112876
D834,,,LR,base_utility,accuracy,0.9818181818181818
D834,,,LR,base_utility,macro_f1,0.9818074901686942
D834,,,DT,base_utility,accuracy,0.9696969696969697
D834,,,DT,base_utility,macro_f1,0.9696568465188127
D834,,,RF,base_utility,accuracy,0.9818181818181818
D834,,,RF,base_utility,macro_f1,0.9818074901686942
D835,,,LR,base_utility,accuracy,0.9272727272727272
D835,,,LR,base_utility,macro_f1,0.9271415955254636
D835,,,DT,base_utility,accuracy,0.8303030303030303
D835,,,DT,base_utility,macro_f1,0.8302469135802469
D835,,,RF,base_utility,accuracy,0.9333333333333333
D835,,,RF,base_utility,macro_f1,0.9331762453517911
D836,,,LR,base_utility,accuracy,0.8606060606060606
D836,,,LR,base_utility,macro_f1,0.8598648498947601
D836,,,DT,base_utility,accuracy,0.8121212121212121
D836,,,DT,base_utility,macro_f1,0.8107588146065337
D836,,,RF,base_utility,accuracy,0.8606060606060606
D836,,,RF,base_utility,macro_f1,0.8598648498947601
D837,,,LR,base_utility,accuracy,0.9939393939393939
D837,,,LR,base_utility,macro_f1,0.9939251132137992
D837,,,DT,base_utility,accuracy,0.9636363636363636
D837,,,DT,base_utility,macro_f1,0.9636243386243386
D837,,,RF,base_utility,accuracy,0.9939393939393939
D837,,,RF,base_utility,macro_f1,0.9939251132137992
D838,,,LR,base_utility,accuracy,0.9757575757575757
D838,,,LR,base_utility,macro_f1,0.9757495590828924
D838,,,DT,base_utility,accuracy,0.9575757575757575
D838,,,DT,base_utility,macro_f1,0.9575195851263378
D838,,,RF,base_utility,accuracy,0.9878787878787879
D838,,,RF,base_utility,macro_f1,0.9878747795414462
D839,,,LR,base_utility,accuracy,0.9333333333333333
D839,,,LR,base_utility,macro_f1,0.9328499019571571
D839,,,DT,base_utility,accuracy,0.8666666666666667
D839,,,DT,base_utility,macro_f1,0.8658338261383797
D839,,,RF,base_utility,accuracy,0.9333333333333333
D839,,,RF,base_utility,macro_f1,0.9328499019571571
D84,,,LR,base_utility,accuracy,0.8424242424242424
D84,,,LR,base_utility,macro_f1,0.8417207792207793
D84,,,DT,base_utility,accuracy,0.8121212121212121
D84,,,DT,base_utility,macro_f1,0.8114285714285714
D84,,,RF,base_utility,accuracy,0.8606060606060606
D84,,,RF,base_utility,macro_f1,0.8600921658986175
D840,,,LR,base_utility,accuracy,0.8424242424242424
D840,,,LR,base_utility,macro_f1,0.842418454305025
D840,,,DT,base_utility,accuracy,0.7878787878787878
D840,,,DT,base_utility,macro_f1,0.7878787878787878
D840,,,RF,base_utility,accuracy,0.8545454545454545
D840,,,RF,base_utility,macro_f1,0.8544973544973544
D841,,,LR,base_utility,accuracy,0.9939393939393939
D841,,,LR,base_utility,macro_f1,0.9939385033613755
D841,,,DT,base_utility,accuracy,0.9818181818181818
D841,,,DT,base_utility,macro_f1,0.9818074901686942
D841,,,RF,base_utility,accuracy,0.9939393939393939
D841,,,RF,base_utility,macro_f1,0.9939385033613755
D842,,,LR,base_utility,accuracy,0.9878787878787879
D842,,,LR,base_utility,macro_f1,0.9878747795414462
D842,,,DT,base_utility,accuracy,0.9818181818181818
D842,,,DT,base_utility,macro_f1,0.9818074901686942
D842,,,RF,base_utility,accuracy,0.9878787878787879
D842,,,RF,base_utility,macro_f1,0.9878747795414462
D843,,,LR,base_utility,accuracy,0.9272727272727272
D843,,,LR,base_utility,macro_f1,0.9260752688172043
D843,,,DT,base_utility,accuracy,0.7818181818181819
D843,,,DT,base_utility,macro_f1,0.7811671087533156
D843,,,RF,base_utility,accuracy,0.9333333333333333
D843,,,RF,base_utility,macro_f1,0.9321266968325792
D844,,,LR,base_utility,accuracy,0.8727272727272727
D844,,,LR,base_utility,macro_f1,0.8725587553790135
D844,,,DT,base_utility,accuracy,0.7757575757575758
D844,,,DT,base_utility,macro_f1,0.7752291889105704
D844,,,RF,base_utility,accuracy,0.8606060606060606
D844,,,RF,base_utility,macro_f1,0.8604214939865387
D845,,,LR,base_utility,accuracy,0.9212121212121213
D845,,,LR,base_utility,macro_f1,0.9207931760274731
D845,,,DT,base_utility,accuracy,0.9272727272727272
D845,,,DT,base_utility,macro_f1,0.9268184506209343
D845,,,RF,base_utility,accuracy,0.9696969696969697
D845,,,RF,base_utility,macro_f1,0.9694772281623442
D846,,,LR,base_utility,accuracy,0.9575757575757575
D846,,,LR,base_utility,macro_f1,0.9575695235296279
D846,,,DT,base_utility,accuracy,0.9515151515151515
D846,,,DT,base_utility,macro_f1,0.9514705882352941
D846,,,RF,base_utility,accuracy,0.9878787878787879
D846,,,RF,base_utility,macro_f1,0.987878342638848
D847,,,LR,base_utility,accuracy,0.8848484848484849
D847,,,LR,base_utility,macro_f1,0.8848315638661328
D847,,,DT,base_utility,accuracy,0.8181818181818182
D847,,,DT,base_utility,macro_f1,0.818121693121693
D847,,,RF,base_utility,accuracy,0.9030303030303031
D847,,,RF,base_utility,macro_f1,0.9029411764705882
D848,,,LR,base_utility,accuracy,0.8303030303030303
D848,,,LR,base_utility,macro_f1,0.830296796943873
D848,,,DT,base_utility,accuracy,0.7454545454545455
D848,,,DT,base_utility,macro_f1,0.7433333333333334
D848,,,RF,base_utility,accuracy,0.8909090909090909
D848,,,RF,base_utility,macro_f1,0.8909050837496326
D849,,,LR,base_utility,accuracy,0.9757575757575757
D849,,,LR,base_utility,macro_f1,0.975735294117647
D849,,,DT,base_utility,accuracy,0.9878787878787879
D849,,,DT,base_utility,macro_f1,0.9878747795414462
D849,,,RF,base_utility,accuracy,0.9818181818181818
D849,,,RF,base_utility,macro_f1,0.9818074901686942
D85,,,LR,base_utility,accuracy,0.9818181818181818
D85,,,LR,base_utility,macro_f1,0.981547064305685
D85,,,DT,base_utility,accuracy,0.9818181818181818
D85,,,DT,base_utility,macro_f1,0.9816455930883607
D85,,,RF,base_utility,accuracy,0.9878787878787879
D85,,,RF,base_utility,macro_f1,0.9877487377487377
D850,,,LR,base_utility,accuracy,0.9878787878787879
D850,,,LR,base_utility,macro_f1,0.9878676470588236
D850,,,DT,base_utility,accuracy,0.9878787878787879
D850,,,DT,base_utility,macro_f1,0.9878676470588236
D850,,,RF,base_utility,accuracy,0.9818181818181818
D850,,,RF,base_utility,macro_f1,0.9818074901686942
D851,,,LR,base_utility,accuracy,0.9212121212121213
D851,,,LR,base_utility,macro_f1,0.9211657907310081
D851,,,DT,base_utility,accuracy,0.8121212121212121
D851,,,DT,base_utility,macro_f1,0.8111221889885898
D851,,,RF,base_utility,accuracy,0.9272727272727272
D851,,,RF,base_utility,macro_f1,0.9272486772486772
D852,,,LR,base_utility,accuracy,0.8787878787878788
D852,,,LR,base_utility,macro_f1,0.8784261715296198
D852,,,DT,base_utility,accuracy,0.8606060606060606
D852,,,DT,base_utility,macro_f1,0.8595952495467831
D852,,,RF,base_utility,accuracy,0.9030303030303031
D852,,,RF,base_utility,macro_f1,0.9027409372236959
D853,,,LR,base_utility,accuracy,0.9818181818181818
D853,,,LR,base_utility,macro_f1,0.9817753396413975
D853,,,DT,base_utility,accuracy,0.9696969696969697
D853,,,DT,base_utility,macro_f1,0.9695852534562213
D853,,,RF,base_utility,accuracy,1.0
D853,,,RF,base_utility,macro_f1,1.0
D854,,,LR,base_utility,accuracy,0.9636363636363636
D854,,,LR,base_utility,macro_f1,0.9635707977627319
D854,,,DT,base_utility,accuracy,0.9575757575757575
D854,,,DT,base_utility,macro_f1,0.9575195851263378
D854,,,RF,base_utility,accuracy,0.9696969696969697
D854,,,RF,base_utility,macro_f1,0.9696568465188127
D855,,,LR,base_utility,accuracy,0.8848484848484849
D855,,,LR,base_utility,macro_f1,0.8827642945290004
D855,,,DT,base_utility,accuracy,0.8424242424242424
D855,,,DT,base_utility,macro_f1,0.8398297491039426
D855,,,RF,base_utility,accuracy,0.8909090909090909
D855,,,RF,base_utility,macro_f1,0.8897386397386398
D856,,,LR,base_utility,accuracy,0.8666666666666667
D856,,,LR,base_utility,macro_f1,0.8666617690273288
D856,,,DT,base_utility,accuracy,0.7696969696969697
D856,,,DT,base_utility,macro_f1,0.7694852941176471
D856,,,RF,base_utility,accuracy,0.8848484848484849
D856,,,RF,base_utility,macro_f1,0.8847807710683965
D857,,,LR,base_utility,accuracy,0.9939393939393939
D857,,,LR,base_utility,macro_f1,0.9939071673867288
D857,,,DT,base_utility,accuracy,0.9939393939393939
D857,,,DT,base_utility,macro_f1,0.9938954456324688
D857,,,RF,base_utility,accuracy,0.9818181818181818
D857,,,RF,base_utility,macro_f1,0.9817215021601862
D858,,,LR,base_utility,accuracy,0.9878787878787879
D858,,,LR,base_utility,macro_f1,0.9878569325875772
D858,,,DT,base_utility,accuracy,0.9818181818181818
D858,,,DT,base_utility,macro_f1,0.9817753396413975
D858,,,RF,base_utility,accuracy,0.9696969696969697
D858,,,RF,base_utility,macro_f1,0.969679150281157
D859,,,LR,base_utility,accuracy,0.9090909090909091
D859,,,LR,base_utility,macro_f1,0.9087557603686636
D859,,,DT,base_utility,accuracy,0.8727272727272727
D859,,,DT,base_utility,macro_f1,0.871519151618525
D859,,,RF,base_utility,accuracy,0.8909090909090909
D859,,,RF,base_utility,macro_f1,0.890422077922078
D86,,,LR,base_utility,accuracy,0.9757575757575757
D86,,,LR,base_utility,macro_f1,0.9756852343059239
D86,,,DT,base_utility,accuracy,0.9757575757575757
D86,,,DT,base_utility,macro_f1,0.9756852343059239
D86,,,RF,base_utility,accuracy,0.9696969696969697
D86,,,RF,base_utility,macro_f1,0.969625566068996
D860,,,LR,base_utility,accuracy,0.8363636363636363
D860,,,LR,base_utility,macro_f1,0.8357603686635945
D860,,,DT,base_utility,accuracy,0.7696969696969697
D860,,,DT,base_utility,macro_f1,0.7694852941176471
D860,,,RF,base_utility,accuracy,0.8484848484848485
D860,,,RF,base_utility,macro_f1,0.8473861408117207
D861,,,LR,base_utility,accuracy,0.9212121212121213
D861,,,LR,base_utility,macro_f1,0.9210264717793896
D861,,,DT,base_utility,accuracy,0.9393939393939394
D861,,,DT,base_utility,macro_f1,0.9391233766233766
D861,,,RF,base_utility,accuracy,0.9636363636363636
D861,,,RF,base_utility,macro_f1,0.963527851458886
D862,,,LR,base_utility,accuracy,0.9151515151515152
D862,,,LR,base_utility,macro_f1,0.9150735294117647
D862,,,DT,base_utility,accuracy,0.9090909090909091
D862,,,DT,base_utility,macro_f1,0.9089705395564383
D862,,,RF,base_utility,accuracy,0.9696969696969697
D862,,,RF,base_utility,macro_f1,0.9696568465188127
D863,,,LR,base_utility,accuracy,0.8424242424242424
D863,,,LR,base_utility,macro_f1,0.8407335907335907
D863,,,DT,base_utility,accuracy,0.7818181818181819
D863,,,DT,base_utility,macro_f1,0.780455351862803
D863,,,RF,base_utility,accuracy,0.8909090909090909
D863,,,RF,base_utility,macro_f1,0.8902276759314015
D864,,,LR,base_utility,accuracy,0.8484848484848485
D864,,,LR,base_utility,macro_f1,0.8484625840343852
D864,,,DT,base_utility,accuracy,0.7393939393939394
D864,,,DT,base_utility,macro_f1,0.7393939393939394
D864,,,RF,base_utility,accuracy,0.8666666666666667
D864,,,RF,base_utility,macro_f1,0.8666617690273288
D865,,,LR,base_utility,accuracy,1.0
D865,,,LR,base_utility,macro_f1,1.0
D865,,,DT,base_utility,accuracy,1.0
D865,,,DT,base_utility,macro_f1,1.0
D865,,,RF,base_utility,accuracy,1.0
D865,,,RF,base_utility,macro_f1,1.0
D866,,,LR,base_utility,accuracy,0.9878787878787879
D866,,,LR,base_utility,macro_f1,0.9878676470588236
D866,,,DT,base_utility,accuracy,0.9757575757575757
D866,,,DT,base_utility,macro_f1,0.9757138651751545
D866,,,RF,base_utility,accuracy,0.9878787878787879
D866,,,RF,base_utility,macro_f1,0.9878676470588236
D867,,,LR,base_utility,accuracy,0.9393939393939394
D867,,,LR,base_utility,macro_f1,0.9392846629378864
D867,,,DT,base_utility,accuracy,0.8787878787878788
D867,,,DT,base_utility,macro_f1,0.8787834263884807
D867,,,RF,base_utility,accuracy,0.9333333333333333
D867,,,RF,base_utility,macro_f1,0.933245062341388
D868,,,LR,base_utility,accuracy,0.8727272727272727
D868,,,LR,base_utility,macro_f1,0.8722580645161291
D868,,,DT,base_utility,accuracy,0.8363636363636363
D868,,,DT,base_utility,macro_f1,0.8359780567725783
D868,,,RF,base_utility,accuracy,0.8666666666666667
D868,,,RF,base_utility,macro_f1,0.8660714285714286
D869,,,LR,base_utility,accuracy,1.0
D869,,,LR,base_utility,macro_f1,1.0
D869,,,DT,base_utility,accuracy,1.0
D869,,,DT,base_utility,macro_f1,1.0
D869,,,RF,base_utility,accuracy,1.0
D869,,,RF,base_utility,macro_f1,1.0
D87,,,LR,base_utility,accuracy,0.9030303030303031
D87,,,LR,base_utility,macro_f1,0.9029411764705882
D87,,,DT,base_utility,accuracy,0.8787878787878788
D87,,,DT,base_utility,macro_f1,0.8786764705882353
D87,,,RF,base_utility,accuracy,0.9090909090909091
D87,,,RF,base_utility,macro_f1,0.9089705395564383
D870,,,LR,base_utility,accuracy,0.9878787878787879
D870,,,LR,base_utility,macro_f1,0.9878747795414462
D870,,,DT,base_utility,accuracy,0.9878787878787879
D870,,,DT,base_utility,macro_f1,0.9878747795414462
D870,,,RF,base_utility,accuracy,0.9878787878787879
D870,,,RF,base_utility,macro_f1,0.9878747795414462
D871,,,LR,base_utility,accuracy,0.9393939393939394
D871,,,LR,base_utility,macro_f1,0.9390153755174453
D871,,,DT,base_utility,accuracy,0.8424242424242424
D871,,,DT,base_utility,macro_f1,0.8417207792207793
D871,,,RF,base_utility,accuracy,0.9393939393939394
D871,,,RF,base_utility,macro_f1,0.9390153755174453
D872,,,LR,base_utility,accuracy,0.8606060606060606
D872,,,LR,base_utility,macro_f1,0.8605855773116344
D872,,,DT,base_utility,accuracy,0.7696969696969697
D872,,,DT,base_utility,macro_f1,0.769620811287478
D872,,,RF,base_utility,accuracy,0.8545454545454545
D872,,,RF,base_utility,macro_f1,0.8544973544973544
D873,,,LR,base_utility,accuracy,1.0
D873,,,LR,base_utility,macro_f1,1.0
D873,,,DT,base_utility,accuracy,0.9939393939393939
D873,,,DT,base_utility,macro_f1,0.9939385033613755
D873,,,RF,base_utility,accuracy,1.0
D873,,,RF,base_utility,macro_f1,1.0
D874,,,LR,base_utility,accuracy,0.9939393939393939
D874,,,LR,base_utility,macro_f1,0.9939385033613755
D874,,,DT,base_utility,accuracy,0.9878787878787879
D874,,,DT,base_utility,macro_f1,0.9878747795414462
D874,,,RF,base_utility,accuracy,0.9939393939393939
D874,,,RF,base_utility,macro_f1,0.9939385033613755
D875,,,LR,base_utility,accuracy,0.9393939393939394
D875,,,LR,base_utility,macro_f1,0.9381929877135151
D875,,,DT,base_utility,accuracy,0.806060606060606
D875,,,DT,base_utility,macro_f1,0.8057109214012363
D875,,,RF,base_utility,accuracy,0.9393939393939394
D875,,,RF,base_utility,macro_f1,0.9381929877135151
D876,,,LR,base_utility,accuracy,0.8727272727272727
D876,,,LR,base_utility,macro_f1,0.8725587553790135
D876,,,DT,base_utility,accuracy,0.7757575757575758
D876,,,DT,base_utility,macro_f1,0.7754606642392143
D876,,,RF,base_utility,accuracy,0.8606060606060606
D876,,,RF,base_utility,macro_f1,0.8605240912933221
D877,,,LR,base_utility,accuracy,0.9878787878787879
D877,,,LR,base_utility,macro_f1,0.9877159023228111
D877,,,DT,base_utility,accuracy,0.9757575757575757
D877,,,DT,base_utility,macro_f1,0.9753584229390682
D877,,,RF,base_utility,accuracy,0.9939393939393939
D877,,,RF,base_utility,macro_f1,0.9938490214352284
D878,,,LR,base_utility,accuracy,0.9939393939393939
D878,,,LR,base_utility,macro_f1,0.9939393939393939
D878,,,DT,base_utility,accuracy,0.9878787878787879
D878,,,DT,base_utility,macro_f1,0.987878342638848
D878,,,RF,base_utility,accuracy,0.9939393939393939
D878,,,RF,base_utility,macro_f1,0.9939393939393939
D879,,,LR,base_utility,accuracy,0.9272727272727272
D879,,,LR,base_utility,macro_f1,0.9272058823529412
D879,,,DT,base_utility,accuracy,0.8121212121212121
D879,,,DT,base_utility,macro_f1,0.8111221889885898
D879,,,RF,base_utility,accuracy,0.9151515151515152
D879,,,RF,base_utility,macro_f1,0.9150735294117647
D88,,,LR,base_utility,accuracy,0.8666666666666667
D88,,,LR,base_utility,macro_f1,0.8662687886825817
D88,,,DT,base_utility,accuracy,0.8
D88,,,DT,base_utility,macro_f1,0.7999706109253885
D88,,,RF,base_utility,accuracy,0.8727272727272727
D88,,,RF,base_utility,macro_f1,0.8722580645161291
D880,,,LR,base_utility,accuracy,0.9090909090909091
D880,,,LR,base_utility,macro_f1,0.9090775504206311
D880,,,DT,base_utility,accuracy,0.7696969696969697
D880,,,DT,base_utility,macro_f1,0.7692817191639683
D880,,,RF,base_utility,accuracy,0.9090909090909091
D880,,,RF,base_utility,macro_f1,0.9090775504206311
D881,,,LR,base_utility,accuracy,1.0
D881,,,LR,base_utility,macro_f1,1.0
D881,,,DT,base_utility,accuracy,1.0
D881,,,DT,base_utility,macro_f1,1.0
D881,,,RF,base_utility,accuracy,1.0
D881,,,RF,base_utility,macro_f1,1.0
D882,,,LR,base_utility,accuracy,0.9878787878787879
D882,,,LR,base_utility,macro_f1,0.9878676470588236
D882,,,DT,base_utility,accuracy,0.9757575757575757
D882,,,DT,base_utility,macro_f1,0.9757495590828924
D882,,,RF,base_utility,accuracy,0.9878787878787879
D882,,,RF,base_utility,macro_f1,0.9878676470588236
D883,,,LR,base_utility,accuracy,0.9272727272727272
D883,,,LR,base_utility,macro_f1,0.9272486772486772
D883,,,DT,base_utility,accuracy,0.8727272727272727
D883,,,DT,base_utility,macro_f1,0.8726524311808592
D883,,,RF,base_utility,accuracy,0.9272727272727272
D883,,,RF,base_utility,macro_f1,0.9272486772486772
D884,,,LR,base_utility,accuracy,0.9090909090909091
D884,,,LR,base_utility,macro_f1,0.9087557603686636
D884,,,DT,base_utility,accuracy,0.8242424242424242
D884,,,DT,base_utility,macro_f1,0.8221255715400915
D884,,,RF,base_utility,accuracy,0.9151515151515152
D884,,,RF,base_utility,macro_f1,0.9147727272727273
D885,,,LR,base_utility,accuracy,1.0
D885,,,LR,base_utility,macro_f1,1.0
D885,,,DT,base_utility,accuracy,1.0
D885,,,DT,base_utility,macro_f1,1.0
D885,,,RF,base_utility,accuracy,1.0
D885,,,RF,base_utility,macro_f1,1.0
D886,,,LR,base_utility,accuracy,0.9878787878787879
D886,,,LR,base_utility,macro_f1,0.9878676470588236
D886,,,DT,base_utility,accuracy,0.9878787878787879
D886,,,DT,base_utility,macro_f1,0.9878676470588236
D886,,,RF,base_utility,accuracy,0.9878787878787879
D886,,,RF,base_utility,macro_f1,0.9878676470588236
D887,,,LR,base_utility,accuracy,0.9090909090909091
D887,,,LR,base_utility,macro_f1,0.9074454956807898
D887,,,DT,base_utility,accuracy,0.8606060606060606
D887,,,DT,base_utility,macro_f1,0.8564729019326047
D887,,,RF,base_utility,accuracy,0.9151515151515152
D887,,,RF,base_utility,macro_f1,0.9137544802867383
D888,,,LR,base_utility,accuracy,0.9030303030303031
D888,,,LR,base_utility,macro_f1,0.9028554607006182
D888,,,DT,base_utility,accuracy,0.7818181818181819
D888,,,DT,base_utility,macro_f1,0.7814247865763909
D888,,,RF,base_utility,accuracy,0.9030303030303031
D888,,,RF,base_utility,macro_f1,0.9028554607006182
D889,,,LR,base_utility,accuracy,1.0
D889,,,LR,base_utility,macro_f1,1.0
D889,,,DT,base_utility,accuracy,1.0
D889,,,DT,base_utility,macro_f1,1.0
D889,,,RF,base_utility,accuracy,1.0
D889,,,RF,base_utility,macro_f1,1.0
D89,,,LR,base_utility,accuracy,0.9151515151515152
D89,,,LR,base_utility,macro_f1,0.9151234567901234
D89,,,DT,base_utility,accuracy,0.9212121212121213
D89,,,DT,base_utility,macro_f1,0.9210264717793896
D89,,,RF,base_utility,accuracy,0.9515151515151515
D89,,,RF,base_utility,macro_f1,0.9514705882352941
D890,,,LR,base_utility,accuracy,0.9939393939393939
D890,,,LR,base_utility,macro_f1,0.9939313693037626
D890,,,DT,base_utility,accuracy,0.9818181818181818
D890,,,DT,base_utility,macro_f1,0.9817753396413975
D890,,,RF,base_utility,accuracy,0.9939393939393939
D890,,,RF,base_utility,macro_f1,0.9939313693037626
D891,,,LR,base_utility,accuracy,0.9212121212121213
D891,,,LR,base_utility,macro_f1,0.9210264717793896
D891,,,DT,base_utility,accuracy,0.8909090909090909
D891,,,DT,base_utility,macro_f1,0.890422077922078
D891,,,RF,base_utility,accuracy,0.9212121212121213
D891,,,RF,base_utility,macro_f1,0.9210264717793896
D892,,,LR,base_utility,accuracy,0.8545454545454545
D892,,,LR,base_utility,macro_f1,0.8536369012418688
D892,,,DT,base_utility,accuracy,0.7818181818181819
D892,,,DT,base_utility,macro_f1,0.780455351862803
D892,,,RF,base_utility,accuracy,0.8666666666666667
D892,,,RF,base_utility,macro_f1,0.8652361152361152
D893,,,LR,base_utility,accuracy,0.9878787878787879
D893,,,LR,base_utility,macro_f1,0.9878246753246753
D893,,,DT,base_utility,accuracy,0.9757575757575757
D893,,,DT,base_utility,macro_f1,0.9756852343059239
D893,,,RF,base_utility,accuracy,1.0
D893,,,RF,base_utility,macro_f1,1.0
D894,,,LR,base_utility,accuracy,0.9696969696969697
D894,,,LR,base_utility,macro_f1,0.969679150281157
D894,,,DT,base_utility,accuracy,0.9818181818181818
D894,,,DT,base_utility,macro_f1,0.9818074901686942
D894,,,RF,base_utility,accuracy,0.9939393939393939
D894,,,RF,base_utility,macro_f1,0.9939385033613755
D895,,,LR,base_utility,accuracy,0.8909090909090909
D895,,,LR,base_utility,macro_f1,0.8902276759314015
D895,,,DT,base_utility,accuracy,0.8242424242424242
D895,,,DT,base_utility,macro_f1,0.8233078542151324
D895,,,RF,base_utility,accuracy,0.9030303030303031
D895,,,RF,base_utility,macro_f1,0.9024246008279124
D896,,,LR,base_utility,accuracy,0.8909090909090909
D896,,,LR,base_utility,macro_f1,0.8908088235294118
D896,,,DT,base_utility,accuracy,0.8181818181818182
D896,,,DT,base_utility,macro_f1,0.818121693121693
D896,,,RF,base_utility,accuracy,0.896969696969697
D896,,,RF,base_utility,macro_f1,0.8969091109559337
D897,,,LR,base_utility,accuracy,0.8636363636363636
D897,,,LR,base_utility,macro_f1,0.8633540372670807
D897,,,DT,base_utility,accuracy,0.9545454545454546
D897,,,DT,base_utility,macro_f1,0.9544948933158055
D897,,,RF,base_utility,accuracy,0.9606060606060606
D897,,,RF,base_utility,macro_f1,0.9605767375182643
D898,,,LR,base_utility,accuracy,0.8636363636363636
D898,,,LR,base_utility,macro_f1,0.8634244143804435
D898,,,DT,base_utility,accuracy,0.9454545454545454
D898,,,DT,base_utility,macro_f1,0.9454044117647058
D898,,,RF,base_utility,accuracy,0.9727272727272728
D898,,,RF,base_utility,macro_f1,0.972706972128029
D899,,,LR,base_utility,accuracy,0.8121212121212121
D899,,,LR,base_utility,macro_f1,0.8115605658709107
D899,,,DT,base_utility,accuracy,0.8545454545454545
D899,,,DT,base_utility,macro_f1,0.8545240806730098
D899,,,RF,base_utility,accuracy,0.9303030303030303
D899,,,RF,base_utility,macro_f1,0.9302716557496027
D9,,,LR,base_utility,accuracy,0.6303030303030303
D9,,,LR,base_utility,macro_f1,0.6267937261300012
D9,,,DT,base_utility,accuracy,0.7393939393939394
D9,,,DT,base_utility,macro_f1,0.7369201675998369
D9,,,RF,base_utility,accuracy,0.8181818181818182
D9,,,RF,base_utility,macro_f1,0.8170461265523359
D90,,,LR,base_utility,accuracy,0.9212121212121213
D90,,,LR,base_utility,macro_f1,0.9209216589861751
D90,,,DT,base_utility,accuracy,0.896969696969697
D90,,,DT,base_utility,macro_f1,0.8959916941673773
D90,,,RF,base_utility,accuracy,0.9636363636363636
D90,,,RF,base_utility,macro_f1,0.963527851458886
D900,,,LR,base_utility,accuracy,0.796969696969697
D900,,,LR,base_utility,macro_f1,0.7940938172268321
D900,,,DT,base_utility,accuracy,0.7757575757575758
D900,,,DT,base_utility,macro_f1,0.7757246243708902
D900,,,RF,base_utility,accuracy,0.8696969696969697
D900,,,RF,base_utility,macro_f1,0.8693502499746804
D901,,,LR,base_utility,accuracy,0.793939393939394
D901,,,LR,base_utility,macro_f1,0.7939318248604172
D901,,,DT,base_utility,accuracy,0.8818181818181818
D901,,,DT,base_utility,macro_f1,0.8818084139185056
D901,,,RF,base_utility,accuracy,0.9212121212121213
D901,,,RF,base_utility,macro_f1,0.9211397058823529
D902,,,LR,base_utility,accuracy,0.796969696969697
D902,,,LR,base_utility,macro_f1,0.796818570286439
D902,,,DT,base_utility,accuracy,0.8303030303030303
D902,,,DT,base_utility,macro_f1,0.830296796943873
D902,,,RF,base_utility,accuracy,0.8848484848484849
D902,,,RF,base_utility,macro_f1,0.8847426470588236
D903,,,LR,base_utility,accuracy,0.7484848484848485
D903,,,LR,base_utility,macro_f1,0.7480939198572625
D903,,,DT,base_utility,accuracy,0.7545454545454545
D903,,,DT,base_utility,macro_f1,0.7544890929965556
D903,,,RF,base_utility,accuracy,0.8363636363636363
D903,,,RF,base_utility,macro_f1,0.8359780567725783
D904,,,LR,base_utility,accuracy,0.7696969696969697
D904,,,LR,base_utility,macro_f1,0.7690097259062776
D904,,,DT,base_utility,accuracy,0.6909090909090909
D904,,,DT,base_utility,macro_f1,0.6907273328678011
D904,,,RF,base_utility,accuracy,0.806060606060606
D904,,,RF,base_utility,macro_f1,0.8056036228415744
D905,,,LR,base_utility,accuracy,0.803030303030303
D905,,,LR,base_utility,macro_f1,0.8026224982746721
D905,,,DT,base_utility,accuracy,0.8848484848484849
D905,,,DT,base_utility,macro_f1,0.8846960167714885
D905,,,RF,base_utility,accuracy,0.9181818181818182
D905,,,RF,base_utility,macro_f1,0.9181449871843161
D906,,,LR,base_utility,accuracy,0.8
D906,,,LR,base_utility,macro_f1,0.7991071428571428
D906,,,DT,base_utility,accuracy,0.793939393939394
D906,,,DT,base_utility,macro_f1,0.7936665563279268
D906,,,RF,base_utility,accuracy,0.9
D906,,,RF,base_utility,macro_f1,0.8999917348541202
D907,,,LR,base_utility,accuracy,0.7666666666666667
D907,,,LR,base_utility,macro_f1,0.7664071190211346
D907,,,DT,base_utility,accuracy,0.7303030303030303
D907,,,DT,base_utility,macro_f1,0.7301022799327324
D907,,,RF,base_utility,accuracy,0.8727272727272727
D907,,,RF,base_utility,macro_f1,0.8719322885866352
D908,,,LR,base_utility,accuracy,0.7121212121212122
D908,,,LR,base_utility,macro_f1,0.7119916215744458
D908,,,DT,base_utility,accuracy,0.6848484848484848
D908,,,DT,base_utility,macro_f1,0.6841058871175583
D908,,,RF,base_utility,accuracy,0.8242424242424242
D908,,,RF,base_utility,macro_f1,0.8242165974798868
D909,,,LR,base_utility,accuracy,0.6060606060606061
D909,,,LR,base_utility,macro_f1,0.6060461357625624
D909,,,DT,base_utility,accuracy,0.7242424242424242
D909,,,DT,base_utility,macro_f1,0.7241791044776119
D909,,,RF,base_utility,accuracy,0.7696969696969697
D909,,,RF,base_utility,macro_f1,0.769561542136793
D91,,,LR,base_utility,accuracy,0.9272727272727272
D91,,,LR,base_utility,macro_f1,0.927055702917772
D91,,,DT,base_utility,accuracy,0.8606060606060606
D91,,,DT,base_utility,macro_f1,0.8595952495467831
D91,,,RF,base_utility,accuracy,0.9454545454545454
D91,,,RF,base_utility,macro_f1,0.9451645064805583
D910,,,LR,base_utility,accuracy,0.5878787878787879
D910,,,LR,base_utility,macro_f1,0.5878787878787879
D910,,,DT,base_utility,accuracy,0.7666666666666667
D910,,,DT,base_utility,macro_f1,0.766561630118235
D910,,,RF,base_utility,accuracy,0.793939393939394
D910,,,RF,base_utility,macro_f1,0.7939318248604172
D911,,,LR,base_utility,accuracy,0.6
D911,,,LR,base_utility,macro_f1,0.5996323529411764
D911,,,DT,base_utility,accuracy,0.6757575757575758
D911,,,DT,base_utility,macro_f1,0.6757545982975051
D911,,,RF,base_utility,accuracy,0.7515151515151515
D911,,,RF,base_utility,macro_f1,0.7514329805996472
D912,,,LR,base_utility,accuracy,0.5909090909090909
D912,,,LR,base_utility,macro_f1,0.5872668822205134
D912,,,DT,base_utility,accuracy,0.6272727272727273
D912,,,DT,base_utility,macro_f1,0.6268581251896046
D912,,,RF,base_utility,accuracy,0.7242424242424242
D912,,,RF,base_utility,macro_f1,0.7226506580466405
D913,,,LR,base_utility,accuracy,0.8515151515151516
D913,,,LR,base_utility,macro_f1,0.8505144632110271
D913,,,DT,base_utility,accuracy,0.9606060606060606
D913,,,DT,base_utility,macro_f1,0.9605883271628188
D913,,,RF,base_utility,accuracy,0.9757575757575757
D913,,,RF,base_utility,macro_f1,0.9757004528551968
D914,,,LR,base_utility,accuracy,0.8333333333333334
D914,,,LR,base_utility,macro_f1,0.8325197700491829
D914,,,DT,base_utility,accuracy,0.9181818181818182
D914,,,DT,base_utility,macro_f1,0.9180908079684498
D914,,,RF,base_utility,accuracy,0.9484848484848485
D914,,,RF,base_utility,macro_f1,0.9484616585975324
D915,,,LR,base_utility,accuracy,0.796969696969697
D915,,,LR,base_utility,macro_f1,0.7956014088803838
D915,,,DT,base_utility,accuracy,0.8515151515151516
D915,,,DT,base_utility,macro_f1,0.8514046260303807
D915,,,RF,base_utility,accuracy,0.9121212121212121
D915,,,RF,base_utility,macro_f1,0.9121204051460527
D916,,,LR,base_utility,accuracy,0.8
D916,,,LR,base_utility,macro_f1,0.7953007518796993
D916,,,DT,base_utility,accuracy,0.7636363636363637
D916,,,DT,base_utility,macro_f1,0.7627649769585254
D916,,,RF,base_utility,accuracy,0.8696969696969697
D916,,,RF,base_utility,macro_f1,0.8691671507205487
D917,,,LR,base_utility,accuracy,0.7818181818181819
D917,,,LR,base_utility,macro_f1,0.7806580259222333
D917,,,DT,base_utility,accuracy,0.8606060606060606
D917,,,DT,base_utility,macro_f1,0.8603547247571386
D917,,,RF,base_utility,accuracy,0.9151515151515152
D917,,,RF,base_utility,macro_f1,0.9151483984719365
D918,,,LR,base_utility,accuracy,0.7757575757575758
D918,,,LR,base_utility,macro_f1,0.7757493388186893
D918,,,DT,base_utility,accuracy,0.8454545454545455
D918,,,DT,base_utility,macro_f1,0.8454417720472767
D918,,,RF,base_utility,accuracy,0.9
D918,,,RF,base_utility,macro_f1,0.8999990817179222
D919,,,LR,base_utility,accuracy,0.7696969696969697
D919,,,LR,base_utility,macro_f1,0.769620811287478
D919,,,DT,base_utility,accuracy,0.806060606060606
D919,,,DT,base_utility,macro_f1,0.8058823529411765
D919,,,RF,base_utility,accuracy,0.8727272727272727
D919,,,RF,base_utility,macro_f1,0.8727085705888835
D92,,,LR,base_utility,accuracy,0.8363636363636363
D92,,,LR,base_utility,macro_f1,0.8359780567725783
D92,,,DT,base_utility,accuracy,0.8121212121212121
D92,,,DT,base_utility,macro_f1,0.8103377952463939
D92,,,RF,base_utility,accuracy,0.8484848484848485
D92,,,RF,base_utility,macro_f1,0.8482842325940638
D920,,,LR,base_utility,accuracy,0.7212121212121212
D920,,,LR,base_utility,macro_f1,0.7212018806935057
D920,,,DT,base_utility,accuracy,0.7303030303030303
D920,,,DT,base_utility,macro_f1,0.730300553724093
D920,,,RF,base_utility,accuracy,0.8272727272727273
D920,,,RF,base_utility,macro_f1,0.8272330654420207
D921,,,LR,base_utility,accuracy,0.7606060606060606
D921,,,LR,base_utility,macro_f1,0.760339771463242
D921,,,DT,base_utility,accuracy,0.8818181818181818
D921,,,DT,base_utility,macro_f1,0.8817910447761195
D921,,,RF,base_utility,accuracy,0.8757575757575757
D921,,,RF,base_utility,macro_f1,0.8757564348616609
D922,,,LR,base_utility,accuracy,0.7787878787878788
D922,,,LR,base_utility,macro_f1,0.7787695952833567
D922,,,DT,base_utility,accuracy,0.8242424242424242
D922,,,DT,base_utility,macro_f1,0.8242165974798868
D922,,,RF,base_utility,accuracy,0.8878787878787879
D922,,,RF,base_utility,macro_f1,0.8878530424799081
D923,,,LR,base_utility,accuracy,0.7303030303030303
D923,,,LR,base_utility,macro_f1,0.7302411021814007
D923,,,DT,base_utility,accuracy,0.803030303030303
D923,,,DT,base_utility,macro_f1,0.8027241541050851
D923,,,RF,base_utility,accuracy,0.8272727272727273
D923,,,RF,base_utility,macro_f1,0.8272711411491382
D924,,,LR,base_utility,accuracy,0.706060606060606
D924,,,LR,base_utility,macro_f1,0.7059931113662457
D924,,,DT,base_utility,accuracy,0.7121212121212122
D924,,,DT,base_utility,macro_f1,0.7120551090700344
D924,,,RF,base_utility,accuracy,0.7878787878787878
D924,,,RF,base_utility,macro_f1,0.7878086419753086
D925,,,LR,base_utility,accuracy,0.6424242424242425
D925,,,LR,base_utility,macro_f1,0.6424111078460182
D925,,,DT,base_utility,accuracy,0.693939393939394
D925,,,DT,base_utility,macro_f1,0.6937115761034378
D925,,,RF,base_utility,accuracy,0.7666666666666667
D925,,,RF,base_utility,macro_f1,0.7653197875779265
D926,,,LR,base_utility,accuracy,0.6454545454545455
D926,,,LR,base_utility,macro_f1,0.6452949444653702
D926,,,DT,base_utility,accuracy,0.6909090909090909
D926,,,DT,base_utility,macro_f1,0.6908636714301459
D926,,,RF,base_utility,accuracy,0.7606060606060606
D926,,,RF,base_utility,macro_f1,0.7604982958355917
D927,,,LR,base_utility,accuracy,0.5606060606060606
D927,,,LR,base_utility,macro_f1,0.5605697440559826
D927,,,DT,base_utility,accuracy,0.6484848484848484
D927,,,DT,base_utility,macro_f1,0.6484719365265942
D927,,,RF,base_utility,accuracy,0.6878787878787879
D927,,,RF,base_utility,macro_f1,0.6870482731951644
D928,,,LR,base_utility,accuracy,0.5757575757575758
D928,,,LR,base_utility,macro_f1,0.5751958512633786
D928,,,DT,base_utility,accuracy,0.5606060606060606
D928,,,DT,base_utility,macro_f1,0.5599231130036513
D928,,,RF,base_utility,accuracy,0.6848484848484848
D928,,,RF,base_utility,macro_f1,0.6844312037956526
D929,,,LR,base_utility,accuracy,0.9484848484848485
D929,,,LR,base_utility,macro_f1,0.9483477732458039
D929,,,DT,base_utility,accuracy,0.9939393939393939
D929,,,DT,base_utility,macro_f1,0.9939385033613755
D929,,,RF,base_utility,accuracy,0.9939393939393939
D929,,,RF,base_utility,macro_f1,0.9939385033613755
D93,,,LR,base_utility,accuracy,0.8666666666666667
D93,,,LR,base_utility,macro_f1,0.86642625846335
D93,,,DT,base_utility,accuracy,0.9090909090909091
D93,,,DT,base_utility,macro_f1,0.9090909090909091
D93,,,RF,base_utility,accuracy,0.9515151515151515
D93,,,RF,base_utility,macro_f1,0.9514705882352941
D930,,,LR,base_utility,accuracy,0.9484848484848485
D930,,,LR,base_utility,macro_f1,0.9484843754304447
D930,,,DT,base_utility,accuracy,0.9848484848484849
D930,,,DT,base_utility,macro_f1,0.9848316311052685
D930,,,RF,base_utility,accuracy,0.9818181818181818
D930,,,RF,base_utility,macro_f1,0.9818014705882352
D931,,,LR,base_utility,accuracy,0.9181818181818182
D931,,,LR,base_utility,macro_f1,0.9179641104492178
D931,,,DT,base_utility,accuracy,0.9393939393939394
D931,,,DT,base_utility,macro_f1,0.9393382352941176
D931,,,RF,base_utility,accuracy,0.9545454545454546
D931,,,RF,base_utility,macro_f1,0.9545116202133819
D932,,,LR,base_utility,accuracy,0.8545454545454545
D932,,,LR,base_utility,macro_f1,0.8529848529848529
D932,,,DT,base_utility,accuracy,0.7606060606060606
D932,,,DT,base_utility,macro_f1,0.7602339719123341
D932,,,RF,base_utility,accuracy,0.8878787878787879
D932,,,RF,base_utility,macro_f1,0.8875804476526319
D933,,,LR,base_utility,accuracy,0.9363636363636364
D933,,,LR,base_utility,macro_f1,0.9363490241102181
D933,,,DT,base_utility,accuracy,0.9272727272727272
D933,,,DT,base_utility,macro_f1,0.9272620403365048
D933,,,RF,base_utility,accuracy,0.9545454545454546
D933,,,RF,base_utility,macro_f1,0.9545249928801757
D934,,,LR,base_utility,accuracy,0.9363636363636364
D934,,,LR,base_utility,macro_f1,0.9363162682987346
D934,,,DT,base_utility,accuracy,0.9090909090909091
D934,,,DT,base_utility,macro_f1,0.9088196286472149
D934,,,RF,base_utility,accuracy,0.9424242424242424
D934,,,RF,base_utility,macro_f1,0.9424110218140069
D935,,,LR,base_utility,accuracy,0.8787878787878788
D935,,,LR,base_utility,macro_f1,0.8787700672275083
D935,,,DT,base_utility,accuracy,0.8545454545454545
D935,,,DT,base_utility,macro_f1,0.8542027171311808
D935,,,RF,base_utility,accuracy,0.9151515151515152
D935,,,RF,base_utility,macro_f1,0.9151390470592558
D936,,,LR,base_utility,accuracy,0.9
D936,,,LR,base_utility,macro_f1,0.8999770378874856
D936,,,DT,base_utility,accuracy,0.7212121212121212
D936,,,DT,base_utility,macro_f1,0.7209558823529412
D936,,,RF,base_utility,accuracy,0.8909090909090909
D936,,,RF,base_utility,macro_f1,0.890844941012165
D937,,,LR,base_utility,accuracy,0.9303030303030303
D937,,,LR,base_utility,macro_f1,0.9302511509938522
D937,,,DT,base_utility,accuracy,0.9454545454545454
D937,,,DT,base_utility,macro_f1,0.9454525418748163
D937,,,RF,base_utility,accuracy,0.9666666666666667
D937,,,RF,base_utility,macro_f1,0.96666391161804
D938,,,LR,base_utility,accuracy,0.9363636363636364
D938,,,LR,base_utility,macro_f1,0.9361943081271695
D938,,,DT,base_utility,accuracy,0.9363636363636364
D938,,,DT,base_utility,macro_f1,0.9363162682987346
D938,,,RF,base_utility,accuracy,0.9636363636363636
D938,,,RF,base_utility,macro_f1,0.9635707977627319
D939,,,LR,base_utility,accuracy,0.9
D939,,,LR,base_utility,macro_f1,0.8997339127712662
D939,,,DT,base_utility,accuracy,0.8212121212121212
D939,,,DT,base_utility,macro_f1,0.8194061830425468
D939,,,RF,base_utility,accuracy,0.9333333333333333
D939,,,RF,base_utility,macro_f1,0.9330875576036867
D94,,,LR,base_utility,accuracy,0.8
D94,,,LR,base_utility,macro_f1,0.7998823918556359
D94,,,DT,base_utility,accuracy,0.9030303030303031
D94,,,DT,base_utility,macro_f1,0.9030267411107846
D94,,,RF,base_utility,accuracy,0.9575757575757575
D94,,,RF,base_utility,macro_f1,0.9574757924965944
D940,,,LR,base_utility,accuracy,0.8393939393939394
D940,,,LR,base_utility,macro_f1,0.839321641509954
D940,,,DT,base_utility,accuracy,0.7424242424242424
D940,,,DT,base_utility,macro_f1,0.7424218771522236
D940,,,RF,base_utility,accuracy,0.8636363636363636
D940,,,RF,base_utility,macro_f1,0.8636351114335301
D941,,,LR,base_utility,accuracy,0.7333333333333333
D941,,,LR,base_utility,macro_f1,0.733294147900518
D941,,,DT,base_utility,accuracy,0.8242424242424242
D941,,,DT,base_utility,macro_f1,0.8242359682632971
D941,,,RF,base_utility,accuracy,0.8636363636363636
D941,,,RF,base_utility,macro_f1,0.8635749786405269
D942,,,LR,base_utility,accuracy,0.6818181818181818
D942,,,LR,base_utility,macro_f1,0.6818152600115703
D942,,,DT,base_utility,accuracy,0.8151515151515152
D942,,,DT,base_utility,macro_f1,0.8147688060731539
D942,,,RF,base_utility,accuracy,0.8909090909090909
D942,,,RF,base_utility,macro_f1,0.890844941012165
D943,,,LR,base_utility,accuracy,0.6848484848484848
D943,,,LR,base_utility,macro_f1,0.6841058871175583
D943,,,DT,base_utility,accuracy,0.7575757575757576
D943,,,DT,base_utility,macro_f1,0.7575668527769615
D943,,,RF,base_utility,accuracy,0.8272727272727273
D943,,,RF,base_utility,macro_f1,0.8271949729446675
D944,,,LR,base_utility,accuracy,0.6636363636363637
D944,,,LR,base_utility,macro_f1,0.6606416587146444
D944,,,DT,base_utility,accuracy,0.696969696969697
D944,,,DT,base_utility,macro_f1,0.6969585659712019
D944,,,RF,base_utility,accuracy,0.8121212121212121
D944,,,RF,base_utility,macro_f1,0.8119485294117648
D945,,,LR,base_utility,accuracy,0.9666666666666667
D945,,,LR,base_utility,macro_f1,0.9665311315796752
D945,,,DT,base_utility,accuracy,0.9878787878787879
D945,,,DT,base_utility,macro_f1,0.9878627386075252
D945,,,RF,base_utility,accuracy,0.9939393939393939
D945,,,RF,base_utility,macro_f1,0.9939284662937886
D946,,,LR,base_utility,accuracy,0.9636363636363636
D946,,,LR,base_utility,macro_f1,0.9636363636363636
D946,,,DT,base_utility,accuracy,0.9818181818181818
D946,,,DT,base_utility,macro_f1,0.9818155100841262
D946,,,RF,base_utility,accuracy,0.9757575757575757
D946,,,RF,base_utility,macro_f1,0.9757540134455016
D947,,,LR,base_utility,accuracy,0.9
D947,,,LR,base_utility,macro_f1,0.8998445705456586
D947,,,DT,base_utility,accuracy,0.8727272727272727
D947,,,DT,base_utility,macro_f1,0.8727225977079047
D947,,,RF,base_utility,accuracy,0.9242424242424242
D947,,,RF,base_utility,macro_f1,0.9242417285741834
D948,,,LR,base_utility,accuracy,0.8575757575757575
D948,,,LR,base_utility,macro_f1,0.8557625242953195
D948,,,DT,base_utility,accuracy,0.7848484848484848
D948,,,DT,base_utility,macro_f1,0.7837982486089452
D948,,,RF,base_utility,accuracy,0.896969696969697
D948,,,RF,base_utility,macro_f1,0.8965898617511521
D949,,,LR,base_utility,accuracy,0.9212121212121213
D949,,,LR,base_utility,macro_f1,0.9211860670194003
D949,,,DT,base_utility,accuracy,0.9363636363636364
D949,,,DT,base_utility,macro_f1,0.9363583767253492
D949,,,RF,base_utility,accuracy,0.9484848484848485
D949,,,RF,base_utility,macro_f1,0.9484805906824256
D95,,,LR,base_utility,accuracy,0.793939393939394
D95,,,LR,base_utility,macro_f1,0.7939318248604172
D95,,,DT,base_utility,accuracy,0.8666666666666667
D95,,,DT,base_utility,macro_f1,0.8666617690273288
D95,,,RF,base_utility,accuracy,0.9151515151515152
D95,,,RF,base_utility,macro_f1,0.9151234567901234
D950,,,LR,base_utility,accuracy,0.9484848484848485
D950,,,LR,base_utility,macro_f1,0.9484730195177957
D950,,,DT,base_utility,accuracy,0.9303030303030303
D950,,,DT,base_utility,macro_f1,0.930297269746811
D950,,,RF,base_utility,accuracy,0.9484848484848485
D950,,,RF,base_utility,macro_f1,0.9484730195177957
D951,,,LR,base_utility,accuracy,0.9
D951,,,LR,base_utility,macro_f1,0.8999990817179222
D951,,,DT,base_utility,accuracy,0.8454545454545455
D951,,,DT,base_utility,macro_f1,0.845419058553387
D951,,,RF,base_utility,accuracy,0.9090909090909091
D951,,,RF,base_utility,macro_f1,0.9090608465608465
D952,,,LR,base_utility,accuracy,0.8363636363636363
D952,,,LR,base_utility,macro_f1,0.836339590757136
D952,,,DT,base_utility,accuracy,0.7636363636363637
D952,,,DT,base_utility,macro_f1,0.7623795280824195
D952,,,RF,base_utility,accuracy,0.8575757575757575
D952,,,RF,base_utility,macro_f1,0.8574173323895238
D953,,,LR,base_utility,accuracy,0.9242424242424242
D953,,,LR,base_utility,macro_f1,0.9241581555263424
D953,,,DT,base_utility,accuracy,0.906060606060606
D953,,,DT,base_utility,macro_f1,0.9060390355912744
D953,,,RF,base_utility,accuracy,0.9636363636363636
D953,,,RF,base_utility,macro_f1,0.9636029411764706
D954,,,LR,base_utility,accuracy,0.9151515151515152
D954,,,LR,base_utility,macro_f1,0.9151515151515152
D954,,,DT,base_utility,accuracy,0.9090909090909091
D954,,,DT,base_utility,macro_f1,0.9090775504206311
D954,,,RF,base_utility,accuracy,0.9545454545454546
D954,,,RF,base_utility,macro_f1,0.9545416976609638
D955,,,LR,base_utility,accuracy,0.8787878787878788
D955,,,LR,base_utility,macro_f1,0.8787166011246279
D955,,,DT,base_utility,accuracy,0.8424242424242424
D955,,,DT,base_utility,macro_f1,0.8424242424242424
D955,,,RF,base_utility,accuracy,0.896969696969697
D955,,,RF,base_utility,macro_f1,0.8969356261022927
D956,,,LR,base_utility,accuracy,0.8181818181818182
D956,,,LR,base_utility,macro_f1,0.8181551008412622
D956,,,DT,base_utility,accuracy,0.7878787878787878
D956,,,DT,base_utility,macro_f1,0.7876838235294117
D956,,,RF,base_utility,accuracy,0.8333333333333334
D956,,,RF,base_utility,macro_f1,0.8332583072273108
D957,,,LR,base_utility,accuracy,0.7242424242424242
D957,,,LR,base_utility,macro_f1,0.7242196324765132
D957,,,DT,base_utility,accuracy,0.8454545454545455
D957,,,DT,base_utility,macro_f1,0.8454417720472767
D957,,,RF,base_utility,accuracy,0.8606060606060606
D957,,,RF,base_utility,macro_f1,0.8600921658986175
D958,,,LR,base_utility,accuracy,0.7090909090909091
D958,,,LR,base_utility,macro_f1,0.7089947089947091
D958,,,DT,base_utility,accuracy,0.8363636363636363
D958,,,DT,base_utility,macro_f1,0.836339590757136
D958,,,RF,base_utility,accuracy,0.8484848484848485
D958,,,RF,base_utility,macro_f1,0.8482116573447159
D959,,,LR,base_utility,accuracy,0.6545454545454545
D959,,,LR,base_utility,macro_f1,0.6543423132051895
D959,,,DT,base_utility,accuracy,0.7666666666666667
D959,,,DT,base_utility,macro_f1,0.7664071190211346
D959,,,RF,base_utility,accuracy,0.7757575757575758
D959,,,RF,base_utility,macro_f1,0.7747564935064934
D96,,,LR,base_utility,accuracy,0.7757575757575758
D96,,,LR,base_utility,macro_f1,0.774565193308962
D96,,,DT,base_utility,accuracy,0.7757575757575758
D96,,,DT,base_utility,macro_f1,0.7736289814231154
D96,,,RF,base_utility,accuracy,0.8484848484848485
D96,,,RF,base_utility,macro_f1,0.8470466090696727
D960,,,LR,base_utility,accuracy,0.6878787878787879
D960,,,LR,base_utility,macro_f1,0.6878759217256357
D960,,,DT,base_utility,accuracy,0.703030303030303
D960,,,DT,base_utility,macro_f1,0.7029320987654322
D960,,,RF,base_utility,accuracy,0.796969696969697
D960,,,RF,base_utility,macro_f1,0.796429459262874
D961,,,LR,base_utility,accuracy,1.0
D961,,,LR,base_utility,macro_f1,1.0
D961,,,DT,base_utility,accuracy,1.0
D961,,,DT,base_utility,macro_f1,1.0
D961,,,RF,base_utility,accuracy,1.0
D961,,,RF,base_utility,macro_f1,1.0
D962,,,LR,base_utility,accuracy,0.9848484848484849
D962,,,LR,base_utility,macro_f1,0.9848316311052685
D962,,,DT,base_utility,accuracy,0.9878787878787879
D962,,,DT,base_utility,macro_f1,0.9878627386075252
D962,,,RF,base_utility,accuracy,0.9878787878787879
D962,,,RF,base_utility,macro_f1,0.9878627386075252
D963,,,LR,base_utility,accuracy,0.9484848484848485
D963,,,LR,base_utility,macro_f1,0.9484465029084994
D963,,,DT,base_utility,accuracy,0.906060606060606
D963,,,DT,base_utility,macro_f1,0.9057481642543233
D963,,,RF,base_utility,accuracy,0.9575757575757575
D963,,,RF,base_utility,macro_f1,0.9575617283950617
D964,,,LR,base_utility,accuracy,0.8939393939393939
D964,,,LR,base_utility,macro_f1,0.8936571802119491
D964,,,DT,base_utility,accuracy,0.7787878787878788
D964,,,DT,base_utility,macro_f1,0.7783298826777088
D964,,,RF,base_utility,accuracy,0.8939393939393939
D964,,,RF,base_utility,macro_f1,0.8936571802119491
D965,,,LR,base_utility,accuracy,1.0
D965,,,LR,base_utility,macro_f1,1.0
D965,,,DT,base_utility,accuracy,1.0
D965,,,DT,base_utility,macro_f1,1.0
D965,,,RF,base_utility,accuracy,1.0
D965,,,RF,base_utility,macro_f1,1.0
D966,,,LR,base_utility,accuracy,0.996969696969697
D966,,,LR,base_utility,macro_f1,0.996964986986232
D966,,,DT,base_utility,accuracy,0.9848484848484849
D966,,,DT,base_utility,macro_f1,0.9848171152518979
D966,,,RF,base_utility,accuracy,0.9939393939393939
D966,,,RF,base_utility,macro_f1,0.9939313693037626
D967,,,LR,base_utility,accuracy,0.9333333333333333
D967,,,LR,base_utility,macro_f1,0.9333308845136644
D967,,,DT,base_utility,accuracy,0.8696969696969697
D967,,,DT,base_utility,macro_f1,0.8696383129231702
D967,,,RF,base_utility,accuracy,0.9363636363636364
D967,,,RF,base_utility,macro_f1,0.9363490241102181
D968,,,LR,base_utility,accuracy,0.9242424242424242
D968,,,LR,base_utility,macro_f1,0.924124674655802
D968,,,DT,base_utility,accuracy,0.7848484848484848
D968,,,DT,base_utility,macro_f1,0.7848465091506809
D968,,,RF,base_utility,accuracy,0.9181818181818182
D968,,,RF,base_utility,macro_f1,0.9180546486282661
D969,,,LR,base_utility,accuracy,0.990909090909091
D969,,,LR,base_utility,macro_f1,0.990909007428902
D969,,,DT,base_utility,accuracy,0.996969696969697
D969,,,DT,base_utility,macro_f1,0.9969694465107308
D969,,,RF,base_utility,accuracy,0.996969696969697
D969,,,RF,base_utility,macro_f1,0.9969694465107308
D97,,,LR,base_utility,accuracy,1.0
D97,,,LR,base_utility,macro_f1,1.0
D97,,,DT,base_utility,accuracy,1.0
D97,,,DT,base_utility,macro_f1,1.0
D97,,,RF,base_utility,accuracy,1.0
D97,,,RF,base_utility,macro_f1,1.0
D970,,,LR,base_utility,accuracy,0.9939393939393939
D970,,,LR,base_utility,macro_f1,0.993921308576481
D970,,,DT,base_utility,accuracy,0.9787878787878788
D970,,,DT,base_utility,macro_f1,0.978701629187066
D970,,,RF,base_utility,accuracy,0.9939393939393939
D970,,,RF,base_utility,macro_f1,0.993921308576481
D971,,,LR,base_utility,accuracy,0.9515151515151515
D971,,,LR,base_utility,macro_f1,0.9512987012987013
D971,,,DT,base_utility,accuracy,0.9
D971,,,DT,base_utility,macro_f1,0.8997929606625259
D971,,,RF,base_utility,accuracy,0.9575757575757575
D971,,,RF,base_utility,macro_f1,0.9573501717071009
D972,,,LR,base_utility,accuracy,0.8848484848484849
D972,,,LR,base_utility,macro_f1,0.8848315638661328
D972,,,DT,base_utility,accuracy,0.7515151515151515
D972,,,DT,base_utility,macro_f1,0.7513690323054871
D972,,,RF,base_utility,accuracy,0.8787878787878788
D972,,,RF,base_utility,macro_f1,0.8787834263884807
D973,,,LR,base_utility,accuracy,0.8515151515151516
D973,,,LR,base_utility,macro_f1,0.8515137880053996
D973,,,DT,base_utility,accuracy,0.9393939393939394
D973,,,DT,base_utility,macro_f1,0.9393939393939394
D973,,,RF,base_utility,accuracy,0.9575757575757575
D973,,,RF,base_utility,macro_f1,0.9575741992359683
D974,,,LR,base_utility,accuracy,0.8212121212121212
D974,,,LR,base_utility,macro_f1,0.8211710677382319
D974,,,DT,base_utility,accuracy,0.9090909090909091
D974,,,DT,base_utility,macro_f1,0.9090875697913605
D974,,,RF,base_utility,accuracy,0.9666666666666667
D974,,,RF,base_utility,macro_f1,0.9666590126291619
D975,,,LR,base_utility,accuracy,0.806060606060606
D975,,,LR,base_utility,macro_f1,0.8058038177204017
D975,,,DT,base_utility,accuracy,0.7848484848484848
D975,,,DT,base_utility,macro_f1,0.7847516329661648
D975,,,RF,base_utility,accuracy,0.9
D975,,,RF,base_utility,macro_f1,0.8999917348541202
D976,,,LR,base_utility,accuracy,0.7666666666666667
D976,,,LR,base_utility,macro_f1,0.7648506834229449
D976,,,DT,base_utility,accuracy,0.7727272727272727
D976,,,DT,base_utility,macro_f1,0.7723740239674057
D976,,,RF,base_utility,accuracy,0.8787878787878788
D976,,,RF,base_utility,macro_f1,0.8787166011246279
D977,,,LR,base_utility,accuracy,0.996969696969697
D977,,,LR,base_utility,macro_f1,0.9969634230503797
D977,,,DT,base_utility,accuracy,1.0
D977,,,DT,base_utility,macro_f1,1.0
D977,,,RF,base_utility,accuracy,1.0
D977,,,RF,base_utility,macro_f1,1.0
D978,,,LR,base_utility,accuracy,0.990909090909091
D978,,,LR,base_utility,macro_f1,0.990909007428902
D978,,,DT,base_utility,accuracy,0.990909090909091
D978,,,DT,base_utility,macro_f1,0.9909083395321927
D978,,,RF,base_utility,accuracy,0.9939393939393939
D978,,,RF,base_utility,macro_f1,0.9939391713194241
D979,,,LR,base_utility,accuracy,0.9303030303030303
D979,,,LR,base_utility,macro_f1,0.930297269746811
D979,,,DT,base_utility,accuracy,0.8939393939393939
D979,,,DT,base_utility,macro_f1,0.8939384200038567
D979,,,RF,base_utility,accuracy,0.9333333333333333
D979,,,RF,base_utility,macro_f1,0.9333333333333333
D98,,,LR,base_utility,accuracy,0.9818181818181818
D98,,,LR,base_utility,macro_f1,0.9816455930883607
D98,,,DT,base_utility,accuracy,0.9818181818181818
D98,,,DT,base_utility,macro_f1,0.9816455930883607
D98,,,RF,base_utility,accuracy,0.9818181818181818
D98,,,RF,base_utility,macro_f1,0.9816455930883607
D980,,,LR,base_utility,accuracy,0.8939393939393939
D980,,,LR,base_utility,macro_f1,0.8935081459353305
D980,,,DT,base_utility,accuracy,0.793939393939394
D980,,,DT,base_utility,macro_f1,0.7931797235023041
D980,,,RF,base_utility,accuracy,0.9030303030303031
D980,,,RF,base_utility,macro_f1,0.9027409372236959
D981,,,LR,base_utility,accuracy,1.0
D981,,,LR,base_utility,macro_f1,1.0
D981,,,DT,base_utility,accuracy,0.9878787878787879
D981,,,DT,base_utility,macro_f1,0.9878787878787879
D981,,,RF,base_utility,accuracy,1.0
D981,,,RF,base_utility,macro_f1,1.0
D982,,,LR,base_utility,accuracy,0.9939393939393939
D982,,,LR,base_utility,macro_f1,0.9939385033613755
D982,,,DT,base_utility,accuracy,0.9787878787878788
D982,,,DT,base_utility,macro_f1,0.9787783300107487
D982,,,RF,base_utility,accuracy,0.9939393939393939
D982,,,RF,base_utility,macro_f1,0.9939385033613755
D983,,,LR,base_utility,accuracy,0.9454545454545454
D983,,,LR,base_utility,macro_f1,0.9454365079365079
D983,,,DT,base_utility,accuracy,0.8848484848484849
D983,,,DT,base_utility,macro_f1,0.8848442550690567
D983,,,RF,base_utility,accuracy,0.9484848484848485
D983,,,RF,base_utility,macro_f1,0.9484730195177957
D984,,,LR,base_utility,accuracy,0.896969696969697
D984,,,LR,base_utility,macro_f1,0.8969091109559337
D984,,,DT,base_utility,accuracy,0.8333333333333334
D984,,,DT,base_utility,macro_f1,0.8330742842427643
D984,,,RF,base_utility,accuracy,0.896969696969697
D984,,,RF,base_utility,macro_f1,0.8968750000000001
D985,,,LR,base_utility,accuracy,1.0
D985,,,LR,base_utility,macro_f1,1.0
D985,,,DT,base_utility,accuracy,1.0
D985,,,DT,base_utility,macro_f1,1.0
D985,,,RF,base_utility,accuracy,1.0
D985,,,RF,base_utility,macro_f1,1.0
D986,,,LR,base_utility,accuracy,0.9848484848484849
D986,,,LR,base_utility,macro_f1,0.9848483457148367
D986,,,DT,base_utility,accuracy,0.9848484848484849
D986,,,DT,base_utility,macro_f1,0.9848483457148367
D986,,,RF,base_utility,accuracy,0.9848484848484849
D986,,,RF,base_utility,macro_f1,0.9848483457148367
D987,,,LR,base_utility,accuracy,0.9363636363636364
D987,,,LR,base_utility,macro_f1,0.9363162682987346
D987,,,DT,base_utility,accuracy,0.8848484848484849
D987,,,DT,base_utility,macro_f1,0.8848315638661328
D987,,,RF,base_utility,accuracy,0.9484848484848485
D987,,,RF,base_utility,macro_f1,0.9484730195177957
D988,,,LR,base_utility,accuracy,0.8727272727272727
D988,,,LR,base_utility,macro_f1,0.872610294117647
D988,,,DT,base_utility,accuracy,0.7484848484848485
D988,,,DT,base_utility,macro_f1,0.7484640603906658
D988,,,RF,base_utility,accuracy,0.8666666666666667
D988,,,RF,base_utility,macro_f1,0.8665882612370907
D989,,,LR,base_utility,accuracy,0.8515151515151516
D989,,,LR,base_utility,macro_f1,0.8515137880053996
D989,,,DT,base_utility,accuracy,0.9363636363636364
D989,,,DT,base_utility,macro_f1,0.9363630520023141
D989,,,RF,base_utility,accuracy,0.9606060606060606
D989,,,RF,base_utility,macro_f1,0.9606056988585754
D99,,,LR,base_utility,accuracy,0.9333333333333333
D99,,,LR,base_utility,macro_f1,0.9333333333333333
D99,,,DT,base_utility,accuracy,0.8606060606060606
D99,,,DT,base_utility,macro_f1,0.8605240912933221
D99,,,RF,base_utility,accuracy,0.9272727272727272
D99,,,RF,base_utility,macro_f1,0.9272700558330884
D990,,,LR,base_utility,accuracy,0.8181818181818182
D990,,,LR,base_utility,macro_f1,0.818121693121693
D990,,,DT,base_utility,accuracy,0.9272727272727272
D990,,,DT,base_utility,macro_f1,0.9272058823529412
D990,,,RF,base_utility,accuracy,0.9606060606060606
D990,,,RF,base_utility,macro_f1,0.9605883271628188
D991,,,LR,base_utility,accuracy,0.7848484848484848
D991,,,LR,base_utility,macro_f1,0.784830702261895
D991,,,DT,base_utility,accuracy,0.8727272727272727
D991,,,DT,base_utility,macro_f1,0.8727085705888835
D991,,,RF,base_utility,accuracy,0.8787878787878788
D991,,,RF,base_utility,macro_f1,0.878747795414462
D992,,,LR,base_utility,accuracy,0.7787878787878788
D992,,,LR,base_utility,macro_f1,0.7787695952833567
D992,,,DT,base_utility,accuracy,0.7848484848484848
D992,,,DT,base_utility,macro_f1,0.7847516329661648
D992,,,RF,base_utility,accuracy,0.8424242424242424
D992,,,RF,base_utility,macro_f1,0.8423315814620163
D993,,,LR,base_utility,accuracy,1.0
D993,,,LR,base_utility,macro_f1,1.0
D993,,,DT,base_utility,accuracy,1.0
D993,,,DT,base_utility,macro_f1,1.0
D993,,,RF,base_utility,accuracy,1.0
D993,,,RF,base_utility,macro_f1,1.0
D994,,,LR,base_utility,accuracy,0.990909090909091
D994,,,LR,base_utility,macro_f1,0.9908949609586962
D994,,,DT,base_utility,accuracy,0.9878787878787879
D994,,,DT,base_utility,macro_f1,0.9878627386075252
D994,,,RF,base_utility,accuracy,0.990909090909091
D994,,,RF,base_utility,macro_f1,0.9908949609586962
D995,,,LR,base_utility,accuracy,0.9575757575757575
D995,,,LR,base_utility,macro_f1,0.9575617283950617
D995,,,DT,base_utility,accuracy,0.906060606060606
D995,,,DT,base_utility,macro_f1,0.9057481642543233
D995,,,RF,base_utility,accuracy,0.9575757575757575
D995,,,RF,base_utility,macro_f1,0.9575617283950617
D996,,,LR,base_utility,accuracy,0.8939393939393939
D996,,,LR,base_utility,macro_f1,0.8936571802119491
D996,,,DT,base_utility,accuracy,0.7787878787878788
D996,,,DT,base_utility,macro_f1,0.7783298826777088
D996,,,RF,base_utility,accuracy,0.8939393939393939
D996,,,RF,base_utility,macro_f1,0.8936571802119491
D997,,,LR,base_utility,accuracy,1.0
D997,,,LR,base_utility,macro_f1,1.0
D997,,,DT,base_utility,accuracy,1.0
D997,,,DT,base_utility,macro_f1,1.0
D997,,,RF,base_utility,accuracy,1.0
D997,,,RF,base_utility,macro_f1,1.0
D998,,,LR,base_utility,accuracy,0.996969696969697
D998,,,LR,base_utility,macro_f1,0.996964986986232
D998,,,DT,base_utility,accuracy,0.9848484848484849
D998,,,DT,base_utility,macro_f1,0.984808168601707
D998,,,RF,base_utility,accuracy,0.996969696969697
D998,,,RF,base_utility,macro_f1,0.996964986986232
D999,,,LR,base_utility,accuracy,0.9454545454545454
D999,,,LR,base_utility,macro_f1,0.9454525418748163
D999,,,DT,base_utility,accuracy,0.8727272727272727
D999,,,DT,base_utility,macro_f1,0.8726851851851851
D999,,,RF,base_utility,accuracy,0.9454545454545454
D999,,,RF,base_utility,macro_f1,0.9454525418748163
