Dataset,Synthesizer,Repetition,Output_IR,Train_IR,Test_IR,Diff
D1,TVAE,R1,0.7091836734693877,0.9476744186046512,0.896551724137931,-0.05112269446672013
D1,TVAE,R2,0.8010752688172043,0.9476744186046512,0.896551724137931,-0.05112269446672013
D1,TVAE,R3,0.8206521739130435,0.9476744186046512,0.896551724137931,-0.05112269446672013
D1,CART,R1,0.9252873563218391,0.9476744186046512,0.896551724137931,-0.05112269446672013
D1,CART,R2,0.9364161849710982,0.9476744186046512,0.896551724137931,-0.05112269446672013
D1,CART,R3,0.9252873563218391,0.9476744186046512,0.896551724137931,-0.05112269446672013
D10,TVAE,R1,0.850828729281768,0.9822485207100592,0.9879518072289156,0.005703286518856432
D10,TVAE,R2,0.8010752688172043,0.9822485207100592,0.9879518072289156,0.005703286518856432
D10,TVAE,R3,0.9705882352941176,0.9822485207100592,0.9879518072289156,0.005703286518856432
D10,CART,R1,0.9705882352941176,0.9822485207100592,0.9879518072289156,0.005703286518856432
D10,CART,R2,0.9252873563218391,0.9822485207100592,0.9879518072289156,0.005703286518856432
D10,CART,R3,0.9705882352941176,0.9822485207100592,0.9879518072289156,0.005703286518856432
D100,TVAE,R1,0.8108108108108109,0.8611111111111112,0.9186046511627907,0.057493540051679504
D100,TVAE,R2,0.9590643274853801,0.8611111111111112,0.9186046511627907,0.057493540051679504
D100,TVAE,R3,0.6666666666666666,0.8611111111111112,0.9186046511627907,0.057493540051679504
D100,CART,R1,0.8010752688172043,0.8611111111111112,0.9186046511627907,0.057493540051679504
D100,CART,R2,0.8406593406593407,0.8611111111111112,0.9186046511627907,0.057493540051679504
D100,CART,R3,0.9142857142857143,0.8611111111111112,0.9186046511627907,0.057493540051679504
D1000,TVAE,R1,0.850828729281768,0.9252873563218391,0.9526627218934911,0.02737536557165199
D1000,TVAE,R2,0.9590643274853801,0.9252873563218391,0.9526627218934911,0.02737536557165199
D1000,TVAE,R3,0.976401179941003,0.9252873563218391,0.9526627218934911,0.02737536557165199
D1000,CART,R1,0.930835734870317,0.9252873563218391,0.9526627218934911,0.02737536557165199
D1000,CART,R2,0.9197707736389685,0.9252873563218391,0.9526627218934911,0.02737536557165199
D1000,CART,R3,0.9142857142857143,0.9252873563218391,0.9526627218934911,0.02737536557165199
D1001,TVAE,R1,0.9590643274853801,0.9881305637982196,0.9760479041916168,-0.012082659606602819
D1001,TVAE,R2,0.9088319088319088,0.9881305637982196,0.9760479041916168,-0.012082659606602819
D1001,TVAE,R3,0.9088319088319088,0.9881305637982196,0.9760479041916168,-0.012082659606602819
D1001,CART,R1,0.930835734870317,0.9881305637982196,0.9760479041916168,-0.012082659606602819
D1001,CART,R2,0.930835734870317,0.9881305637982196,0.9760479041916168,-0.012082659606602819
D1001,CART,R3,0.930835734870317,0.9881305637982196,0.9760479041916168,-0.012082659606602819
D1002,TVAE,R1,0.8559556786703602,0.976401179941003,0.9075144508670521,-0.06888672907395088
D1002,TVAE,R2,0.8157181571815718,0.976401179941003,0.9075144508670521,-0.06888672907395088
D1002,TVAE,R3,0.976401179941003,0.976401179941003,0.9075144508670521,-0.06888672907395088
D1002,CART,R1,0.9252873563218391,0.976401179941003,0.9075144508670521,-0.06888672907395088
D1002,CART,R2,0.9364161849710982,0.976401179941003,0.9075144508670521,-0.06888672907395088
D1002,CART,R3,0.930835734870317,0.976401179941003,0.9075144508670521,-0.06888672907395088
D1003,TVAE,R1,0.9705882352941176,0.9252873563218391,0.864406779661017,-0.06088057666082214
D1003,TVAE,R2,0.8206521739130435,0.9252873563218391,0.864406779661017,-0.06088057666082214
D1003,TVAE,R3,0.8820224719101124,0.9252873563218391,0.864406779661017,-0.06088057666082214
D1003,CART,R1,0.8356164383561644,0.9252873563218391,0.864406779661017,-0.06088057666082214
D1003,CART,R2,0.8926553672316384,0.9252873563218391,0.864406779661017,-0.06088057666082214
D1003,CART,R3,0.8559556786703602,0.9252873563218391,0.864406779661017,-0.06088057666082214
D1004,TVAE,R1,0.9197707736389685,0.9940476190476191,0.9526627218934911,-0.041384897154127964
D1004,TVAE,R2,0.9940476190476191,0.9940476190476191,0.9526627218934911,-0.041384897154127964
D1004,TVAE,R3,0.8356164383561644,0.9940476190476191,0.9526627218934911,-0.041384897154127964
D1004,CART,R1,0.9881305637982196,0.9940476190476191,0.9526627218934911,-0.041384897154127964
D1004,CART,R2,0.976401179941003,0.9940476190476191,0.9526627218934911,-0.041384897154127964
D1004,CART,R3,0.9881305637982196,0.9940476190476191,0.9526627218934911,-0.041384897154127964
D1005,TVAE,R1,0.9881305637982196,0.9822485207100592,0.9642857142857143,-0.01796280642434489
D1005,TVAE,R2,0.8611111111111112,0.9822485207100592,0.9642857142857143,-0.01796280642434489
D1005,TVAE,R3,0.9881305637982196,0.9822485207100592,0.9642857142857143,-0.01796280642434489
D1005,CART,R1,0.9034090909090909,0.9822485207100592,0.9642857142857143,-0.01796280642434489
D1005,CART,R2,0.9088319088319088,0.9822485207100592,0.9642857142857143,-0.01796280642434489
D1005,CART,R3,0.8662952646239555,0.9822485207100592,0.9642857142857143,-0.01796280642434489
D1006,TVAE,R1,0.8206521739130435,0.9940476190476191,1.0,0.005952380952380931
D1006,TVAE,R2,0.8206521739130435,0.9940476190476191,1.0,0.005952380952380931
D1006,TVAE,R3,0.7357512953367875,0.9940476190476191,1.0,0.005952380952380931
D1006,CART,R1,0.9476744186046512,0.9940476190476191,1.0,0.005952380952380931
D1006,CART,R2,0.9420289855072463,0.9940476190476191,1.0,0.005952380952380931
D1006,CART,R3,0.9476744186046512,0.9940476190476191,1.0,0.005952380952380931
D1007,TVAE,R1,0.9197707736389685,0.9648093841642229,0.9642857142857143,-0.0005236698785086036
D1007,TVAE,R2,0.9142857142857143,0.9648093841642229,0.9642857142857143,-0.0005236698785086036
D1007,TVAE,R3,0.9881305637982196,0.9648093841642229,0.9642857142857143,-0.0005236698785086036
D1007,CART,R1,0.9420289855072463,0.9648093841642229,0.9642857142857143,-0.0005236698785086036
D1007,CART,R2,0.9197707736389685,0.9648093841642229,0.9642857142857143,-0.0005236698785086036
D1007,CART,R3,1.0,0.9648093841642229,0.9642857142857143,-0.0005236698785086036
D1008,TVAE,R1,0.9364161849710982,0.9252873563218391,0.9526627218934911,0.02737536557165199
D1008,TVAE,R2,0.9881305637982196,0.9252873563218391,0.9526627218934911,0.02737536557165199
D1008,TVAE,R3,0.9088319088319088,0.9252873563218391,0.9526627218934911,0.02737536557165199
D1008,CART,R1,0.9420289855072463,0.9252873563218391,0.9526627218934911,0.02737536557165199
D1008,CART,R2,0.9940476190476191,0.9252873563218391,0.9526627218934911,0.02737536557165199
D1008,CART,R3,0.9590643274853801,0.9252873563218391,0.9526627218934911,0.02737536557165199
D1009,TVAE,R1,0.9364161849710982,0.9590643274853801,0.9186046511627907,-0.0404596763225894
D1009,TVAE,R2,0.9364161849710982,0.9590643274853801,0.9186046511627907,-0.0404596763225894
D1009,TVAE,R3,0.9088319088319088,0.9590643274853801,0.9186046511627907,-0.0404596763225894
D1009,CART,R1,0.9881305637982196,0.9590643274853801,0.9186046511627907,-0.0404596763225894
D1009,CART,R2,0.9881305637982196,0.9590643274853801,0.9186046511627907,-0.0404596763225894
D1009,CART,R3,0.9881305637982196,0.9590643274853801,0.9186046511627907,-0.0404596763225894
D101,TVAE,R1,0.8406593406593407,0.9476744186046512,0.896551724137931,-0.05112269446672013
D101,TVAE,R2,0.9590643274853801,0.9476744186046512,0.896551724137931,-0.05112269446672013
D101,TVAE,R3,0.8010752688172043,0.9476744186046512,0.896551724137931,-0.05112269446672013
D101,CART,R1,0.9142857142857143,0.9476744186046512,0.896551724137931,-0.05112269446672013
D101,CART,R2,0.9142857142857143,0.9476744186046512,0.896551724137931,-0.05112269446672013
D101,CART,R3,0.9142857142857143,0.9476744186046512,0.896551724137931,-0.05112269446672013
D1010,TVAE,R1,0.976401179941003,1.0,0.9879518072289156,-0.012048192771084376
D1010,TVAE,R2,0.9705882352941176,1.0,0.9879518072289156,-0.012048192771084376
D1010,TVAE,R3,0.9197707736389685,1.0,0.9879518072289156,-0.012048192771084376
D1010,CART,R1,0.9252873563218391,1.0,0.9879518072289156,-0.012048192771084376
D1010,CART,R2,0.9252873563218391,1.0,0.9879518072289156,-0.012048192771084376
D1010,CART,R3,0.9252873563218391,1.0,0.9879518072289156,-0.012048192771084376
D1011,TVAE,R1,0.9142857142857143,1.0,0.9411764705882353,-0.05882352941176472
D1011,TVAE,R2,0.9648093841642229,1.0,0.9411764705882353,-0.05882352941176472
D1011,TVAE,R3,0.8559556786703602,1.0,0.9411764705882353,-0.05882352941176472
D1011,CART,R1,0.9142857142857143,1.0,0.9411764705882353,-0.05882352941176472
D1011,CART,R2,0.9881305637982196,1.0,0.9411764705882353,-0.05882352941176472
D1011,CART,R3,0.9088319088319088,1.0,0.9411764705882353,-0.05882352941176472
D1012,TVAE,R1,0.9590643274853801,0.9822485207100592,0.9186046511627907,-0.06364386954726853
D1012,TVAE,R2,0.9648093841642229,0.9822485207100592,0.9186046511627907,-0.06364386954726853
D1012,TVAE,R3,0.9142857142857143,0.9822485207100592,0.9186046511627907,-0.06364386954726853
D1012,CART,R1,0.9533527696793003,0.9822485207100592,0.9186046511627907,-0.06364386954726853
D1012,CART,R2,0.9648093841642229,0.9822485207100592,0.9186046511627907,-0.06364386954726853
D1012,CART,R3,0.9881305637982196,0.9822485207100592,0.9186046511627907,-0.06364386954726853
D1013,TVAE,R1,0.9364161849710982,0.9940476190476191,0.9879518072289156,-0.006095811818703445
D1013,TVAE,R2,0.9197707736389685,0.9940476190476191,0.9879518072289156,-0.006095811818703445
D1013,TVAE,R3,0.930835734870317,0.9940476190476191,0.9879518072289156,-0.006095811818703445
D1013,CART,R1,0.930835734870317,0.9940476190476191,0.9879518072289156,-0.006095811818703445
D1013,CART,R2,0.930835734870317,0.9940476190476191,0.9879518072289156,-0.006095811818703445
D1013,CART,R3,0.930835734870317,0.9940476190476191,0.9879518072289156,-0.006095811818703445
D1014,TVAE,R1,0.8926553672316384,0.9940476190476191,0.9760479041916168,-0.01799971485600227
D1014,TVAE,R2,0.930835734870317,0.9940476190476191,0.9760479041916168,-0.01799971485600227
D1014,TVAE,R3,0.9533527696793003,0.9940476190476191,0.9760479041916168,-0.01799971485600227
D1014,CART,R1,0.9197707736389685,0.9940476190476191,0.9760479041916168,-0.01799971485600227
D1014,CART,R2,0.9252873563218391,0.9940476190476191,0.9760479041916168,-0.01799971485600227
D1014,CART,R3,0.9420289855072463,0.9940476190476191,0.9760479041916168,-0.01799971485600227
D1015,TVAE,R1,0.6919191919191919,0.9142857142857143,0.9411764705882353,0.026890756302521024
D1015,TVAE,R2,0.7866666666666666,0.9142857142857143,0.9411764705882353,0.026890756302521024
D1015,TVAE,R3,0.717948717948718,0.9142857142857143,0.9411764705882353,0.026890756302521024
D1015,CART,R1,0.9705882352941176,0.9142857142857143,0.9411764705882353,0.026890756302521024
D1015,CART,R2,0.9940476190476191,0.9142857142857143,0.9411764705882353,0.026890756302521024
D1015,CART,R3,0.9822485207100592,0.9142857142857143,0.9411764705882353,0.026890756302521024
D1016,TVAE,R1,0.9476744186046512,0.9590643274853801,0.9298245614035088,-0.029239766081871288
D1016,TVAE,R2,0.9705882352941176,0.9590643274853801,0.9298245614035088,-0.029239766081871288
D1016,TVAE,R3,0.8715083798882681,0.9590643274853801,0.9298245614035088,-0.029239766081871288
D1016,CART,R1,0.8715083798882681,0.9590643274853801,0.9298245614035088,-0.029239766081871288
D1016,CART,R2,0.876750700280112,0.9590643274853801,0.9298245614035088,-0.029239766081871288
D1016,CART,R3,0.9034090909090909,0.9590643274853801,0.9298245614035088,-0.029239766081871288
D1017,TVAE,R1,0.8926553672316384,0.9881305637982196,0.9760479041916168,-0.012082659606602819
D1017,TVAE,R2,0.8980169971671388,0.9881305637982196,0.9760479041916168,-0.012082659606602819
D1017,TVAE,R3,0.8457300275482094,0.9881305637982196,0.9760479041916168,-0.012082659606602819
D1017,CART,R1,0.8206521739130435,0.9881305637982196,0.9760479041916168,-0.012082659606602819
D1017,CART,R2,0.8206521739130435,0.9881305637982196,0.9760479041916168,-0.012082659606602819
D1017,CART,R3,0.8206521739130435,0.9881305637982196,0.9760479041916168,-0.012082659606602819
D1018,TVAE,R1,0.8980169971671388,0.9881305637982196,0.9760479041916168,-0.012082659606602819
D1018,TVAE,R2,0.9705882352941176,0.9881305637982196,0.9760479041916168,-0.012082659606602819
D1018,TVAE,R3,0.9252873563218391,0.9881305637982196,0.9760479041916168,-0.012082659606602819
D1018,CART,R1,0.9142857142857143,0.9881305637982196,0.9760479041916168,-0.012082659606602819
D1018,CART,R2,0.930835734870317,0.9881305637982196,0.9760479041916168,-0.012082659606602819
D1018,CART,R3,0.9364161849710982,0.9881305637982196,0.9760479041916168,-0.012082659606602819
D1019,TVAE,R1,0.9705882352941176,0.9940476190476191,0.9879518072289156,-0.006095811818703445
D1019,TVAE,R2,0.9088319088319088,0.9940476190476191,0.9879518072289156,-0.006095811818703445
D1019,TVAE,R3,0.8926553672316384,0.9940476190476191,0.9879518072289156,-0.006095811818703445
D1019,CART,R1,0.9533527696793003,0.9940476190476191,0.9879518072289156,-0.006095811818703445
D1019,CART,R2,0.930835734870317,0.9940476190476191,0.9879518072289156,-0.006095811818703445
D1019,CART,R3,0.9705882352941176,0.9940476190476191,0.9879518072289156,-0.006095811818703445
D102,TVAE,R1,0.9476744186046512,0.9142857142857143,0.8333333333333334,-0.08095238095238089
D102,TVAE,R2,0.7539267015706806,0.9142857142857143,0.8333333333333334,-0.08095238095238089
D102,TVAE,R3,0.8820224719101124,0.9142857142857143,0.8333333333333334,-0.08095238095238089
D102,CART,R1,0.8611111111111112,0.9142857142857143,0.8333333333333334,-0.08095238095238089
D102,CART,R2,0.8611111111111112,0.9142857142857143,0.8333333333333334,-0.08095238095238089
D102,CART,R3,0.8611111111111112,0.9142857142857143,0.8333333333333334,-0.08095238095238089
D1020,TVAE,R1,0.930835734870317,0.9648093841642229,0.9186046511627907,-0.04620473300143224
D1020,TVAE,R2,0.9648093841642229,0.9648093841642229,0.9186046511627907,-0.04620473300143224
D1020,TVAE,R3,0.876750700280112,0.9648093841642229,0.9186046511627907,-0.04620473300143224
D1020,CART,R1,0.9364161849710982,0.9648093841642229,0.9186046511627907,-0.04620473300143224
D1020,CART,R2,0.9142857142857143,0.9648093841642229,0.9186046511627907,-0.04620473300143224
D1020,CART,R3,0.9476744186046512,0.9648093841642229,0.9186046511627907,-0.04620473300143224
D1021,TVAE,R1,0.9881305637982196,0.9881305637982196,0.9760479041916168,-0.012082659606602819
D1021,TVAE,R2,0.8611111111111112,0.9881305637982196,0.9760479041916168,-0.012082659606602819
D1021,TVAE,R3,0.9705882352941176,0.9881305637982196,0.9760479041916168,-0.012082659606602819
D1021,CART,R1,0.8873239436619719,0.9881305637982196,0.9760479041916168,-0.012082659606602819
D1021,CART,R2,0.8820224719101124,0.9881305637982196,0.9760479041916168,-0.012082659606602819
D1021,CART,R3,0.8926553672316384,0.9881305637982196,0.9760479041916168,-0.012082659606602819
D1022,TVAE,R1,0.9705882352941176,0.9940476190476191,0.9760479041916168,-0.01799971485600227
D1022,TVAE,R2,0.876750700280112,0.9940476190476191,0.9760479041916168,-0.01799971485600227
D1022,TVAE,R3,0.8662952646239555,0.9940476190476191,0.9760479041916168,-0.01799971485600227
D1022,CART,R1,1.0,0.9940476190476191,0.9760479041916168,-0.01799971485600227
D1022,CART,R2,0.9822485207100592,0.9940476190476191,0.9760479041916168,-0.01799971485600227
D1022,CART,R3,0.9940476190476191,0.9940476190476191,0.9760479041916168,-0.01799971485600227
D1023,TVAE,R1,0.8926553672316384,0.976401179941003,0.9526627218934911,-0.023738458047511846
D1023,TVAE,R2,0.9533527696793003,0.976401179941003,0.9526627218934911,-0.023738458047511846
D1023,TVAE,R3,0.9197707736389685,0.976401179941003,0.9526627218934911,-0.023738458047511846
D1023,CART,R1,0.9590643274853801,0.976401179941003,0.9526627218934911,-0.023738458047511846
D1023,CART,R2,0.9705882352941176,0.976401179941003,0.9526627218934911,-0.023738458047511846
D1023,CART,R3,0.9088319088319088,0.976401179941003,0.9526627218934911,-0.023738458047511846
D1024,TVAE,R1,0.9822485207100592,0.976401179941003,0.9760479041916168,-0.00035327574938615047
D1024,TVAE,R2,0.8715083798882681,0.976401179941003,0.9760479041916168,-0.00035327574938615047
D1024,TVAE,R3,0.8873239436619719,0.976401179941003,0.9760479041916168,-0.00035327574938615047
D1024,CART,R1,0.9940476190476191,0.976401179941003,0.9760479041916168,-0.00035327574938615047
D1024,CART,R2,0.9940476190476191,0.976401179941003,0.9760479041916168,-0.00035327574938615047
D1024,CART,R3,0.9822485207100592,0.976401179941003,0.9760479041916168,-0.00035327574938615047
D1025,TVAE,R1,0.9448476052249637,0.976401179941003,0.9526627218934911,-0.023738458047511846
D1025,TVAE,R2,0.9448476052249637,0.976401179941003,0.9526627218934911,-0.023738458047511846
D1025,TVAE,R3,0.9970193740685543,0.976401179941003,0.9526627218934911,-0.023738458047511846
D1025,CART,R1,0.9336219336219336,0.976401179941003,0.9526627218934911,-0.023738458047511846
D1025,CART,R2,0.9252873563218391,0.976401179941003,0.9526627218934911,-0.023738458047511846
D1025,CART,R3,0.9364161849710982,0.976401179941003,0.9526627218934911,-0.023738458047511846
D1026,TVAE,R1,0.8953323903818954,0.9940476190476191,0.9879518072289156,-0.006095811818703445
D1026,TVAE,R2,0.9705882352941176,0.9940476190476191,0.9879518072289156,-0.006095811818703445
D1026,TVAE,R3,0.8662952646239555,0.9940476190476191,0.9879518072289156,-0.006095811818703445
D1026,CART,R1,0.8820224719101124,0.9940476190476191,0.9879518072289156,-0.006095811818703445
D1026,CART,R2,0.8820224719101124,0.9940476190476191,0.9879518072289156,-0.006095811818703445
D1026,CART,R3,0.900709219858156,0.9940476190476191,0.9879518072289156,-0.006095811818703445
D1027,TVAE,R1,0.9734904270986745,0.9881305637982196,0.9939577039274925,0.005827140129272879
D1027,TVAE,R2,0.9170243204577968,0.9881305637982196,0.9939577039274925,0.005827140129272879
D1027,TVAE,R3,0.9619326500732065,0.9881305637982196,0.9939577039274925,0.005827140129272879
D1027,CART,R1,0.976401179941003,0.9881305637982196,0.9939577039274925,0.005827140129272879
D1027,CART,R2,0.9676945668135095,0.9881305637982196,0.9939577039274925,0.005827140129272879
D1027,CART,R3,0.9970193740685543,0.9881305637982196,0.9939577039274925,0.005827140129272879
D1028,TVAE,R1,0.9562043795620438,0.9822485207100592,0.9186046511627907,-0.06364386954726853
D1028,TVAE,R2,0.9590643274853801,0.9822485207100592,0.9186046511627907,-0.06364386954726853
D1028,TVAE,R3,0.9225251076040172,0.9822485207100592,0.9186046511627907,-0.06364386954726853
D1028,CART,R1,0.9940476190476191,0.9822485207100592,0.9186046511627907,-0.06364386954726853
D1028,CART,R2,0.9619326500732065,0.9822485207100592,0.9186046511627907,-0.06364386954726853
D1028,CART,R3,0.9476744186046512,0.9822485207100592,0.9186046511627907,-0.06364386954726853
D1029,TVAE,R1,0.9562043795620438,0.9940476190476191,0.9879518072289156,-0.006095811818703445
D1029,TVAE,R2,0.9619326500732065,0.9940476190476191,0.9879518072289156,-0.006095811818703445
D1029,TVAE,R3,0.9648093841642229,0.9940476190476191,0.9879518072289156,-0.006095811818703445
D1029,CART,R1,0.9562043795620438,0.9940476190476191,0.9879518072289156,-0.006095811818703445
D1029,CART,R2,0.9280575539568345,0.9940476190476191,0.9879518072289156,-0.006095811818703445
D1029,CART,R3,0.9676945668135095,0.9940476190476191,0.9879518072289156,-0.006095811818703445
D103,TVAE,R1,0.9034090909090909,0.9940476190476191,0.9879518072289156,-0.006095811818703445
D103,TVAE,R2,0.7914438502673797,0.9940476190476191,0.9879518072289156,-0.006095811818703445
D103,TVAE,R3,0.9940476190476191,0.9940476190476191,0.9879518072289156,-0.006095811818703445
D103,CART,R1,0.9142857142857143,0.9940476190476191,0.9879518072289156,-0.006095811818703445
D103,CART,R2,0.9476744186046512,0.9940476190476191,0.9879518072289156,-0.006095811818703445
D103,CART,R3,0.9364161849710982,0.9940476190476191,0.9879518072289156,-0.006095811818703445
D1030,TVAE,R1,0.9793205317577548,0.9822485207100592,0.9584569732937686,-0.023791547416290637
D1030,TVAE,R2,0.9034090909090909,0.9822485207100592,0.9584569732937686,-0.023791547416290637
D1030,TVAE,R3,1.0,0.9822485207100592,0.9584569732937686,-0.023791547416290637
D1030,CART,R1,0.9392185238784371,0.9822485207100592,0.9584569732937686,-0.023791547416290637
D1030,CART,R2,0.9197707736389685,0.9822485207100592,0.9584569732937686,-0.023791547416290637
D1030,CART,R3,0.9170243204577968,0.9822485207100592,0.9584569732937686,-0.023791547416290637
D1031,TVAE,R1,0.9881305637982196,0.9590643274853801,0.9879518072289156,0.02888747974353556
D1031,TVAE,R2,0.9533527696793003,0.9590643274853801,0.9879518072289156,0.02888747974353556
D1031,TVAE,R3,0.9881305637982196,0.9590643274853801,0.9879518072289156,0.02888747974353556
D1031,CART,R1,0.9420289855072463,0.9590643274853801,0.9879518072289156,0.02888747974353556
D1031,CART,R2,0.9793205317577548,0.9590643274853801,0.9879518072289156,0.02888747974353556
D1031,CART,R3,0.9940476190476191,0.9590643274853801,0.9879518072289156,0.02888747974353556
D1032,TVAE,R1,0.9705882352941176,0.9648093841642229,0.9939577039274925,0.029148319763269592
D1032,TVAE,R2,0.9881305637982196,0.9648093841642229,0.9939577039274925,0.029148319763269592
D1032,TVAE,R3,0.9448476052249637,0.9648093841642229,0.9939577039274925,0.029148319763269592
D1032,CART,R1,0.9364161849710982,0.9648093841642229,0.9939577039274925,0.029148319763269592
D1032,CART,R2,0.9225251076040172,0.9648093841642229,0.9939577039274925,0.029148319763269592
D1032,CART,R3,0.8715083798882681,0.9648093841642229,0.9939577039274925,0.029148319763269592
D1033,TVAE,R1,0.9364161849710982,0.9364161849710982,0.875,-0.06141618497109824
D1033,TVAE,R2,0.930835734870317,0.9364161849710982,0.875,-0.06141618497109824
D1033,TVAE,R3,0.950509461426492,0.9364161849710982,0.875,-0.06141618497109824
D1033,CART,R1,0.9705882352941176,0.9364161849710982,0.875,-0.06141618497109824
D1033,CART,R2,0.9590643274853801,0.9364161849710982,0.875,-0.06141618497109824
D1033,CART,R3,0.9590643274853801,0.9364161849710982,0.875,-0.06141618497109824
D1034,TVAE,R1,0.9851851851851852,0.9822485207100592,0.9760479041916168,-0.006200616518442392
D1034,TVAE,R2,0.9364161849710982,0.9822485207100592,0.9760479041916168,-0.006200616518442392
D1034,TVAE,R3,0.9619326500732065,0.9822485207100592,0.9760479041916168,-0.006200616518442392
D1034,CART,R1,0.9676945668135095,0.9822485207100592,0.9760479041916168,-0.006200616518442392
D1034,CART,R2,0.9851851851851852,0.9822485207100592,0.9760479041916168,-0.006200616518442392
D1034,CART,R3,0.9705882352941176,0.9822485207100592,0.9760479041916168,-0.006200616518442392
D1035,TVAE,R1,0.9851851851851852,0.976401179941003,0.9879518072289156,0.011550627287912674
D1035,TVAE,R2,0.8331053351573188,0.976401179941003,0.9879518072289156,0.011550627287912674
D1035,TVAE,R3,0.9142857142857143,0.976401179941003,0.9879518072289156,0.011550627287912674
D1035,CART,R1,0.9392185238784371,0.976401179941003,0.9879518072289156,0.011550627287912674
D1035,CART,R2,0.9476744186046512,0.976401179941003,0.9879518072289156,0.011550627287912674
D1035,CART,R3,0.9420289855072463,0.976401179941003,0.9879518072289156,0.011550627287912674
D1036,TVAE,R1,0.9252873563218391,0.9676945668135095,0.9130434782608695,-0.054651088552640004
D1036,TVAE,R2,0.9619326500732065,0.9676945668135095,0.9130434782608695,-0.054651088552640004
D1036,TVAE,R3,0.976401179941003,0.9676945668135095,0.9130434782608695,-0.054651088552640004
D1036,CART,R1,0.9088319088319088,0.9676945668135095,0.9130434782608695,-0.054651088552640004
D1036,CART,R2,0.9115549215406562,0.9676945668135095,0.9130434782608695,-0.054651088552640004
D1036,CART,R3,0.8953323903818954,0.9676945668135095,0.9130434782608695,-0.054651088552640004
D1037,TVAE,R1,0.8820224719101124,0.9940476190476191,0.9879518072289156,-0.006095811818703445
D1037,TVAE,R2,0.8899858956276445,0.9940476190476191,0.9879518072289156,-0.006095811818703445
D1037,TVAE,R3,0.8899858956276445,0.9940476190476191,0.9879518072289156,-0.006095811818703445
D1037,CART,R1,0.9822485207100592,0.9940476190476191,0.9879518072289156,-0.006095811818703445
D1037,CART,R2,0.9734904270986745,0.9940476190476191,0.9879518072289156,-0.006095811818703445
D1037,CART,R3,0.9562043795620438,0.9940476190476191,0.9879518072289156,-0.006095811818703445
D1038,TVAE,R1,0.8846694796061885,0.9734904270986745,0.9354838709677419,-0.03800655613093262
D1038,TVAE,R2,0.8688981868898187,0.9734904270986745,0.9354838709677419,-0.03800655613093262
D1038,TVAE,R3,0.9336219336219336,0.9734904270986745,0.9354838709677419,-0.03800655613093262
D1038,CART,R1,0.9590643274853801,0.9734904270986745,0.9354838709677419,-0.03800655613093262
D1038,CART,R2,0.9562043795620438,0.9734904270986745,0.9354838709677419,-0.03800655613093262
D1038,CART,R3,0.9392185238784371,0.9734904270986745,0.9354838709677419,-0.03800655613093262
D1039,TVAE,R1,0.876750700280112,0.930835734870317,0.9879518072289156,0.05711607235859861
D1039,TVAE,R2,0.7914438502673797,0.930835734870317,0.9879518072289156,0.05711607235859861
D1039,TVAE,R3,0.8381344307270233,0.930835734870317,0.9879518072289156,0.05711607235859861
D1039,CART,R1,0.900709219858156,0.930835734870317,0.9879518072289156,0.05711607235859861
D1039,CART,R2,0.8741258741258742,0.930835734870317,0.9879518072289156,0.05711607235859861
D1039,CART,R3,0.879382889200561,0.930835734870317,0.9879518072289156,0.05711607235859861
D104,TVAE,R1,0.7539267015706806,0.9252873563218391,0.896551724137931,-0.028735632183908066
D104,TVAE,R2,0.717948717948718,0.9252873563218391,0.896551724137931,-0.028735632183908066
D104,TVAE,R3,0.675,0.9252873563218391,0.896551724137931,-0.028735632183908066
D104,CART,R1,0.8406593406593407,0.9252873563218391,0.896551724137931,-0.028735632183908066
D104,CART,R2,0.8010752688172043,0.9252873563218391,0.896551724137931,-0.028735632183908066
D104,CART,R3,0.8926553672316384,0.9252873563218391,0.896551724137931,-0.028735632183908066
D1040,TVAE,R1,0.9533527696793003,0.9734904270986745,0.9760479041916168,0.002557477092942295
D1040,TVAE,R2,0.8899858956276445,0.9734904270986745,0.9760479041916168,0.002557477092942295
D1040,TVAE,R3,0.9676945668135095,0.9734904270986745,0.9760479041916168,0.002557477092942295
D1040,CART,R1,0.8820224719101124,0.9734904270986745,0.9760479041916168,0.002557477092942295
D1040,CART,R2,0.9448476052249637,0.9734904270986745,0.9760479041916168,0.002557477092942295
D1040,CART,R3,0.9034090909090909,0.9734904270986745,0.9760479041916168,0.002557477092942295
D1041,TVAE,R1,0.8482758620689655,0.9881305637982196,0.9760479041916168,-0.012082659606602819
D1041,TVAE,R2,0.9793205317577548,0.9881305637982196,0.9760479041916168,-0.012082659606602819
D1041,TVAE,R3,0.9970193740685543,0.9881305637982196,0.9760479041916168,-0.012082659606602819
D1041,CART,R1,0.9851851851851852,0.9881305637982196,0.9760479041916168,-0.012082659606602819
D1041,CART,R2,0.9648093841642229,0.9881305637982196,0.9760479041916168,-0.012082659606602819
D1041,CART,R3,0.9705882352941176,0.9881305637982196,0.9760479041916168,-0.012082659606602819
D1042,TVAE,R1,0.9252873563218391,0.9881305637982196,0.9879518072289156,-0.00017875656930399497
D1042,TVAE,R2,0.9420289855072463,0.9881305637982196,0.9879518072289156,-0.00017875656930399497
D1042,TVAE,R3,0.9562043795620438,0.9881305637982196,0.9879518072289156,-0.00017875656930399497
D1042,CART,R1,0.9061166429587483,0.9881305637982196,0.9879518072289156,-0.00017875656930399497
D1042,CART,R2,0.8953323903818954,0.9881305637982196,0.9879518072289156,-0.00017875656930399497
D1042,CART,R3,0.8980169971671388,0.9881305637982196,0.9879518072289156,-0.00017875656930399497
D1043,TVAE,R1,0.9851851851851852,0.9851851851851852,0.9819819819819819,-0.00320320320320322
D1043,TVAE,R2,0.8715083798882681,0.9851851851851852,0.9819819819819819,-0.00320320320320322
D1043,TVAE,R3,0.9420289855072463,0.9851851851851852,0.9819819819819819,-0.00320320320320322
D1043,CART,R1,0.9225251076040172,0.9851851851851852,0.9819819819819819,-0.00320320320320322
D1043,CART,R2,0.9420289855072463,0.9851851851851852,0.9819819819819819,-0.00320320320320322
D1043,CART,R3,0.9676945668135095,0.9851851851851852,0.9819819819819819,-0.00320320320320322
D1044,TVAE,R1,0.9734904270986745,0.9851851851851852,0.9186046511627907,-0.0665805340223945
D1044,TVAE,R2,0.9088319088319088,0.9851851851851852,0.9186046511627907,-0.0665805340223945
D1044,TVAE,R3,0.9420289855072463,0.9851851851851852,0.9186046511627907,-0.0665805340223945
D1044,CART,R1,0.9705882352941176,0.9851851851851852,0.9186046511627907,-0.0665805340223945
D1044,CART,R2,0.9940476190476191,0.9851851851851852,0.9186046511627907,-0.0665805340223945
D1044,CART,R3,0.976401179941003,0.9851851851851852,0.9186046511627907,-0.0665805340223945
D1045,TVAE,R1,0.9197707736389685,0.976401179941003,0.9526627218934911,-0.023738458047511846
D1045,TVAE,R2,0.9170243204577968,0.976401179941003,0.9526627218934911,-0.023738458047511846
D1045,TVAE,R3,0.9142857142857143,0.976401179941003,0.9526627218934911,-0.023738458047511846
D1045,CART,R1,0.9970193740685543,0.976401179941003,0.9526627218934911,-0.023738458047511846
D1045,CART,R2,0.9881305637982196,0.976401179941003,0.9526627218934911,-0.023738458047511846
D1045,CART,R3,0.9793205317577548,0.976401179941003,0.9526627218934911,-0.023738458047511846
D1046,TVAE,R1,0.8953323903818954,0.9648093841642229,0.9298245614035088,-0.03498482276071413
D1046,TVAE,R2,0.8741258741258742,0.9648093841642229,0.9298245614035088,-0.03498482276071413
D1046,TVAE,R3,0.9970193740685543,0.9648093841642229,0.9298245614035088,-0.03498482276071413
D1046,CART,R1,0.9364161849710982,0.9648093841642229,0.9298245614035088,-0.03498482276071413
D1046,CART,R2,0.9705882352941176,0.9648093841642229,0.9298245614035088,-0.03498482276071413
D1046,CART,R3,0.9619326500732065,0.9648093841642229,0.9298245614035088,-0.03498482276071413
D1047,TVAE,R1,0.9619326500732065,0.9970193740685543,0.9642857142857143,-0.03273365978284004
D1047,TVAE,R2,0.879382889200561,0.9970193740685543,0.9642857142857143,-0.03273365978284004
D1047,TVAE,R3,0.9448476052249637,0.9970193740685543,0.9642857142857143,-0.03273365978284004
D1047,CART,R1,0.9793205317577548,0.9970193740685543,0.9642857142857143,-0.03273365978284004
D1047,CART,R2,0.9881305637982196,0.9970193740685543,0.9642857142857143,-0.03273365978284004
D1047,CART,R3,0.976401179941003,0.9970193740685543,0.9642857142857143,-0.03273365978284004
D1048,TVAE,R1,0.900709219858156,0.976401179941003,0.9411764705882353,-0.03522470935276767
D1048,TVAE,R2,0.9734904270986745,0.976401179941003,0.9411764705882353,-0.03522470935276767
D1048,TVAE,R3,0.9881305637982196,0.976401179941003,0.9411764705882353,-0.03522470935276767
D1048,CART,R1,0.9881305637982196,0.976401179941003,0.9411764705882353,-0.03522470935276767
D1048,CART,R2,0.9034090909090909,0.976401179941003,0.9411764705882353,-0.03522470935276767
D1048,CART,R3,0.9676945668135095,0.976401179941003,0.9411764705882353,-0.03522470935276767
D1049,TVAE,R1,0.8431911966987621,0.9970193740685543,0.9939577039274925,-0.003061670141061845
D1049,TVAE,R2,0.9364161849710982,0.9970193740685543,0.9939577039274925,-0.003061670141061845
D1049,TVAE,R3,0.8873239436619719,0.9970193740685543,0.9939577039274925,-0.003061670141061845
D1049,CART,R1,0.9590643274853801,0.9970193740685543,0.9939577039274925,-0.003061670141061845
D1049,CART,R2,0.9705882352941176,0.9970193740685543,0.9939577039274925,-0.003061670141061845
D1049,CART,R3,0.9705882352941176,0.9970193740685543,0.9939577039274925,-0.003061670141061845
D105,TVAE,R1,0.8611111111111112,0.9590643274853801,0.9186046511627907,-0.0404596763225894
D105,TVAE,R2,0.7724867724867724,0.9590643274853801,0.9186046511627907,-0.0404596763225894
D105,TVAE,R3,0.850828729281768,0.9590643274853801,0.9186046511627907,-0.0404596763225894
D105,CART,R1,0.9590643274853801,0.9590643274853801,0.9186046511627907,-0.0404596763225894
D105,CART,R2,0.9590643274853801,0.9590643274853801,0.9186046511627907,-0.0404596763225894
D105,CART,R3,0.9590643274853801,0.9590643274853801,0.9186046511627907,-0.0404596763225894
D1050,TVAE,R1,1.0,0.9734904270986745,0.9469026548672567,-0.02658777223141784
D1050,TVAE,R2,0.950509461426492,0.9734904270986745,0.9469026548672567,-0.02658777223141784
D1050,TVAE,R3,0.9648093841642229,0.9734904270986745,0.9469026548672567,-0.02658777223141784
D1050,CART,R1,0.9940476190476191,0.9734904270986745,0.9469026548672567,-0.02658777223141784
D1050,CART,R2,0.9851851851851852,0.9734904270986745,0.9469026548672567,-0.02658777223141784
D1050,CART,R3,0.976401179941003,0.9734904270986745,0.9469026548672567,-0.02658777223141784
D1051,TVAE,R1,0.9115549215406562,0.9533527696793003,0.9186046511627907,-0.03474811851650961
D1051,TVAE,R2,0.8846694796061885,0.9533527696793003,0.9186046511627907,-0.03474811851650961
D1051,TVAE,R3,0.9970193740685543,0.9533527696793003,0.9186046511627907,-0.03474811851650961
D1051,CART,R1,0.9676945668135095,0.9533527696793003,0.9186046511627907,-0.03474811851650961
D1051,CART,R2,0.9822485207100592,0.9533527696793003,0.9186046511627907,-0.03474811851650961
D1051,CART,R3,0.9940476190476191,0.9533527696793003,0.9186046511627907,-0.03474811851650961
D1052,TVAE,R1,0.9940476190476191,0.9562043795620438,0.9411764705882353,-0.015027908973808568
D1052,TVAE,R2,0.9364161849710982,0.9562043795620438,0.9411764705882353,-0.015027908973808568
D1052,TVAE,R3,0.9970193740685543,0.9562043795620438,0.9411764705882353,-0.015027908973808568
D1052,CART,R1,0.9648093841642229,0.9562043795620438,0.9411764705882353,-0.015027908973808568
D1052,CART,R2,0.930835734870317,0.9562043795620438,0.9411764705882353,-0.015027908973808568
D1052,CART,R3,0.876750700280112,0.9562043795620438,0.9411764705882353,-0.015027908973808568
D1053,TVAE,R1,0.976401179941003,0.976401179941003,0.9526627218934911,-0.023738458047511846
D1053,TVAE,R2,0.9034090909090909,0.976401179941003,0.9526627218934911,-0.023738458047511846
D1053,TVAE,R3,0.9476744186046512,0.976401179941003,0.9526627218934911,-0.023738458047511846
D1053,CART,R1,0.9562043795620438,0.976401179941003,0.9526627218934911,-0.023738458047511846
D1053,CART,R2,0.9910846953937593,0.976401179941003,0.9526627218934911,-0.023738458047511846
D1053,CART,R3,0.9910846953937593,0.976401179941003,0.9526627218934911,-0.023738458047511846
D1054,TVAE,R1,0.8899858956276445,0.9881305637982196,0.9760479041916168,-0.012082659606602819
D1054,TVAE,R2,0.9252873563218391,0.9881305637982196,0.9760479041916168,-0.012082659606602819
D1054,TVAE,R3,0.8873239436619719,0.9881305637982196,0.9760479041916168,-0.012082659606602819
D1054,CART,R1,0.9793205317577548,0.9881305637982196,0.9760479041916168,-0.012082659606602819
D1054,CART,R2,0.9822485207100592,0.9881305637982196,0.9760479041916168,-0.012082659606602819
D1054,CART,R3,0.9676945668135095,0.9881305637982196,0.9760479041916168,-0.012082659606602819
D1055,TVAE,R1,0.9448476052249637,0.9940476190476191,0.9584569732937686,-0.035590645753850514
D1055,TVAE,R2,0.9562043795620438,0.9940476190476191,0.9584569732937686,-0.035590645753850514
D1055,TVAE,R3,0.9420289855072463,0.9940476190476191,0.9584569732937686,-0.035590645753850514
D1055,CART,R1,0.9225251076040172,0.9940476190476191,0.9584569732937686,-0.035590645753850514
D1055,CART,R2,0.8980169971671388,0.9940476190476191,0.9584569732937686,-0.035590645753850514
D1055,CART,R3,0.9088319088319088,0.9940476190476191,0.9584569732937686,-0.035590645753850514
D1056,TVAE,R1,0.9034090909090909,1.0,0.9879518072289156,-0.012048192771084376
D1056,TVAE,R2,0.879382889200561,1.0,0.9879518072289156,-0.012048192771084376
D1056,TVAE,R3,0.9970193740685543,1.0,0.9879518072289156,-0.012048192771084376
D1056,CART,R1,0.8688981868898187,1.0,0.9879518072289156,-0.012048192771084376
D1056,CART,R2,0.9061166429587483,1.0,0.9879518072289156,-0.012048192771084376
D1056,CART,R3,0.8953323903818954,1.0,0.9879518072289156,-0.012048192771084376
D1057,TVAE,R1,0.876750700280112,0.976401179941003,0.9526627218934911,-0.023738458047511846
D1057,TVAE,R2,0.9392185238784371,0.976401179941003,0.9526627218934911,-0.023738458047511846
D1057,TVAE,R3,0.9734904270986745,0.976401179941003,0.9526627218934911,-0.023738458047511846
D1057,CART,R1,0.9364161849710982,0.976401179941003,0.9526627218934911,-0.023738458047511846
D1057,CART,R2,0.9364161849710982,0.976401179941003,0.9526627218934911,-0.023738458047511846
D1057,CART,R3,0.9364161849710982,0.976401179941003,0.9526627218934911,-0.023738458047511846
D1058,TVAE,R1,0.9881305637982196,0.9940476190476191,0.9879518072289156,-0.006095811818703445
D1058,TVAE,R2,0.900709219858156,0.9940476190476191,0.9879518072289156,-0.006095811818703445
D1058,TVAE,R3,0.9533527696793003,0.9940476190476191,0.9879518072289156,-0.006095811818703445
D1058,CART,R1,0.8820224719101124,0.9940476190476191,0.9879518072289156,-0.006095811818703445
D1058,CART,R2,0.876750700280112,0.9940476190476191,0.9879518072289156,-0.006095811818703445
D1058,CART,R3,0.8820224719101124,0.9940476190476191,0.9879518072289156,-0.006095811818703445
D1059,TVAE,R1,0.9225251076040172,0.9881305637982196,0.9939577039274925,0.005827140129272879
D1059,TVAE,R2,0.9448476052249637,0.9881305637982196,0.9939577039274925,0.005827140129272879
D1059,TVAE,R3,0.9336219336219336,0.9881305637982196,0.9939577039274925,0.005827140129272879
D1059,CART,R1,0.9851851851851852,0.9881305637982196,0.9939577039274925,0.005827140129272879
D1059,CART,R2,0.9910846953937593,0.9881305637982196,0.9939577039274925,0.005827140129272879
D1059,CART,R3,0.9970193740685543,0.9881305637982196,0.9939577039274925,0.005827140129272879
D106,TVAE,R1,0.9252873563218391,0.9822485207100592,0.9879518072289156,0.005703286518856432
D106,TVAE,R2,0.9252873563218391,0.9822485207100592,0.9879518072289156,0.005703286518856432
D106,TVAE,R3,0.9142857142857143,0.9822485207100592,0.9879518072289156,0.005703286518856432
D106,CART,R1,0.9142857142857143,0.9822485207100592,0.9879518072289156,0.005703286518856432
D106,CART,R2,0.9034090909090909,0.9822485207100592,0.9879518072289156,0.005703286518856432
D106,CART,R3,0.9364161849710982,0.9822485207100592,0.9879518072289156,0.005703286518856432
D1060,TVAE,R1,0.950509461426492,0.9822485207100592,0.9186046511627907,-0.06364386954726853
D1060,TVAE,R2,0.9088319088319088,0.9822485207100592,0.9186046511627907,-0.06364386954726853
D1060,TVAE,R3,0.8611111111111112,0.9822485207100592,0.9186046511627907,-0.06364386954726853
D1060,CART,R1,0.9648093841642229,0.9822485207100592,0.9186046511627907,-0.06364386954726853
D1060,CART,R2,0.9822485207100592,0.9822485207100592,0.9186046511627907,-0.06364386954726853
D1060,CART,R3,0.9648093841642229,0.9822485207100592,0.9186046511627907,-0.06364386954726853
D1061,TVAE,R1,0.9392185238784371,0.9940476190476191,0.9879518072289156,-0.006095811818703445
D1061,TVAE,R2,0.9142857142857143,0.9940476190476191,0.9879518072289156,-0.006095811818703445
D1061,TVAE,R3,0.9142857142857143,0.9940476190476191,0.9879518072289156,-0.006095811818703445
D1061,CART,R1,0.9252873563218391,0.9940476190476191,0.9879518072289156,-0.006095811818703445
D1061,CART,R2,0.9364161849710982,0.9940476190476191,0.9879518072289156,-0.006095811818703445
D1061,CART,R3,0.9392185238784371,0.9940476190476191,0.9879518072289156,-0.006095811818703445
D1062,TVAE,R1,0.9034090909090909,0.9822485207100592,0.9584569732937686,-0.023791547416290637
D1062,TVAE,R2,0.8846694796061885,0.9822485207100592,0.9584569732937686,-0.023791547416290637
D1062,TVAE,R3,0.9225251076040172,0.9822485207100592,0.9584569732937686,-0.023791547416290637
D1062,CART,R1,0.9225251076040172,0.9822485207100592,0.9584569732937686,-0.023791547416290637
D1062,CART,R2,0.9420289855072463,0.9822485207100592,0.9584569732937686,-0.023791547416290637
D1062,CART,R3,0.9364161849710982,0.9822485207100592,0.9584569732937686,-0.023791547416290637
D1063,TVAE,R1,0.930835734870317,0.9590643274853801,0.9879518072289156,0.02888747974353556
D1063,TVAE,R2,0.8926553672316384,0.9590643274853801,0.9879518072289156,0.02888747974353556
D1063,TVAE,R3,0.9822485207100592,0.9590643274853801,0.9879518072289156,0.02888747974353556
D1063,CART,R1,0.9619326500732065,0.9590643274853801,0.9879518072289156,0.02888747974353556
D1063,CART,R2,0.9619326500732065,0.9590643274853801,0.9879518072289156,0.02888747974353556
D1063,CART,R3,0.9881305637982196,0.9590643274853801,0.9879518072289156,0.02888747974353556
D1064,TVAE,R1,0.930835734870317,0.9648093841642229,0.9939577039274925,0.029148319763269592
D1064,TVAE,R2,0.9910846953937593,0.9648093841642229,0.9939577039274925,0.029148319763269592
D1064,TVAE,R3,0.9088319088319088,0.9648093841642229,0.9939577039274925,0.029148319763269592
D1064,CART,R1,0.9562043795620438,0.9648093841642229,0.9939577039274925,0.029148319763269592
D1064,CART,R2,0.9034090909090909,0.9648093841642229,0.9939577039274925,0.029148319763269592
D1064,CART,R3,0.9252873563218391,0.9648093841642229,0.9939577039274925,0.029148319763269592
D1065,TVAE,R1,0.9910846953937593,0.9364161849710982,0.875,-0.06141618497109824
D1065,TVAE,R2,0.9881305637982196,0.9364161849710982,0.875,-0.06141618497109824
D1065,TVAE,R3,0.9970193740685543,0.9364161849710982,0.875,-0.06141618497109824
D1065,CART,R1,0.9705882352941176,0.9364161849710982,0.875,-0.06141618497109824
D1065,CART,R2,0.9676945668135095,0.9364161849710982,0.875,-0.06141618497109824
D1065,CART,R3,0.9734904270986745,0.9364161849710982,0.875,-0.06141618497109824
D1066,TVAE,R1,0.9392185238784371,0.9822485207100592,0.9760479041916168,-0.006200616518442392
D1066,TVAE,R2,0.9734904270986745,0.9822485207100592,0.9760479041916168,-0.006200616518442392
D1066,TVAE,R3,0.9562043795620438,0.9822485207100592,0.9760479041916168,-0.006200616518442392
D1066,CART,R1,0.9392185238784371,0.9822485207100592,0.9760479041916168,-0.006200616518442392
D1066,CART,R2,0.9910846953937593,0.9822485207100592,0.9760479041916168,-0.006200616518442392
D1066,CART,R3,0.950509461426492,0.9822485207100592,0.9760479041916168,-0.006200616518442392
D1067,TVAE,R1,0.9648093841642229,0.976401179941003,0.9879518072289156,0.011550627287912674
D1067,TVAE,R2,0.9793205317577548,0.976401179941003,0.9879518072289156,0.011550627287912674
D1067,TVAE,R3,0.9619326500732065,0.976401179941003,0.9879518072289156,0.011550627287912674
D1067,CART,R1,0.9088319088319088,0.976401179941003,0.9879518072289156,0.011550627287912674
D1067,CART,R2,0.9280575539568345,0.976401179941003,0.9879518072289156,0.011550627287912674
D1067,CART,R3,0.9392185238784371,0.976401179941003,0.9879518072289156,0.011550627287912674
D1068,TVAE,R1,0.9793205317577548,0.9676945668135095,0.9130434782608695,-0.054651088552640004
D1068,TVAE,R2,0.9088319088319088,0.9676945668135095,0.9130434782608695,-0.054651088552640004
D1068,TVAE,R3,0.9533527696793003,0.9676945668135095,0.9130434782608695,-0.054651088552640004
D1068,CART,R1,0.9280575539568345,0.9676945668135095,0.9130434782608695,-0.054651088552640004
D1068,CART,R2,0.9280575539568345,0.9676945668135095,0.9130434782608695,-0.054651088552640004
D1068,CART,R3,0.9562043795620438,0.9676945668135095,0.9130434782608695,-0.054651088552640004
D1069,TVAE,R1,0.9034090909090909,0.9940476190476191,0.9879518072289156,-0.006095811818703445
D1069,TVAE,R2,0.9225251076040172,0.9940476190476191,0.9879518072289156,-0.006095811818703445
D1069,TVAE,R3,0.8688981868898187,0.9940476190476191,0.9879518072289156,-0.006095811818703445
D1069,CART,R1,0.9533527696793003,0.9940476190476191,0.9879518072289156,-0.006095811818703445
D1069,CART,R2,0.9851851851851852,0.9940476190476191,0.9879518072289156,-0.006095811818703445
D1069,CART,R3,0.9822485207100592,0.9940476190476191,0.9879518072289156,-0.006095811818703445
D107,TVAE,R1,0.7631578947368421,0.9476744186046512,0.9879518072289156,0.04027738862426444
D107,TVAE,R2,0.8108108108108109,0.9476744186046512,0.9879518072289156,0.04027738862426444
D107,TVAE,R3,0.7357512953367875,0.9476744186046512,0.9879518072289156,0.04027738862426444
D107,CART,R1,0.850828729281768,0.9476744186046512,0.9879518072289156,0.04027738862426444
D107,CART,R2,0.8108108108108109,0.9476744186046512,0.9879518072289156,0.04027738862426444
D107,CART,R3,0.8406593406593407,0.9476744186046512,0.9879518072289156,0.04027738862426444
D1070,TVAE,R1,0.9822485207100592,0.9734904270986745,0.9354838709677419,-0.03800655613093262
D1070,TVAE,R2,0.9562043795620438,0.9734904270986745,0.9354838709677419,-0.03800655613093262
D1070,TVAE,R3,0.9793205317577548,0.9734904270986745,0.9354838709677419,-0.03800655613093262
D1070,CART,R1,0.9705882352941176,0.9734904270986745,0.9354838709677419,-0.03800655613093262
D1070,CART,R2,0.9280575539568345,0.9734904270986745,0.9354838709677419,-0.03800655613093262
D1070,CART,R3,0.9197707736389685,0.9734904270986745,0.9354838709677419,-0.03800655613093262
D1071,TVAE,R1,0.9225251076040172,0.930835734870317,0.9879518072289156,0.05711607235859861
D1071,TVAE,R2,0.9590643274853801,0.930835734870317,0.9879518072289156,0.05711607235859861
D1071,TVAE,R3,0.976401179941003,0.930835734870317,0.9879518072289156,0.05711607235859861
D1071,CART,R1,0.8431911966987621,0.930835734870317,0.9879518072289156,0.05711607235859861
D1071,CART,R2,0.8611111111111112,0.930835734870317,0.9879518072289156,0.05711607235859861
D1071,CART,R3,0.8406593406593407,0.930835734870317,0.9879518072289156,0.05711607235859861
D1072,TVAE,R1,0.9115549215406562,0.9734904270986745,0.9760479041916168,0.002557477092942295
D1072,TVAE,R2,0.9881305637982196,0.9734904270986745,0.9760479041916168,0.002557477092942295
D1072,TVAE,R3,0.9364161849710982,0.9734904270986745,0.9760479041916168,0.002557477092942295
D1072,CART,R1,0.930835734870317,0.9734904270986745,0.9760479041916168,0.002557477092942295
D1072,CART,R2,0.930835734870317,0.9734904270986745,0.9760479041916168,0.002557477092942295
D1072,CART,R3,0.9170243204577968,0.9734904270986745,0.9760479041916168,0.002557477092942295
D1073,TVAE,R1,0.9881305637982196,0.9881305637982196,0.9760479041916168,-0.012082659606602819
D1073,TVAE,R2,0.9448476052249637,0.9881305637982196,0.9760479041916168,-0.012082659606602819
D1073,TVAE,R3,0.9940476190476191,0.9881305637982196,0.9760479041916168,-0.012082659606602819
D1073,CART,R1,0.976401179941003,0.9881305637982196,0.9760479041916168,-0.012082659606602819
D1073,CART,R2,0.976401179941003,0.9881305637982196,0.9760479041916168,-0.012082659606602819
D1073,CART,R3,0.976401179941003,0.9881305637982196,0.9760479041916168,-0.012082659606602819
D1074,TVAE,R1,0.9881305637982196,0.9881305637982196,0.9879518072289156,-0.00017875656930399497
D1074,TVAE,R2,0.9910846953937593,0.9881305637982196,0.9879518072289156,-0.00017875656930399497
D1074,TVAE,R3,0.9676945668135095,0.9881305637982196,0.9879518072289156,-0.00017875656930399497
D1074,CART,R1,0.9034090909090909,0.9881305637982196,0.9879518072289156,-0.00017875656930399497
D1074,CART,R2,0.8980169971671388,0.9881305637982196,0.9879518072289156,-0.00017875656930399497
D1074,CART,R3,0.9170243204577968,0.9881305637982196,0.9879518072289156,-0.00017875656930399497
D1075,TVAE,R1,0.9336219336219336,0.9851851851851852,0.9819819819819819,-0.00320320320320322
D1075,TVAE,R2,0.9225251076040172,0.9851851851851852,0.9819819819819819,-0.00320320320320322
D1075,TVAE,R3,0.9881305637982196,0.9851851851851852,0.9819819819819819,-0.00320320320320322
D1075,CART,R1,0.9420289855072463,0.9851851851851852,0.9819819819819819,-0.00320320320320322
D1075,CART,R2,0.950509461426492,0.9851851851851852,0.9819819819819819,-0.00320320320320322
D1075,CART,R3,0.930835734870317,0.9851851851851852,0.9819819819819819,-0.00320320320320322
D1076,TVAE,R1,0.9793205317577548,0.9851851851851852,0.9186046511627907,-0.0665805340223945
D1076,TVAE,R2,0.9793205317577548,0.9851851851851852,0.9186046511627907,-0.0665805340223945
D1076,TVAE,R3,0.9910846953937593,0.9851851851851852,0.9186046511627907,-0.0665805340223945
D1076,CART,R1,0.9881305637982196,0.9851851851851852,0.9186046511627907,-0.0665805340223945
D1076,CART,R2,0.9881305637982196,0.9851851851851852,0.9186046511627907,-0.0665805340223945
D1076,CART,R3,0.9940476190476191,0.9851851851851852,0.9186046511627907,-0.0665805340223945
D1077,TVAE,R1,0.8611111111111112,0.976401179941003,0.9526627218934911,-0.023738458047511846
D1077,TVAE,R2,0.9793205317577548,0.976401179941003,0.9526627218934911,-0.023738458047511846
D1077,TVAE,R3,0.8034993270524899,0.976401179941003,0.9526627218934911,-0.023738458047511846
D1077,CART,R1,0.9851851851851852,0.976401179941003,0.9526627218934911,-0.023738458047511846
D1077,CART,R2,0.9910846953937593,0.976401179941003,0.9526627218934911,-0.023738458047511846
D1077,CART,R3,1.0,0.976401179941003,0.9526627218934911,-0.023738458047511846
D1078,TVAE,R1,0.9793205317577548,0.9648093841642229,0.9298245614035088,-0.03498482276071413
D1078,TVAE,R2,0.9476744186046512,0.9648093841642229,0.9298245614035088,-0.03498482276071413
D1078,TVAE,R3,0.9676945668135095,0.9648093841642229,0.9298245614035088,-0.03498482276071413
D1078,CART,R1,0.9533527696793003,0.9648093841642229,0.9298245614035088,-0.03498482276071413
D1078,CART,R2,0.9590643274853801,0.9648093841642229,0.9298245614035088,-0.03498482276071413
D1078,CART,R3,0.9476744186046512,0.9648093841642229,0.9298245614035088,-0.03498482276071413
D1079,TVAE,R1,0.9034090909090909,0.9970193740685543,0.9642857142857143,-0.03273365978284004
D1079,TVAE,R2,0.9970193740685543,0.9970193740685543,0.9642857142857143,-0.03273365978284004
D1079,TVAE,R3,0.8953323903818954,0.9970193740685543,0.9642857142857143,-0.03273365978284004
D1079,CART,R1,0.9910846953937593,0.9970193740685543,0.9642857142857143,-0.03273365978284004
D1079,CART,R2,0.9940476190476191,0.9970193740685543,0.9642857142857143,-0.03273365978284004
D1079,CART,R3,0.9851851851851852,0.9970193740685543,0.9642857142857143,-0.03273365978284004
D108,TVAE,R1,0.9364161849710982,0.9822485207100592,0.9642857142857143,-0.01796280642434489
D108,TVAE,R2,0.7539267015706806,0.9822485207100592,0.9642857142857143,-0.01796280642434489
D108,TVAE,R3,0.9940476190476191,0.9822485207100592,0.9642857142857143,-0.01796280642434489
D108,CART,R1,0.9476744186046512,0.9822485207100592,0.9642857142857143,-0.01796280642434489
D108,CART,R2,0.9142857142857143,0.9822485207100592,0.9642857142857143,-0.01796280642434489
D108,CART,R3,0.9252873563218391,0.9822485207100592,0.9642857142857143,-0.01796280642434489
D1080,TVAE,R1,0.9336219336219336,0.976401179941003,0.9411764705882353,-0.03522470935276767
D1080,TVAE,R2,0.9910846953937593,0.976401179941003,0.9411764705882353,-0.03522470935276767
D1080,TVAE,R3,0.9851851851851852,0.976401179941003,0.9411764705882353,-0.03522470935276767
D1080,CART,R1,0.950509461426492,0.976401179941003,0.9411764705882353,-0.03522470935276767
D1080,CART,R2,0.9170243204577968,0.976401179941003,0.9411764705882353,-0.03522470935276767
D1080,CART,R3,0.9364161849710982,0.976401179941003,0.9411764705882353,-0.03522470935276767
D1081,TVAE,R1,0.9619326500732065,0.9970193740685543,0.9939577039274925,-0.003061670141061845
D1081,TVAE,R2,0.9910846953937593,0.9970193740685543,0.9939577039274925,-0.003061670141061845
D1081,TVAE,R3,0.9562043795620438,0.9970193740685543,0.9939577039274925,-0.003061670141061845
D1081,CART,R1,0.9392185238784371,0.9970193740685543,0.9939577039274925,-0.003061670141061845
D1081,CART,R2,0.9392185238784371,0.9970193740685543,0.9939577039274925,-0.003061670141061845
D1081,CART,R3,0.9392185238784371,0.9970193740685543,0.9939577039274925,-0.003061670141061845
D1082,TVAE,R1,0.976401179941003,0.9734904270986745,0.9469026548672567,-0.02658777223141784
D1082,TVAE,R2,0.9619326500732065,0.9734904270986745,0.9469026548672567,-0.02658777223141784
D1082,TVAE,R3,0.9970193740685543,0.9734904270986745,0.9469026548672567,-0.02658777223141784
D1082,CART,R1,0.9881305637982196,0.9734904270986745,0.9469026548672567,-0.02658777223141784
D1082,CART,R2,0.9910846953937593,0.9734904270986745,0.9469026548672567,-0.02658777223141784
D1082,CART,R3,0.9910846953937593,0.9734904270986745,0.9469026548672567,-0.02658777223141784
D1083,TVAE,R1,0.9793205317577548,0.9533527696793003,0.9186046511627907,-0.03474811851650961
D1083,TVAE,R2,0.9734904270986745,0.9533527696793003,0.9186046511627907,-0.03474811851650961
D1083,TVAE,R3,0.8431911966987621,0.9533527696793003,0.9186046511627907,-0.03474811851650961
D1083,CART,R1,1.0,0.9533527696793003,0.9186046511627907,-0.03474811851650961
D1083,CART,R2,0.9910846953937593,0.9533527696793003,0.9186046511627907,-0.03474811851650961
D1083,CART,R3,0.9734904270986745,0.9533527696793003,0.9186046511627907,-0.03474811851650961
D1084,TVAE,R1,0.9822485207100592,0.9562043795620438,0.9411764705882353,-0.015027908973808568
D1084,TVAE,R2,0.8533886583679114,0.9562043795620438,0.9411764705882353,-0.015027908973808568
D1084,TVAE,R3,0.9705882352941176,0.9562043795620438,0.9411764705882353,-0.015027908973808568
D1084,CART,R1,0.9562043795620438,0.9562043795620438,0.9411764705882353,-0.015027908973808568
D1084,CART,R2,0.9364161849710982,0.9562043795620438,0.9411764705882353,-0.015027908973808568
D1084,CART,R3,0.9115549215406562,0.9562043795620438,0.9411764705882353,-0.015027908973808568
D1085,TVAE,R1,0.9822485207100592,0.976401179941003,0.9526627218934911,-0.023738458047511846
D1085,TVAE,R2,0.9970193740685543,0.976401179941003,0.9526627218934911,-0.023738458047511846
D1085,TVAE,R3,0.9851851851851852,0.976401179941003,0.9526627218934911,-0.023738458047511846
D1085,CART,R1,0.9533527696793003,0.976401179941003,0.9526627218934911,-0.023738458047511846
D1085,CART,R2,0.9619326500732065,0.976401179941003,0.9526627218934911,-0.023738458047511846
D1085,CART,R3,0.976401179941003,0.976401179941003,0.9526627218934911,-0.023738458047511846
D1086,TVAE,R1,0.8980169971671388,0.9881305637982196,0.9760479041916168,-0.012082659606602819
D1086,TVAE,R2,0.950509461426492,0.9881305637982196,0.9760479041916168,-0.012082659606602819
D1086,TVAE,R3,0.9970193740685543,0.9881305637982196,0.9760479041916168,-0.012082659606602819
D1086,CART,R1,0.976401179941003,0.9881305637982196,0.9760479041916168,-0.012082659606602819
D1086,CART,R2,0.9881305637982196,0.9881305637982196,0.9760479041916168,-0.012082659606602819
D1086,CART,R3,0.9940476190476191,0.9881305637982196,0.9760479041916168,-0.012082659606602819
D1087,TVAE,R1,0.9822485207100592,0.9940476190476191,0.9584569732937686,-0.035590645753850514
D1087,TVAE,R2,0.9364161849710982,0.9940476190476191,0.9584569732937686,-0.035590645753850514
D1087,TVAE,R3,0.9822485207100592,0.9940476190476191,0.9584569732937686,-0.035590645753850514
D1087,CART,R1,0.8820224719101124,0.9940476190476191,0.9584569732937686,-0.035590645753850514
D1087,CART,R2,0.9676945668135095,0.9940476190476191,0.9584569732937686,-0.035590645753850514
D1087,CART,R3,0.9225251076040172,0.9940476190476191,0.9584569732937686,-0.035590645753850514
D1088,TVAE,R1,0.8980169971671388,1.0,0.9879518072289156,-0.012048192771084376
D1088,TVAE,R2,0.8953323903818954,1.0,0.9879518072289156,-0.012048192771084376
D1088,TVAE,R3,0.876750700280112,1.0,0.9879518072289156,-0.012048192771084376
D1088,CART,R1,0.8980169971671388,1.0,0.9879518072289156,-0.012048192771084376
D1088,CART,R2,0.8820224719101124,1.0,0.9879518072289156,-0.012048192771084376
D1088,CART,R3,0.8899858956276445,1.0,0.9879518072289156,-0.012048192771084376
D1089,TVAE,R1,0.8636995827538247,0.976401179941003,0.9526627218934911,-0.023738458047511846
D1089,TVAE,R2,0.9676945668135095,0.976401179941003,0.9526627218934911,-0.023738458047511846
D1089,TVAE,R3,0.9910846953937593,0.976401179941003,0.9526627218934911,-0.023738458047511846
D1089,CART,R1,0.9364161849710982,0.976401179941003,0.9526627218934911,-0.023738458047511846
D1089,CART,R2,0.9364161849710982,0.976401179941003,0.9526627218934911,-0.023738458047511846
D1089,CART,R3,0.9364161849710982,0.976401179941003,0.9526627218934911,-0.023738458047511846
D109,TVAE,R1,0.8926553672316384,0.9822485207100592,0.9642857142857143,-0.01796280642434489
D109,TVAE,R2,0.8611111111111112,0.9822485207100592,0.9642857142857143,-0.01796280642434489
D109,TVAE,R3,0.8926553672316384,0.9822485207100592,0.9642857142857143,-0.01796280642434489
D109,CART,R1,0.8820224719101124,0.9822485207100592,0.9642857142857143,-0.01796280642434489
D109,CART,R2,0.8820224719101124,0.9822485207100592,0.9642857142857143,-0.01796280642434489
D109,CART,R3,0.8820224719101124,0.9822485207100592,0.9642857142857143,-0.01796280642434489
D1090,TVAE,R1,0.9476744186046512,0.9940476190476191,0.9879518072289156,-0.006095811818703445
D1090,TVAE,R2,0.9822485207100592,0.9940476190476191,0.9879518072289156,-0.006095811818703445
D1090,TVAE,R3,0.9793205317577548,0.9940476190476191,0.9879518072289156,-0.006095811818703445
D1090,CART,R1,0.8820224719101124,0.9940476190476191,0.9879518072289156,-0.006095811818703445
D1090,CART,R2,0.8846694796061885,0.9940476190476191,0.9879518072289156,-0.006095811818703445
D1090,CART,R3,0.876750700280112,0.9940476190476191,0.9879518072289156,-0.006095811818703445
D1091,TVAE,R1,0.9734904270986745,0.9881305637982196,0.9939577039274925,0.005827140129272879
D1091,TVAE,R2,0.9590643274853801,0.9881305637982196,0.9939577039274925,0.005827140129272879
D1091,TVAE,R3,0.8980169971671388,0.9881305637982196,0.9939577039274925,0.005827140129272879
D1091,CART,R1,0.976401179941003,0.9881305637982196,0.9939577039274925,0.005827140129272879
D1091,CART,R2,0.9910846953937593,0.9881305637982196,0.9939577039274925,0.005827140129272879
D1091,CART,R3,0.9851851851851852,0.9881305637982196,0.9939577039274925,0.005827140129272879
D1092,TVAE,R1,0.9448476052249637,0.9822485207100592,0.9186046511627907,-0.06364386954726853
D1092,TVAE,R2,0.930835734870317,0.9822485207100592,0.9186046511627907,-0.06364386954726853
D1092,TVAE,R3,0.9940476190476191,0.9822485207100592,0.9186046511627907,-0.06364386954726853
D1092,CART,R1,0.9420289855072463,0.9822485207100592,0.9186046511627907,-0.06364386954726853
D1092,CART,R2,0.9970193740685543,0.9822485207100592,0.9186046511627907,-0.06364386954726853
D1092,CART,R3,0.9970193740685543,0.9822485207100592,0.9186046511627907,-0.06364386954726853
D1093,TVAE,R1,0.8533886583679114,0.9940476190476191,0.9879518072289156,-0.006095811818703445
D1093,TVAE,R2,0.9170243204577968,0.9940476190476191,0.9879518072289156,-0.006095811818703445
D1093,TVAE,R3,0.9793205317577548,0.9940476190476191,0.9879518072289156,-0.006095811818703445
D1093,CART,R1,0.9364161849710982,0.9940476190476191,0.9879518072289156,-0.006095811818703445
D1093,CART,R2,0.9364161849710982,0.9940476190476191,0.9879518072289156,-0.006095811818703445
D1093,CART,R3,0.9364161849710982,0.9940476190476191,0.9879518072289156,-0.006095811818703445
D1094,TVAE,R1,0.9881305637982196,0.9822485207100592,0.9584569732937686,-0.023791547416290637
D1094,TVAE,R2,0.9940476190476191,0.9822485207100592,0.9584569732937686,-0.023791547416290637
D1094,TVAE,R3,0.9793205317577548,0.9822485207100592,0.9584569732937686,-0.023791547416290637
D1094,CART,R1,0.9280575539568345,0.9822485207100592,0.9584569732937686,-0.023791547416290637
D1094,CART,R2,0.930835734870317,0.9822485207100592,0.9584569732937686,-0.023791547416290637
D1094,CART,R3,0.9225251076040172,0.9822485207100592,0.9584569732937686,-0.023791547416290637
D1095,TVAE,R1,0.9562043795620438,0.9590643274853801,0.9879518072289156,0.02888747974353556
D1095,TVAE,R2,0.9851851851851852,0.9590643274853801,0.9879518072289156,0.02888747974353556
D1095,TVAE,R3,0.930835734870317,0.9590643274853801,0.9879518072289156,0.02888747974353556
D1095,CART,R1,0.9734904270986745,0.9590643274853801,0.9879518072289156,0.02888747974353556
D1095,CART,R2,0.9619326500732065,0.9590643274853801,0.9879518072289156,0.02888747974353556
D1095,CART,R3,0.9734904270986745,0.9590643274853801,0.9879518072289156,0.02888747974353556
D1096,TVAE,R1,0.9280575539568345,0.9648093841642229,0.9939577039274925,0.029148319763269592
D1096,TVAE,R2,0.9881305637982196,0.9648093841642229,0.9939577039274925,0.029148319763269592
D1096,TVAE,R3,0.9590643274853801,0.9648093841642229,0.9939577039274925,0.029148319763269592
D1096,CART,R1,0.9088319088319088,0.9648093841642229,0.9939577039274925,0.029148319763269592
D1096,CART,R2,0.8980169971671388,0.9648093841642229,0.9939577039274925,0.029148319763269592
D1096,CART,R3,0.9142857142857143,0.9648093841642229,0.9939577039274925,0.029148319763269592
D1097,TVAE,R1,0.9170243204577968,0.9364161849710982,0.875,-0.06141618497109824
D1097,TVAE,R2,0.8559556786703602,0.9364161849710982,0.875,-0.06141618497109824
D1097,TVAE,R3,0.8431911966987621,0.9364161849710982,0.875,-0.06141618497109824
D1097,CART,R1,0.9648093841642229,0.9364161849710982,0.875,-0.06141618497109824
D1097,CART,R2,0.9619326500732065,0.9364161849710982,0.875,-0.06141618497109824
D1097,CART,R3,0.9533527696793003,0.9364161849710982,0.875,-0.06141618497109824
D1098,TVAE,R1,0.9734904270986745,0.9822485207100592,0.9760479041916168,-0.006200616518442392
D1098,TVAE,R2,0.9420289855072463,0.9822485207100592,0.9760479041916168,-0.006200616518442392
D1098,TVAE,R3,0.9280575539568345,0.9822485207100592,0.9760479041916168,-0.006200616518442392
D1098,CART,R1,0.9533527696793003,0.9822485207100592,0.9760479041916168,-0.006200616518442392
D1098,CART,R2,0.9533527696793003,0.9822485207100592,0.9760479041916168,-0.006200616518442392
D1098,CART,R3,0.9476744186046512,0.9822485207100592,0.9760479041916168,-0.006200616518442392
D1099,TVAE,R1,0.8926553672316384,0.976401179941003,0.9879518072289156,0.011550627287912674
D1099,TVAE,R2,0.976401179941003,0.976401179941003,0.9879518072289156,0.011550627287912674
D1099,TVAE,R3,0.8926553672316384,0.976401179941003,0.9879518072289156,0.011550627287912674
D1099,CART,R1,0.9364161849710982,0.976401179941003,0.9879518072289156,0.011550627287912674
D1099,CART,R2,0.9280575539568345,0.976401179941003,0.9879518072289156,0.011550627287912674
D1099,CART,R3,0.9392185238784371,0.976401179941003,0.9879518072289156,0.011550627287912674
D11,TVAE,R1,0.6834170854271356,0.9476744186046512,0.9879518072289156,0.04027738862426444
D11,TVAE,R2,0.7357512953367875,0.9476744186046512,0.9879518072289156,0.04027738862426444
D11,TVAE,R3,0.700507614213198,0.9476744186046512,0.9879518072289156,0.04027738862426444
D11,CART,R1,0.8306010928961749,0.9476744186046512,0.9879518072289156,0.04027738862426444
D11,CART,R2,0.7631578947368421,0.9476744186046512,0.9879518072289156,0.04027738862426444
D11,CART,R3,0.8010752688172043,0.9476744186046512,0.9879518072289156,0.04027738862426444
D110,TVAE,R1,0.8611111111111112,0.9822485207100592,0.9642857142857143,-0.01796280642434489
D110,TVAE,R2,0.9364161849710982,0.9822485207100592,0.9642857142857143,-0.01796280642434489
D110,TVAE,R3,0.8820224719101124,0.9822485207100592,0.9642857142857143,-0.01796280642434489
D110,CART,R1,0.8611111111111112,0.9822485207100592,0.9642857142857143,-0.01796280642434489
D110,CART,R2,0.8406593406593407,0.9822485207100592,0.9642857142857143,-0.01796280642434489
D110,CART,R3,0.8611111111111112,0.9822485207100592,0.9642857142857143,-0.01796280642434489
D1100,TVAE,R1,0.9142857142857143,0.9676945668135095,0.9130434782608695,-0.054651088552640004
D1100,TVAE,R2,0.9705882352941176,0.9676945668135095,0.9130434782608695,-0.054651088552640004
D1100,TVAE,R3,0.976401179941003,0.9676945668135095,0.9130434782608695,-0.054651088552640004
D1100,CART,R1,0.930835734870317,0.9676945668135095,0.9130434782608695,-0.054651088552640004
D1100,CART,R2,0.9420289855072463,0.9676945668135095,0.9130434782608695,-0.054651088552640004
D1100,CART,R3,0.9170243204577968,0.9676945668135095,0.9130434782608695,-0.054651088552640004
D1101,TVAE,R1,0.9619326500732065,0.9940476190476191,0.9879518072289156,-0.006095811818703445
D1101,TVAE,R2,0.8482758620689655,0.9940476190476191,0.9879518072289156,-0.006095811818703445
D1101,TVAE,R3,0.9197707736389685,0.9940476190476191,0.9879518072289156,-0.006095811818703445
D1101,CART,R1,0.9851851851851852,0.9940476190476191,0.9879518072289156,-0.006095811818703445
D1101,CART,R2,0.9793205317577548,0.9940476190476191,0.9879518072289156,-0.006095811818703445
D1101,CART,R3,1.0,0.9940476190476191,0.9879518072289156,-0.006095811818703445
D1102,TVAE,R1,0.9793205317577548,0.9734904270986745,0.9354838709677419,-0.03800655613093262
D1102,TVAE,R2,0.950509461426492,0.9734904270986745,0.9354838709677419,-0.03800655613093262
D1102,TVAE,R3,0.9648093841642229,0.9734904270986745,0.9354838709677419,-0.03800655613093262
D1102,CART,R1,0.9619326500732065,0.9734904270986745,0.9354838709677419,-0.03800655613093262
D1102,CART,R2,0.9705882352941176,0.9734904270986745,0.9354838709677419,-0.03800655613093262
D1102,CART,R3,0.9533527696793003,0.9734904270986745,0.9354838709677419,-0.03800655613093262
D1103,TVAE,R1,0.8636995827538247,0.930835734870317,0.9879518072289156,0.05711607235859861
D1103,TVAE,R2,0.8533886583679114,0.930835734870317,0.9879518072289156,0.05711607235859861
D1103,TVAE,R3,0.9533527696793003,0.930835734870317,0.9879518072289156,0.05711607235859861
D1103,CART,R1,0.876750700280112,0.930835734870317,0.9879518072289156,0.05711607235859861
D1103,CART,R2,0.8585298196948682,0.930835734870317,0.9879518072289156,0.05711607235859861
D1103,CART,R3,0.8585298196948682,0.930835734870317,0.9879518072289156,0.05711607235859861
D1104,TVAE,R1,0.9619326500732065,0.9734904270986745,0.9760479041916168,0.002557477092942295
D1104,TVAE,R2,0.976401179941003,0.9734904270986745,0.9760479041916168,0.002557477092942295
D1104,TVAE,R3,0.9364161849710982,0.9734904270986745,0.9760479041916168,0.002557477092942295
D1104,CART,R1,0.9392185238784371,0.9734904270986745,0.9760479041916168,0.002557477092942295
D1104,CART,R2,0.8980169971671388,0.9734904270986745,0.9760479041916168,0.002557477092942295
D1104,CART,R3,0.9734904270986745,0.9734904270986745,0.9760479041916168,0.002557477092942295
D1105,TVAE,R1,0.8980169971671388,0.9881305637982196,0.9760479041916168,-0.012082659606602819
D1105,TVAE,R2,0.9619326500732065,0.9881305637982196,0.9760479041916168,-0.012082659606602819
D1105,TVAE,R3,0.9940476190476191,0.9881305637982196,0.9760479041916168,-0.012082659606602819
D1105,CART,R1,0.976401179941003,0.9881305637982196,0.9760479041916168,-0.012082659606602819
D1105,CART,R2,0.976401179941003,0.9881305637982196,0.9760479041916168,-0.012082659606602819
D1105,CART,R3,0.976401179941003,0.9881305637982196,0.9760479041916168,-0.012082659606602819
D1106,TVAE,R1,0.9970193740685543,0.9881305637982196,0.9879518072289156,-0.00017875656930399497
D1106,TVAE,R2,0.9793205317577548,0.9881305637982196,0.9879518072289156,-0.00017875656930399497
D1106,TVAE,R3,0.9448476052249637,0.9881305637982196,0.9879518072289156,-0.00017875656930399497
D1106,CART,R1,0.9061166429587483,0.9881305637982196,0.9879518072289156,-0.00017875656930399497
D1106,CART,R2,0.9088319088319088,0.9881305637982196,0.9879518072289156,-0.00017875656930399497
D1106,CART,R3,0.9061166429587483,0.9881305637982196,0.9879518072289156,-0.00017875656930399497
D1107,TVAE,R1,0.9061166429587483,0.9851851851851852,0.9819819819819819,-0.00320320320320322
D1107,TVAE,R2,0.9676945668135095,0.9851851851851852,0.9819819819819819,-0.00320320320320322
D1107,TVAE,R3,0.8846694796061885,0.9851851851851852,0.9819819819819819,-0.00320320320320322
D1107,CART,R1,0.9364161849710982,0.9851851851851852,0.9819819819819819,-0.00320320320320322
D1107,CART,R2,0.9448476052249637,0.9851851851851852,0.9819819819819819,-0.00320320320320322
D1107,CART,R3,0.9448476052249637,0.9851851851851852,0.9819819819819819,-0.00320320320320322
D1108,TVAE,R1,0.8926553672316384,0.9851851851851852,0.9186046511627907,-0.0665805340223945
D1108,TVAE,R2,0.8980169971671388,0.9851851851851852,0.9186046511627907,-0.0665805340223945
D1108,TVAE,R3,0.9476744186046512,0.9851851851851852,0.9186046511627907,-0.0665805340223945
D1108,CART,R1,0.9648093841642229,0.9851851851851852,0.9186046511627907,-0.0665805340223945
D1108,CART,R2,0.9940476190476191,0.9851851851851852,0.9186046511627907,-0.0665805340223945
D1108,CART,R3,0.9940476190476191,0.9851851851851852,0.9186046511627907,-0.0665805340223945
D1109,TVAE,R1,0.9734904270986745,0.976401179941003,0.9526627218934911,-0.023738458047511846
D1109,TVAE,R2,0.9619326500732065,0.976401179941003,0.9526627218934911,-0.023738458047511846
D1109,TVAE,R3,0.9822485207100592,0.976401179941003,0.9526627218934911,-0.023738458047511846
D1109,CART,R1,0.9881305637982196,0.976401179941003,0.9526627218934911,-0.023738458047511846
D1109,CART,R2,0.9881305637982196,0.976401179941003,0.9526627218934911,-0.023738458047511846
D1109,CART,R3,0.9881305637982196,0.976401179941003,0.9526627218934911,-0.023738458047511846
D111,TVAE,R1,0.9252873563218391,0.9476744186046512,0.8131868131868132,-0.134487605417838
D111,TVAE,R2,0.8010752688172043,0.9476744186046512,0.8131868131868132,-0.134487605417838
D111,TVAE,R3,0.8206521739130435,0.9476744186046512,0.8131868131868132,-0.134487605417838
D111,CART,R1,0.8306010928961749,0.9476744186046512,0.8131868131868132,-0.134487605417838
D111,CART,R2,0.8611111111111112,0.9476744186046512,0.8131868131868132,-0.134487605417838
D111,CART,R3,0.8715083798882681,0.9476744186046512,0.8131868131868132,-0.134487605417838
D1110,TVAE,R1,0.9252873563218391,0.9648093841642229,0.9298245614035088,-0.03498482276071413
D1110,TVAE,R2,0.9420289855072463,0.9648093841642229,0.9298245614035088,-0.03498482276071413
D1110,TVAE,R3,0.9364161849710982,0.9648093841642229,0.9298245614035088,-0.03498482276071413
D1110,CART,R1,0.9476744186046512,0.9648093841642229,0.9298245614035088,-0.03498482276071413
D1110,CART,R2,0.9590643274853801,0.9648093841642229,0.9298245614035088,-0.03498482276071413
D1110,CART,R3,0.9676945668135095,0.9648093841642229,0.9298245614035088,-0.03498482276071413
D1111,TVAE,R1,0.9590643274853801,0.9970193740685543,0.9642857142857143,-0.03273365978284004
D1111,TVAE,R2,0.9676945668135095,0.9970193740685543,0.9642857142857143,-0.03273365978284004
D1111,TVAE,R3,0.976401179941003,0.9970193740685543,0.9642857142857143,-0.03273365978284004
D1111,CART,R1,0.9851851851851852,0.9970193740685543,0.9642857142857143,-0.03273365978284004
D1111,CART,R2,0.9910846953937593,0.9970193740685543,0.9642857142857143,-0.03273365978284004
D1111,CART,R3,0.9970193740685543,0.9970193740685543,0.9642857142857143,-0.03273365978284004
D1112,TVAE,R1,0.9336219336219336,0.976401179941003,0.9411764705882353,-0.03522470935276767
D1112,TVAE,R2,0.8662952646239555,0.976401179941003,0.9411764705882353,-0.03522470935276767
D1112,TVAE,R3,0.9115549215406562,0.976401179941003,0.9411764705882353,-0.03522470935276767
D1112,CART,R1,0.976401179941003,0.976401179941003,0.9411764705882353,-0.03522470935276767
D1112,CART,R2,0.9142857142857143,0.976401179941003,0.9411764705882353,-0.03522470935276767
D1112,CART,R3,0.9476744186046512,0.976401179941003,0.9411764705882353,-0.03522470935276767
D1113,TVAE,R1,0.9851851851851852,0.9970193740685543,0.9939577039274925,-0.003061670141061845
D1113,TVAE,R2,0.9619326500732065,0.9970193740685543,0.9939577039274925,-0.003061670141061845
D1113,TVAE,R3,0.9851851851851852,0.9970193740685543,0.9939577039274925,-0.003061670141061845
D1113,CART,R1,0.9476744186046512,0.9970193740685543,0.9939577039274925,-0.003061670141061845
D1113,CART,R2,0.9448476052249637,0.9970193740685543,0.9939577039274925,-0.003061670141061845
D1113,CART,R3,0.950509461426492,0.9970193740685543,0.9939577039274925,-0.003061670141061845
D1114,TVAE,R1,0.8406593406593407,0.9734904270986745,0.9469026548672567,-0.02658777223141784
D1114,TVAE,R2,0.8873239436619719,0.9734904270986745,0.9469026548672567,-0.02658777223141784
D1114,TVAE,R3,0.8926553672316384,0.9734904270986745,0.9469026548672567,-0.02658777223141784
D1114,CART,R1,0.9940476190476191,0.9734904270986745,0.9469026548672567,-0.02658777223141784
D1114,CART,R2,0.9851851851851852,0.9734904270986745,0.9469026548672567,-0.02658777223141784
D1114,CART,R3,0.9970193740685543,0.9734904270986745,0.9469026548672567,-0.02658777223141784
D1115,TVAE,R1,0.9734904270986745,0.9533527696793003,0.9186046511627907,-0.03474811851650961
D1115,TVAE,R2,0.9970193740685543,0.9533527696793003,0.9186046511627907,-0.03474811851650961
D1115,TVAE,R3,0.9793205317577548,0.9533527696793003,0.9186046511627907,-0.03474811851650961
D1115,CART,R1,1.0,0.9533527696793003,0.9186046511627907,-0.03474811851650961
D1115,CART,R2,1.0,0.9533527696793003,0.9186046511627907,-0.03474811851650961
D1115,CART,R3,0.9851851851851852,0.9533527696793003,0.9186046511627907,-0.03474811851650961
D1116,TVAE,R1,0.879382889200561,0.9562043795620438,0.9411764705882353,-0.015027908973808568
D1116,TVAE,R2,0.9034090909090909,0.9562043795620438,0.9411764705882353,-0.015027908973808568
D1116,TVAE,R3,0.9392185238784371,0.9562043795620438,0.9411764705882353,-0.015027908973808568
D1116,CART,R1,0.9225251076040172,0.9562043795620438,0.9411764705882353,-0.015027908973808568
D1116,CART,R2,0.9197707736389685,0.9562043795620438,0.9411764705882353,-0.015027908973808568
D1116,CART,R3,0.9562043795620438,0.9562043795620438,0.9411764705882353,-0.015027908973808568
D1117,TVAE,R1,0.9088319088319088,0.976401179941003,0.9526627218934911,-0.023738458047511846
D1117,TVAE,R2,0.976401179941003,0.976401179941003,0.9526627218934911,-0.023738458047511846
D1117,TVAE,R3,0.900709219858156,0.976401179941003,0.9526627218934911,-0.023738458047511846
D1117,CART,R1,0.9648093841642229,0.976401179941003,0.9526627218934911,-0.023738458047511846
D1117,CART,R2,0.9851851851851852,0.976401179941003,0.9526627218934911,-0.023738458047511846
D1117,CART,R3,0.9881305637982196,0.976401179941003,0.9526627218934911,-0.023738458047511846
D1118,TVAE,R1,0.9881305637982196,0.9881305637982196,0.9760479041916168,-0.012082659606602819
D1118,TVAE,R2,0.9822485207100592,0.9881305637982196,0.9760479041916168,-0.012082659606602819
D1118,TVAE,R3,0.8846694796061885,0.9881305637982196,0.9760479041916168,-0.012082659606602819
D1118,CART,R1,0.9940476190476191,0.9881305637982196,0.9760479041916168,-0.012082659606602819
D1118,CART,R2,0.9881305637982196,0.9881305637982196,0.9760479041916168,-0.012082659606602819
D1118,CART,R3,0.976401179941003,0.9881305637982196,0.9760479041916168,-0.012082659606602819
D1119,TVAE,R1,0.9252873563218391,0.9940476190476191,0.9584569732937686,-0.035590645753850514
D1119,TVAE,R2,0.9252873563218391,0.9940476190476191,0.9584569732937686,-0.035590645753850514
D1119,TVAE,R3,0.8533886583679114,0.9940476190476191,0.9584569732937686,-0.035590645753850514
D1119,CART,R1,0.9061166429587483,0.9940476190476191,0.9584569732937686,-0.035590645753850514
D1119,CART,R2,0.9061166429587483,0.9940476190476191,0.9584569732937686,-0.035590645753850514
D1119,CART,R3,0.9034090909090909,0.9940476190476191,0.9584569732937686,-0.035590645753850514
D112,TVAE,R1,0.9705882352941176,0.8820224719101124,0.8539325842696629,-0.028089887640449507
D112,TVAE,R2,0.8715083798882681,0.8820224719101124,0.8539325842696629,-0.028089887640449507
D112,TVAE,R3,0.9252873563218391,0.8820224719101124,0.8539325842696629,-0.028089887640449507
D112,CART,R1,0.8715083798882681,0.8820224719101124,0.8539325842696629,-0.028089887640449507
D112,CART,R2,0.8715083798882681,0.8820224719101124,0.8539325842696629,-0.028089887640449507
D112,CART,R3,0.8926553672316384,0.8820224719101124,0.8539325842696629,-0.028089887640449507
D1120,TVAE,R1,0.8846694796061885,1.0,0.9879518072289156,-0.012048192771084376
D1120,TVAE,R2,0.9822485207100592,1.0,0.9879518072289156,-0.012048192771084376
D1120,TVAE,R3,0.9648093841642229,1.0,0.9879518072289156,-0.012048192771084376
D1120,CART,R1,0.8688981868898187,1.0,0.9879518072289156,-0.012048192771084376
D1120,CART,R2,0.8899858956276445,1.0,0.9879518072289156,-0.012048192771084376
D1120,CART,R3,0.8846694796061885,1.0,0.9879518072289156,-0.012048192771084376
D1121,TVAE,R1,0.9970193740685543,0.976401179941003,0.9526627218934911,-0.023738458047511846
D1121,TVAE,R2,0.9476744186046512,0.976401179941003,0.9526627218934911,-0.023738458047511846
D1121,TVAE,R3,0.9940476190476191,0.976401179941003,0.9526627218934911,-0.023738458047511846
D1121,CART,R1,0.9364161849710982,0.976401179941003,0.9526627218934911,-0.023738458047511846
D1121,CART,R2,0.9364161849710982,0.976401179941003,0.9526627218934911,-0.023738458047511846
D1121,CART,R3,0.9364161849710982,0.976401179941003,0.9526627218934911,-0.023738458047511846
D1122,TVAE,R1,0.9590643274853801,0.9940476190476191,0.9879518072289156,-0.006095811818703445
D1122,TVAE,R2,0.9420289855072463,0.9940476190476191,0.9879518072289156,-0.006095811818703445
D1122,TVAE,R3,0.8953323903818954,0.9940476190476191,0.9879518072289156,-0.006095811818703445
D1122,CART,R1,0.876750700280112,0.9940476190476191,0.9879518072289156,-0.006095811818703445
D1122,CART,R2,0.879382889200561,0.9940476190476191,0.9879518072289156,-0.006095811818703445
D1122,CART,R3,0.8846694796061885,0.9940476190476191,0.9879518072289156,-0.006095811818703445
D1123,TVAE,R1,0.9252873563218391,0.9881305637982196,0.9939577039274925,0.005827140129272879
D1123,TVAE,R2,0.976401179941003,0.9881305637982196,0.9939577039274925,0.005827140129272879
D1123,TVAE,R3,0.9061166429587483,0.9881305637982196,0.9939577039274925,0.005827140129272879
D1123,CART,R1,0.9881305637982196,0.9881305637982196,0.9939577039274925,0.005827140129272879
D1123,CART,R2,0.976401179941003,0.9881305637982196,0.9939577039274925,0.005827140129272879
D1123,CART,R3,0.9648093841642229,0.9881305637982196,0.9939577039274925,0.005827140129272879
D1124,TVAE,R1,0.9705882352941176,0.9822485207100592,0.9186046511627907,-0.06364386954726853
D1124,TVAE,R2,0.9676945668135095,0.9822485207100592,0.9186046511627907,-0.06364386954726853
D1124,TVAE,R3,0.9881305637982196,0.9822485207100592,0.9186046511627907,-0.06364386954726853
D1124,CART,R1,0.9648093841642229,0.9822485207100592,0.9186046511627907,-0.06364386954726853
D1124,CART,R2,0.9619326500732065,0.9822485207100592,0.9186046511627907,-0.06364386954726853
D1124,CART,R3,0.9970193740685543,0.9822485207100592,0.9186046511627907,-0.06364386954726853
D1125,TVAE,R1,0.9170243204577968,0.9940476190476191,0.9879518072289156,-0.006095811818703445
D1125,TVAE,R2,0.9170243204577968,0.9940476190476191,0.9879518072289156,-0.006095811818703445
D1125,TVAE,R3,0.9562043795620438,0.9940476190476191,0.9879518072289156,-0.006095811818703445
D1125,CART,R1,0.9364161849710982,0.9940476190476191,0.9879518072289156,-0.006095811818703445
D1125,CART,R2,0.9364161849710982,0.9940476190476191,0.9879518072289156,-0.006095811818703445
D1125,CART,R3,0.9364161849710982,0.9940476190476191,0.9879518072289156,-0.006095811818703445
D1126,TVAE,R1,0.9590643274853801,0.9822485207100592,0.9584569732937686,-0.023791547416290637
D1126,TVAE,R2,0.9676945668135095,0.9822485207100592,0.9584569732937686,-0.023791547416290637
D1126,TVAE,R3,0.976401179941003,0.9822485207100592,0.9584569732937686,-0.023791547416290637
D1126,CART,R1,0.9336219336219336,0.9822485207100592,0.9584569732937686,-0.023791547416290637
D1126,CART,R2,0.9280575539568345,0.9822485207100592,0.9584569732937686,-0.023791547416290637
D1126,CART,R3,0.9280575539568345,0.9822485207100592,0.9584569732937686,-0.023791547416290637
D1127,TVAE,R1,0.9881305637982196,0.9590643274853801,0.9879518072289156,0.02888747974353556
D1127,TVAE,R2,0.9940476190476191,0.9590643274853801,0.9879518072289156,0.02888747974353556
D1127,TVAE,R3,0.9562043795620438,0.9590643274853801,0.9879518072289156,0.02888747974353556
D1127,CART,R1,0.9881305637982196,0.9590643274853801,0.9879518072289156,0.02888747974353556
D1127,CART,R2,0.9705882352941176,0.9590643274853801,0.9879518072289156,0.02888747974353556
D1127,CART,R3,0.9648093841642229,0.9590643274853801,0.9879518072289156,0.02888747974353556
D1128,TVAE,R1,0.9970193740685543,0.9648093841642229,0.9939577039274925,0.029148319763269592
D1128,TVAE,R2,0.9420289855072463,0.9648093841642229,0.9939577039274925,0.029148319763269592
D1128,TVAE,R3,0.9533527696793003,0.9648093841642229,0.9939577039274925,0.029148319763269592
D1128,CART,R1,0.8846694796061885,0.9648093841642229,0.9939577039274925,0.029148319763269592
D1128,CART,R2,0.9225251076040172,0.9648093841642229,0.9939577039274925,0.029148319763269592
D1128,CART,R3,0.9115549215406562,0.9648093841642229,0.9939577039274925,0.029148319763269592
D1129,TVAE,R1,0.9336219336219336,0.9364161849710982,0.875,-0.06141618497109824
D1129,TVAE,R2,0.900709219858156,0.9364161849710982,0.875,-0.06141618497109824
D1129,TVAE,R3,0.9197707736389685,0.9364161849710982,0.875,-0.06141618497109824
D1129,CART,R1,0.9619326500732065,0.9364161849710982,0.875,-0.06141618497109824
D1129,CART,R2,0.9619326500732065,0.9364161849710982,0.875,-0.06141618497109824
D1129,CART,R3,0.9619326500732065,0.9364161849710982,0.875,-0.06141618497109824
D113,TVAE,R1,0.9034090909090909,0.8926553672316384,0.7934782608695652,-0.09917710636207322
D113,TVAE,R2,0.7539267015706806,0.8926553672316384,0.7934782608695652,-0.09917710636207322
D113,TVAE,R3,0.8306010928961749,0.8926553672316384,0.7934782608695652,-0.09917710636207322
D113,CART,R1,0.8611111111111112,0.8926553672316384,0.7934782608695652,-0.09917710636207322
D113,CART,R2,0.8611111111111112,0.8926553672316384,0.7934782608695652,-0.09917710636207322
D113,CART,R3,0.8611111111111112,0.8926553672316384,0.7934782608695652,-0.09917710636207322
D1130,TVAE,R1,0.9676945668135095,0.9822485207100592,0.9760479041916168,-0.006200616518442392
D1130,TVAE,R2,0.9851851851851852,0.9822485207100592,0.9760479041916168,-0.006200616518442392
D1130,TVAE,R3,0.9793205317577548,0.9822485207100592,0.9760479041916168,-0.006200616518442392
D1130,CART,R1,0.9533527696793003,0.9822485207100592,0.9760479041916168,-0.006200616518442392
D1130,CART,R2,0.9533527696793003,0.9822485207100592,0.9760479041916168,-0.006200616518442392
D1130,CART,R3,0.9533527696793003,0.9822485207100592,0.9760479041916168,-0.006200616518442392
D1131,TVAE,R1,0.8741258741258742,0.976401179941003,0.9879518072289156,0.011550627287912674
D1131,TVAE,R2,0.9170243204577968,0.976401179941003,0.9879518072289156,0.011550627287912674
D1131,TVAE,R3,0.9336219336219336,0.976401179941003,0.9879518072289156,0.011550627287912674
D1131,CART,R1,0.9392185238784371,0.976401179941003,0.9879518072289156,0.011550627287912674
D1131,CART,R2,0.9448476052249637,0.976401179941003,0.9879518072289156,0.011550627287912674
D1131,CART,R3,0.950509461426492,0.976401179941003,0.9879518072289156,0.011550627287912674
D1132,TVAE,R1,0.9734904270986745,0.9676945668135095,0.9130434782608695,-0.054651088552640004
D1132,TVAE,R2,0.8980169971671388,0.9676945668135095,0.9130434782608695,-0.054651088552640004
D1132,TVAE,R3,0.9851851851851852,0.9676945668135095,0.9130434782608695,-0.054651088552640004
D1132,CART,R1,0.8980169971671388,0.9676945668135095,0.9130434782608695,-0.054651088552640004
D1132,CART,R2,0.9476744186046512,0.9676945668135095,0.9130434782608695,-0.054651088552640004
D1132,CART,R3,0.900709219858156,0.9676945668135095,0.9130434782608695,-0.054651088552640004
D1133,TVAE,R1,0.9851851851851852,0.9940476190476191,0.9879518072289156,-0.006095811818703445
D1133,TVAE,R2,0.9793205317577548,0.9940476190476191,0.9879518072289156,-0.006095811818703445
D1133,TVAE,R3,0.9533527696793003,0.9940476190476191,0.9879518072289156,-0.006095811818703445
D1133,CART,R1,0.9970193740685543,0.9940476190476191,0.9879518072289156,-0.006095811818703445
D1133,CART,R2,0.9970193740685543,0.9940476190476191,0.9879518072289156,-0.006095811818703445
D1133,CART,R3,0.9970193740685543,0.9940476190476191,0.9879518072289156,-0.006095811818703445
D1134,TVAE,R1,0.9619326500732065,0.9734904270986745,0.9354838709677419,-0.03800655613093262
D1134,TVAE,R2,0.9705882352941176,0.9734904270986745,0.9354838709677419,-0.03800655613093262
D1134,TVAE,R3,0.9088319088319088,0.9734904270986745,0.9354838709677419,-0.03800655613093262
D1134,CART,R1,0.9533527696793003,0.9734904270986745,0.9354838709677419,-0.03800655613093262
D1134,CART,R2,0.9562043795620438,0.9734904270986745,0.9354838709677419,-0.03800655613093262
D1134,CART,R3,0.9392185238784371,0.9734904270986745,0.9354838709677419,-0.03800655613093262
D1135,TVAE,R1,0.930835734870317,0.930835734870317,0.9879518072289156,0.05711607235859861
D1135,TVAE,R2,0.8899858956276445,0.930835734870317,0.9879518072289156,0.05711607235859861
D1135,TVAE,R3,0.9822485207100592,0.930835734870317,0.9879518072289156,0.05711607235859861
D1135,CART,R1,0.8688981868898187,0.930835734870317,0.9879518072289156,0.05711607235859861
D1135,CART,R2,0.8899858956276445,0.930835734870317,0.9879518072289156,0.05711607235859861
D1135,CART,R3,0.876750700280112,0.930835734870317,0.9879518072289156,0.05711607235859861
D1136,TVAE,R1,0.8431911966987621,0.9734904270986745,0.9760479041916168,0.002557477092942295
D1136,TVAE,R2,0.9476744186046512,0.9734904270986745,0.9760479041916168,0.002557477092942295
D1136,TVAE,R3,0.8108108108108109,0.9734904270986745,0.9760479041916168,0.002557477092942295
D1136,CART,R1,0.950509461426492,0.9734904270986745,0.9760479041916168,0.002557477092942295
D1136,CART,R2,0.9061166429587483,0.9734904270986745,0.9760479041916168,0.002557477092942295
D1136,CART,R3,0.9142857142857143,0.9734904270986745,0.9760479041916168,0.002557477092942295
D1137,TVAE,R1,0.8846694796061885,0.9881305637982196,0.9760479041916168,-0.012082659606602819
D1137,TVAE,R2,0.9448476052249637,0.9881305637982196,0.9760479041916168,-0.012082659606602819
D1137,TVAE,R3,0.9851851851851852,0.9881305637982196,0.9760479041916168,-0.012082659606602819
D1137,CART,R1,0.976401179941003,0.9881305637982196,0.9760479041916168,-0.012082659606602819
D1137,CART,R2,0.976401179941003,0.9881305637982196,0.9760479041916168,-0.012082659606602819
D1137,CART,R3,0.976401179941003,0.9881305637982196,0.9760479041916168,-0.012082659606602819
D1138,TVAE,R1,0.9705882352941176,0.9881305637982196,0.9879518072289156,-0.00017875656930399497
D1138,TVAE,R2,0.9533527696793003,0.9881305637982196,0.9879518072289156,-0.00017875656930399497
D1138,TVAE,R3,0.9280575539568345,0.9881305637982196,0.9879518072289156,-0.00017875656930399497
D1138,CART,R1,0.9061166429587483,0.9881305637982196,0.9879518072289156,-0.00017875656930399497
D1138,CART,R2,0.9170243204577968,0.9881305637982196,0.9879518072289156,-0.00017875656930399497
D1138,CART,R3,0.8953323903818954,0.9881305637982196,0.9879518072289156,-0.00017875656930399497
D1139,TVAE,R1,0.9061166429587483,0.9851851851851852,0.9819819819819819,-0.00320320320320322
D1139,TVAE,R2,0.9940476190476191,0.9851851851851852,0.9819819819819819,-0.00320320320320322
D1139,TVAE,R3,0.9676945668135095,0.9851851851851852,0.9819819819819819,-0.00320320320320322
D1139,CART,R1,0.9476744186046512,0.9851851851851852,0.9819819819819819,-0.00320320320320322
D1139,CART,R2,0.9476744186046512,0.9851851851851852,0.9819819819819819,-0.00320320320320322
D1139,CART,R3,0.9392185238784371,0.9851851851851852,0.9819819819819819,-0.00320320320320322
D114,TVAE,R1,0.9705882352941176,0.9590643274853801,0.9186046511627907,-0.0404596763225894
D114,TVAE,R2,0.9590643274853801,0.9590643274853801,0.9186046511627907,-0.0404596763225894
D114,TVAE,R3,0.9142857142857143,0.9590643274853801,0.9186046511627907,-0.0404596763225894
D114,CART,R1,0.850828729281768,0.9590643274853801,0.9186046511627907,-0.0404596763225894
D114,CART,R2,0.850828729281768,0.9590643274853801,0.9186046511627907,-0.0404596763225894
D114,CART,R3,0.8611111111111112,0.9590643274853801,0.9186046511627907,-0.0404596763225894
D1140,TVAE,R1,0.9793205317577548,0.9851851851851852,0.9186046511627907,-0.0665805340223945
D1140,TVAE,R2,0.9793205317577548,0.9851851851851852,0.9186046511627907,-0.0665805340223945
D1140,TVAE,R3,0.9705882352941176,0.9851851851851852,0.9186046511627907,-0.0665805340223945
D1140,CART,R1,0.9590643274853801,0.9851851851851852,0.9186046511627907,-0.0665805340223945
D1140,CART,R2,0.9793205317577548,0.9851851851851852,0.9186046511627907,-0.0665805340223945
D1140,CART,R3,0.9970193740685543,0.9851851851851852,0.9186046511627907,-0.0665805340223945
D1141,TVAE,R1,0.9648093841642229,0.976401179941003,0.9526627218934911,-0.023738458047511846
D1141,TVAE,R2,0.9705882352941176,0.976401179941003,0.9526627218934911,-0.023738458047511846
D1141,TVAE,R3,0.9648093841642229,0.976401179941003,0.9526627218934911,-0.023738458047511846
D1141,CART,R1,0.9881305637982196,0.976401179941003,0.9526627218934911,-0.023738458047511846
D1141,CART,R2,0.9881305637982196,0.976401179941003,0.9526627218934911,-0.023738458047511846
D1141,CART,R3,0.9881305637982196,0.976401179941003,0.9526627218934911,-0.023738458047511846
D1142,TVAE,R1,0.9336219336219336,0.9648093841642229,0.9298245614035088,-0.03498482276071413
D1142,TVAE,R2,0.9061166429587483,0.9648093841642229,0.9298245614035088,-0.03498482276071413
D1142,TVAE,R3,0.8899858956276445,0.9648093841642229,0.9298245614035088,-0.03498482276071413
D1142,CART,R1,0.9448476052249637,0.9648093841642229,0.9298245614035088,-0.03498482276071413
D1142,CART,R2,0.9590643274853801,0.9648093841642229,0.9298245614035088,-0.03498482276071413
D1142,CART,R3,0.9476744186046512,0.9648093841642229,0.9298245614035088,-0.03498482276071413
D1143,TVAE,R1,0.9881305637982196,0.9970193740685543,0.9642857142857143,-0.03273365978284004
D1143,TVAE,R2,0.8926553672316384,0.9970193740685543,0.9642857142857143,-0.03273365978284004
D1143,TVAE,R3,0.9851851851851852,0.9970193740685543,0.9642857142857143,-0.03273365978284004
D1143,CART,R1,0.9881305637982196,0.9970193740685543,0.9642857142857143,-0.03273365978284004
D1143,CART,R2,0.9822485207100592,0.9970193740685543,0.9642857142857143,-0.03273365978284004
D1143,CART,R3,0.9822485207100592,0.9970193740685543,0.9642857142857143,-0.03273365978284004
D1144,TVAE,R1,0.8406593406593407,0.976401179941003,0.9411764705882353,-0.03522470935276767
D1144,TVAE,R2,0.9590643274853801,0.976401179941003,0.9411764705882353,-0.03522470935276767
D1144,TVAE,R3,0.8331053351573188,0.976401179941003,0.9411764705882353,-0.03522470935276767
D1144,CART,R1,0.9197707736389685,0.976401179941003,0.9411764705882353,-0.03522470935276767
D1144,CART,R2,0.930835734870317,0.976401179941003,0.9411764705882353,-0.03522470935276767
D1144,CART,R3,0.9420289855072463,0.976401179941003,0.9411764705882353,-0.03522470935276767
D1145,TVAE,R1,0.9225251076040172,0.9970193740685543,0.9939577039274925,-0.003061670141061845
D1145,TVAE,R2,0.8873239436619719,0.9970193740685543,0.9939577039274925,-0.003061670141061845
D1145,TVAE,R3,0.9448476052249637,0.9970193740685543,0.9939577039274925,-0.003061670141061845
D1145,CART,R1,0.9476744186046512,0.9970193740685543,0.9939577039274925,-0.003061670141061845
D1145,CART,R2,0.9476744186046512,0.9970193740685543,0.9939577039274925,-0.003061670141061845
D1145,CART,R3,0.9476744186046512,0.9970193740685543,0.9939577039274925,-0.003061670141061845
D1146,TVAE,R1,0.8899858956276445,0.9734904270986745,0.9469026548672567,-0.02658777223141784
D1146,TVAE,R2,0.9619326500732065,0.9734904270986745,0.9469026548672567,-0.02658777223141784
D1146,TVAE,R3,0.9034090909090909,0.9734904270986745,0.9469026548672567,-0.02658777223141784
D1146,CART,R1,1.0,0.9734904270986745,0.9469026548672567,-0.02658777223141784
D1146,CART,R2,0.9940476190476191,0.9734904270986745,0.9469026548672567,-0.02658777223141784
D1146,CART,R3,0.9940476190476191,0.9734904270986745,0.9469026548672567,-0.02658777223141784
D1147,TVAE,R1,0.930835734870317,0.9533527696793003,0.9186046511627907,-0.03474811851650961
D1147,TVAE,R2,0.9088319088319088,0.9533527696793003,0.9186046511627907,-0.03474811851650961
D1147,TVAE,R3,0.9533527696793003,0.9533527696793003,0.9186046511627907,-0.03474811851650961
D1147,CART,R1,0.9822485207100592,0.9533527696793003,0.9186046511627907,-0.03474811851650961
D1147,CART,R2,0.9705882352941176,0.9533527696793003,0.9186046511627907,-0.03474811851650961
D1147,CART,R3,0.9881305637982196,0.9533527696793003,0.9186046511627907,-0.03474811851650961
D1148,TVAE,R1,0.9392185238784371,0.9562043795620438,0.9411764705882353,-0.015027908973808568
D1148,TVAE,R2,0.9420289855072463,0.9562043795620438,0.9411764705882353,-0.015027908973808568
D1148,TVAE,R3,0.9088319088319088,0.9562043795620438,0.9411764705882353,-0.015027908973808568
D1148,CART,R1,0.9392185238784371,0.9562043795620438,0.9411764705882353,-0.015027908973808568
D1148,CART,R2,0.930835734870317,0.9562043795620438,0.9411764705882353,-0.015027908973808568
D1148,CART,R3,0.930835734870317,0.9562043795620438,0.9411764705882353,-0.015027908973808568
D1149,TVAE,R1,0.930835734870317,0.976401179941003,0.9526627218934911,-0.023738458047511846
D1149,TVAE,R2,0.9910846953937593,0.976401179941003,0.9526627218934911,-0.023738458047511846
D1149,TVAE,R3,0.950509461426492,0.976401179941003,0.9526627218934911,-0.023738458047511846
D1149,CART,R1,0.9793205317577548,0.976401179941003,0.9526627218934911,-0.023738458047511846
D1149,CART,R2,0.9734904270986745,0.976401179941003,0.9526627218934911,-0.023738458047511846
D1149,CART,R3,0.9822485207100592,0.976401179941003,0.9526627218934911,-0.023738458047511846
D115,TVAE,R1,0.8926553672316384,0.9822485207100592,0.9642857142857143,-0.01796280642434489
D115,TVAE,R2,0.9940476190476191,0.9822485207100592,0.9642857142857143,-0.01796280642434489
D115,TVAE,R3,0.9476744186046512,0.9822485207100592,0.9642857142857143,-0.01796280642434489
D115,CART,R1,0.8926553672316384,0.9822485207100592,0.9642857142857143,-0.01796280642434489
D115,CART,R2,0.8611111111111112,0.9822485207100592,0.9642857142857143,-0.01796280642434489
D115,CART,R3,0.8306010928961749,0.9822485207100592,0.9642857142857143,-0.01796280642434489
D1150,TVAE,R1,0.9562043795620438,0.9881305637982196,0.9760479041916168,-0.012082659606602819
D1150,TVAE,R2,0.8953323903818954,0.9881305637982196,0.9760479041916168,-0.012082659606602819
D1150,TVAE,R3,0.9881305637982196,0.9881305637982196,0.9760479041916168,-0.012082659606602819
D1150,CART,R1,0.9970193740685543,0.9881305637982196,0.9760479041916168,-0.012082659606602819
D1150,CART,R2,1.0,0.9881305637982196,0.9760479041916168,-0.012082659606602819
D1150,CART,R3,0.9851851851851852,0.9881305637982196,0.9760479041916168,-0.012082659606602819
D1151,TVAE,R1,0.9061166429587483,0.9940476190476191,0.9584569732937686,-0.035590645753850514
D1151,TVAE,R2,0.9476744186046512,0.9940476190476191,0.9584569732937686,-0.035590645753850514
D1151,TVAE,R3,0.8953323903818954,0.9940476190476191,0.9584569732937686,-0.035590645753850514
D1151,CART,R1,0.900709219858156,0.9940476190476191,0.9584569732937686,-0.035590645753850514
D1151,CART,R2,0.9225251076040172,0.9940476190476191,0.9584569732937686,-0.035590645753850514
D1151,CART,R3,0.9197707736389685,0.9940476190476191,0.9584569732937686,-0.035590645753850514
D1152,TVAE,R1,0.9034090909090909,1.0,0.9879518072289156,-0.012048192771084376
D1152,TVAE,R2,0.8741258741258742,1.0,0.9879518072289156,-0.012048192771084376
D1152,TVAE,R3,0.8585298196948682,1.0,0.9879518072289156,-0.012048192771084376
D1152,CART,R1,0.8585298196948682,1.0,0.9879518072289156,-0.012048192771084376
D1152,CART,R2,0.8585298196948682,1.0,0.9879518072289156,-0.012048192771084376
D1152,CART,R3,0.9061166429587483,1.0,0.9879518072289156,-0.012048192771084376
D116,TVAE,R1,0.9034090909090909,0.9252873563218391,0.9411764705882353,0.015889114266396165
D116,TVAE,R2,0.9252873563218391,0.9252873563218391,0.9411764705882353,0.015889114266396165
D116,TVAE,R3,0.8108108108108109,0.9252873563218391,0.9411764705882353,0.015889114266396165
D116,CART,R1,0.9034090909090909,0.9252873563218391,0.9411764705882353,0.015889114266396165
D116,CART,R2,0.9940476190476191,0.9252873563218391,0.9411764705882353,0.015889114266396165
D116,CART,R3,0.9476744186046512,0.9252873563218391,0.9411764705882353,0.015889114266396165
D117,TVAE,R1,0.7914438502673797,0.8926553672316384,0.7934782608695652,-0.09917710636207322
D117,TVAE,R2,0.850828729281768,0.8926553672316384,0.7934782608695652,-0.09917710636207322
D117,TVAE,R3,0.7914438502673797,0.8926553672316384,0.7934782608695652,-0.09917710636207322
D117,CART,R1,0.9364161849710982,0.8926553672316384,0.7934782608695652,-0.09917710636207322
D117,CART,R2,0.9364161849710982,0.8926553672316384,0.7934782608695652,-0.09917710636207322
D117,CART,R3,0.9364161849710982,0.8926553672316384,0.7934782608695652,-0.09917710636207322
D118,TVAE,R1,0.9940476190476191,0.9364161849710982,0.896551724137931,-0.03986446083316719
D118,TVAE,R2,0.8306010928961749,0.9364161849710982,0.896551724137931,-0.03986446083316719
D118,TVAE,R3,0.850828729281768,0.9364161849710982,0.896551724137931,-0.03986446083316719
D118,CART,R1,0.9590643274853801,0.9364161849710982,0.896551724137931,-0.03986446083316719
D118,CART,R2,0.9705882352941176,0.9364161849710982,0.896551724137931,-0.03986446083316719
D118,CART,R3,0.9822485207100592,0.9364161849710982,0.896551724137931,-0.03986446083316719
D119,TVAE,R1,0.9364161849710982,0.9590643274853801,0.9186046511627907,-0.0404596763225894
D119,TVAE,R2,0.8406593406593407,0.9590643274853801,0.9186046511627907,-0.0404596763225894
D119,TVAE,R3,0.7914438502673797,0.9590643274853801,0.9186046511627907,-0.0404596763225894
D119,CART,R1,0.8306010928961749,0.9590643274853801,0.9186046511627907,-0.0404596763225894
D119,CART,R2,0.850828729281768,0.9590643274853801,0.9186046511627907,-0.0404596763225894
D119,CART,R3,0.8306010928961749,0.9590643274853801,0.9186046511627907,-0.0404596763225894
D12,TVAE,R1,0.9252873563218391,0.9822485207100592,0.9642857142857143,-0.01796280642434489
D12,TVAE,R2,0.8715083798882681,0.9822485207100592,0.9642857142857143,-0.01796280642434489
D12,TVAE,R3,0.9705882352941176,0.9822485207100592,0.9642857142857143,-0.01796280642434489
D12,CART,R1,0.9142857142857143,0.9822485207100592,0.9642857142857143,-0.01796280642434489
D12,CART,R2,0.9940476190476191,0.9822485207100592,0.9642857142857143,-0.01796280642434489
D12,CART,R3,0.9705882352941176,0.9822485207100592,0.9642857142857143,-0.01796280642434489
D120,TVAE,R1,0.8926553672316384,0.9364161849710982,0.9186046511627907,-0.017811533808307578
D120,TVAE,R2,0.8715083798882681,0.9364161849710982,0.9186046511627907,-0.017811533808307578
D120,TVAE,R3,0.9142857142857143,0.9364161849710982,0.9186046511627907,-0.017811533808307578
D120,CART,R1,0.7914438502673797,0.9364161849710982,0.9186046511627907,-0.017811533808307578
D120,CART,R2,0.8820224719101124,0.9364161849710982,0.9186046511627907,-0.017811533808307578
D120,CART,R3,0.850828729281768,0.9364161849710982,0.9186046511627907,-0.017811533808307578
D121,TVAE,R1,0.9822485207100592,0.9705882352941176,0.9411764705882353,-0.02941176470588236
D121,TVAE,R2,0.7539267015706806,0.9705882352941176,0.9411764705882353,-0.02941176470588236
D121,TVAE,R3,0.9705882352941176,0.9705882352941176,0.9411764705882353,-0.02941176470588236
D121,CART,R1,0.850828729281768,0.9705882352941176,0.9411764705882353,-0.02941176470588236
D121,CART,R2,0.850828729281768,0.9705882352941176,0.9411764705882353,-0.02941176470588236
D121,CART,R3,0.850828729281768,0.9705882352941176,0.9411764705882353,-0.02941176470588236
D122,TVAE,R1,0.9034090909090909,0.9476744186046512,0.875,-0.07267441860465118
D122,TVAE,R2,0.9590643274853801,0.9476744186046512,0.875,-0.07267441860465118
D122,TVAE,R3,0.9476744186046512,0.9476744186046512,0.875,-0.07267441860465118
D122,CART,R1,0.9252873563218391,0.9476744186046512,0.875,-0.07267441860465118
D122,CART,R2,0.9252873563218391,0.9476744186046512,0.875,-0.07267441860465118
D122,CART,R3,0.9705882352941176,0.9476744186046512,0.875,-0.07267441860465118
D123,TVAE,R1,0.9476744186046512,0.9590643274853801,0.896551724137931,-0.06251260334744901
D123,TVAE,R2,0.8820224719101124,0.9590643274853801,0.896551724137931,-0.06251260334744901
D123,TVAE,R3,0.8306010928961749,0.9590643274853801,0.896551724137931,-0.06251260334744901
D123,CART,R1,0.9940476190476191,0.9590643274853801,0.896551724137931,-0.06251260334744901
D123,CART,R2,0.9705882352941176,0.9590643274853801,0.896551724137931,-0.06251260334744901
D123,CART,R3,0.9364161849710982,0.9590643274853801,0.896551724137931,-0.06251260334744901
D124,TVAE,R1,0.8406593406593407,0.8715083798882681,0.8131868131868132,-0.05832156670145494
D124,TVAE,R2,0.8715083798882681,0.8715083798882681,0.8131868131868132,-0.05832156670145494
D124,TVAE,R3,0.7268041237113402,0.8715083798882681,0.8131868131868132,-0.05832156670145494
D124,CART,R1,0.9252873563218391,0.8715083798882681,0.8131868131868132,-0.05832156670145494
D124,CART,R2,0.9034090909090909,0.8715083798882681,0.8131868131868132,-0.05832156670145494
D124,CART,R3,0.9142857142857143,0.8715083798882681,0.8131868131868132,-0.05832156670145494
D125,TVAE,R1,0.8926553672316384,0.9364161849710982,0.875,-0.06141618497109824
D125,TVAE,R2,0.7724867724867724,0.9364161849710982,0.875,-0.06141618497109824
D125,TVAE,R3,0.9476744186046512,0.9364161849710982,0.875,-0.06141618497109824
D125,CART,R1,0.8926553672316384,0.9364161849710982,0.875,-0.06141618497109824
D125,CART,R2,0.8926553672316384,0.9364161849710982,0.875,-0.06141618497109824
D125,CART,R3,0.8926553672316384,0.9364161849710982,0.875,-0.06141618497109824
D126,TVAE,R1,0.9034090909090909,0.9590643274853801,0.896551724137931,-0.06251260334744901
D126,TVAE,R2,0.8206521739130435,0.9590643274853801,0.896551724137931,-0.06251260334744901
D126,TVAE,R3,0.850828729281768,0.9590643274853801,0.896551724137931,-0.06251260334744901
D126,CART,R1,0.9822485207100592,0.9590643274853801,0.896551724137931,-0.06251260334744901
D126,CART,R2,0.9822485207100592,0.9590643274853801,0.896551724137931,-0.06251260334744901
D126,CART,R3,0.9822485207100592,0.9590643274853801,0.896551724137931,-0.06251260334744901
D127,TVAE,R1,0.7819148936170213,0.9705882352941176,0.9879518072289156,0.017363571934797983
D127,TVAE,R2,0.8926553672316384,0.9705882352941176,0.9879518072289156,0.017363571934797983
D127,TVAE,R3,0.8820224719101124,0.9705882352941176,0.9879518072289156,0.017363571934797983
D127,CART,R1,0.850828729281768,0.9705882352941176,0.9879518072289156,0.017363571934797983
D127,CART,R2,0.8715083798882681,0.9705882352941176,0.9879518072289156,0.017363571934797983
D127,CART,R3,0.850828729281768,0.9705882352941176,0.9879518072289156,0.017363571934797983
D128,TVAE,R1,0.9590643274853801,0.9590643274853801,0.9411764705882353,-0.017887856897144783
D128,TVAE,R2,0.9940476190476191,0.9590643274853801,0.9411764705882353,-0.017887856897144783
D128,TVAE,R3,0.9590643274853801,0.9590643274853801,0.9411764705882353,-0.017887856897144783
D128,CART,R1,0.9476744186046512,0.9590643274853801,0.9411764705882353,-0.017887856897144783
D128,CART,R2,0.9364161849710982,0.9590643274853801,0.9411764705882353,-0.017887856897144783
D128,CART,R3,0.9252873563218391,0.9590643274853801,0.9411764705882353,-0.017887856897144783
D129,TVAE,R1,0.9705882352941176,0.9648093841642229,0.9298245614035088,-0.03498482276071413
D129,TVAE,R2,0.9034090909090909,0.9648093841642229,0.9298245614035088,-0.03498482276071413
D129,TVAE,R3,0.8873239436619719,0.9648093841642229,0.9298245614035088,-0.03498482276071413
D129,CART,R1,0.8715083798882681,0.9648093841642229,0.9298245614035088,-0.03498482276071413
D129,CART,R2,0.8873239436619719,0.9648093841642229,0.9298245614035088,-0.03498482276071413
D129,CART,R3,0.9088319088319088,0.9648093841642229,0.9298245614035088,-0.03498482276071413
D13,TVAE,R1,0.8010752688172043,0.9822485207100592,0.9642857142857143,-0.01796280642434489
D13,TVAE,R2,0.9142857142857143,0.9822485207100592,0.9642857142857143,-0.01796280642434489
D13,TVAE,R3,0.9142857142857143,0.9822485207100592,0.9642857142857143,-0.01796280642434489
D13,CART,R1,0.9252873563218391,0.9822485207100592,0.9642857142857143,-0.01796280642434489
D13,CART,R2,0.9590643274853801,0.9822485207100592,0.9642857142857143,-0.01796280642434489
D13,CART,R3,0.9822485207100592,0.9822485207100592,0.9642857142857143,-0.01796280642434489
D130,TVAE,R1,0.9088319088319088,0.9822485207100592,0.9642857142857143,-0.01796280642434489
D130,TVAE,R2,0.9364161849710982,0.9822485207100592,0.9642857142857143,-0.01796280642434489
D130,TVAE,R3,0.9142857142857143,0.9822485207100592,0.9642857142857143,-0.01796280642434489
D130,CART,R1,0.9088319088319088,0.9822485207100592,0.9642857142857143,-0.01796280642434489
D130,CART,R2,0.9197707736389685,0.9822485207100592,0.9642857142857143,-0.01796280642434489
D130,CART,R3,0.9034090909090909,0.9822485207100592,0.9642857142857143,-0.01796280642434489
D131,TVAE,R1,0.9034090909090909,0.9476744186046512,0.9186046511627907,-0.029069767441860517
D131,TVAE,R2,0.7866666666666666,0.9476744186046512,0.9186046511627907,-0.029069767441860517
D131,TVAE,R3,0.8873239436619719,0.9476744186046512,0.9186046511627907,-0.029069767441860517
D131,CART,R1,0.9648093841642229,0.9476744186046512,0.9186046511627907,-0.029069767441860517
D131,CART,R2,0.9940476190476191,0.9476744186046512,0.9186046511627907,-0.029069767441860517
D131,CART,R3,0.9476744186046512,0.9476744186046512,0.9186046511627907,-0.029069767441860517
D132,TVAE,R1,0.9476744186046512,0.9648093841642229,0.9186046511627907,-0.04620473300143224
D132,TVAE,R2,0.9364161849710982,0.9648093841642229,0.9186046511627907,-0.04620473300143224
D132,TVAE,R3,0.9590643274853801,0.9648093841642229,0.9186046511627907,-0.04620473300143224
D132,CART,R1,0.8662952646239555,0.9648093841642229,0.9186046511627907,-0.04620473300143224
D132,CART,R2,0.9252873563218391,0.9648093841642229,0.9186046511627907,-0.04620473300143224
D132,CART,R3,0.9197707736389685,0.9648093841642229,0.9186046511627907,-0.04620473300143224
D133,TVAE,R1,0.9034090909090909,0.9881305637982196,0.9760479041916168,-0.012082659606602819
D133,TVAE,R2,0.7539267015706806,0.9881305637982196,0.9760479041916168,-0.012082659606602819
D133,TVAE,R3,0.8256130790190735,0.9881305637982196,0.9760479041916168,-0.012082659606602819
D133,CART,R1,0.9940476190476191,0.9881305637982196,0.9760479041916168,-0.012082659606602819
D133,CART,R2,0.976401179941003,0.9881305637982196,0.9760479041916168,-0.012082659606602819
D133,CART,R3,0.930835734870317,0.9881305637982196,0.9760479041916168,-0.012082659606602819
D134,TVAE,R1,0.8010752688172043,0.9197707736389685,0.8539325842696629,-0.06583818936930563
D134,TVAE,R2,0.8820224719101124,0.9197707736389685,0.8539325842696629,-0.06583818936930563
D134,TVAE,R3,0.8108108108108109,0.9197707736389685,0.8539325842696629,-0.06583818936930563
D134,CART,R1,0.876750700280112,0.9197707736389685,0.8539325842696629,-0.06583818936930563
D134,CART,R2,0.8873239436619719,0.9197707736389685,0.8539325842696629,-0.06583818936930563
D134,CART,R3,0.8356164383561644,0.9197707736389685,0.8539325842696629,-0.06583818936930563
D135,TVAE,R1,0.9364161849710982,0.9822485207100592,0.9642857142857143,-0.01796280642434489
D135,TVAE,R2,0.9648093841642229,0.9822485207100592,0.9642857142857143,-0.01796280642434489
D135,TVAE,R3,0.9533527696793003,0.9822485207100592,0.9642857142857143,-0.01796280642434489
D135,CART,R1,0.930835734870317,0.9822485207100592,0.9642857142857143,-0.01796280642434489
D135,CART,R2,0.9648093841642229,0.9822485207100592,0.9642857142857143,-0.01796280642434489
D135,CART,R3,0.9590643274853801,0.9822485207100592,0.9642857142857143,-0.01796280642434489
D136,TVAE,R1,0.9881305637982196,0.9197707736389685,0.9642857142857143,0.04451494064674577
D136,TVAE,R2,0.9648093841642229,0.9197707736389685,0.9642857142857143,0.04451494064674577
D136,TVAE,R3,0.930835734870317,0.9197707736389685,0.9642857142857143,0.04451494064674577
D136,CART,R1,0.9197707736389685,0.9197707736389685,0.9642857142857143,0.04451494064674577
D136,CART,R2,0.9705882352941176,0.9197707736389685,0.9642857142857143,0.04451494064674577
D136,CART,R3,1.0,0.9197707736389685,0.9642857142857143,0.04451494064674577
D137,TVAE,R1,0.8662952646239555,0.9705882352941176,0.9411764705882353,-0.02941176470588236
D137,TVAE,R2,0.9881305637982196,0.9705882352941176,0.9411764705882353,-0.02941176470588236
D137,TVAE,R3,0.9197707736389685,0.9705882352941176,0.9411764705882353,-0.02941176470588236
D137,CART,R1,0.9252873563218391,0.9705882352941176,0.9411764705882353,-0.02941176470588236
D137,CART,R2,0.850828729281768,0.9705882352941176,0.9411764705882353,-0.02941176470588236
D137,CART,R3,0.9420289855072463,0.9705882352941176,0.9411764705882353,-0.02941176470588236
D138,TVAE,R1,0.9197707736389685,0.976401179941003,0.9879518072289156,0.011550627287912674
D138,TVAE,R2,0.7447916666666666,0.976401179941003,0.9879518072289156,0.011550627287912674
D138,TVAE,R3,0.9476744186046512,0.976401179941003,0.9879518072289156,0.011550627287912674
D138,CART,R1,0.9940476190476191,0.976401179941003,0.9879518072289156,0.011550627287912674
D138,CART,R2,0.9705882352941176,0.976401179941003,0.9879518072289156,0.011550627287912674
D138,CART,R3,0.9364161849710982,0.976401179941003,0.9879518072289156,0.011550627287912674
D139,TVAE,R1,0.8980169971671388,0.9420289855072463,0.896551724137931,-0.04547726136931529
D139,TVAE,R2,0.9364161849710982,0.9420289855072463,0.896551724137931,-0.04547726136931529
D139,TVAE,R3,0.9881305637982196,0.9420289855072463,0.896551724137931,-0.04547726136931529
D139,CART,R1,0.9364161849710982,0.9420289855072463,0.896551724137931,-0.04547726136931529
D139,CART,R2,0.9034090909090909,0.9420289855072463,0.896551724137931,-0.04547726136931529
D139,CART,R3,0.8980169971671388,0.9420289855072463,0.896551724137931,-0.04547726136931529
D14,TVAE,R1,0.9034090909090909,0.9822485207100592,0.9642857142857143,-0.01796280642434489
D14,TVAE,R2,0.9590643274853801,0.9822485207100592,0.9642857142857143,-0.01796280642434489
D14,TVAE,R3,0.9822485207100592,0.9822485207100592,0.9642857142857143,-0.01796280642434489
D14,CART,R1,0.9252873563218391,0.9822485207100592,0.9642857142857143,-0.01796280642434489
D14,CART,R2,0.8406593406593407,0.9822485207100592,0.9642857142857143,-0.01796280642434489
D14,CART,R3,0.7914438502673797,0.9822485207100592,0.9642857142857143,-0.01796280642434489
D140,TVAE,R1,0.6067146282973621,0.9197707736389685,0.9526627218934911,0.032891948254522574
D140,TVAE,R2,0.7585301837270341,0.9197707736389685,0.9526627218934911,0.032891948254522574
D140,TVAE,R3,0.7914438502673797,0.9197707736389685,0.9526627218934911,0.032891948254522574
D140,CART,R1,0.9705882352941176,0.9197707736389685,0.9526627218934911,0.032891948254522574
D140,CART,R2,0.9476744186046512,0.9197707736389685,0.9526627218934911,0.032891948254522574
D140,CART,R3,0.9705882352941176,0.9197707736389685,0.9526627218934911,0.032891948254522574
D141,TVAE,R1,0.8926553672316384,0.9822485207100592,0.9642857142857143,-0.01796280642434489
D141,TVAE,R2,0.9088319088319088,0.9822485207100592,0.9642857142857143,-0.01796280642434489
D141,TVAE,R3,0.8306010928961749,0.9822485207100592,0.9642857142857143,-0.01796280642434489
D141,CART,R1,0.930835734870317,0.9822485207100592,0.9642857142857143,-0.01796280642434489
D141,CART,R2,0.9197707736389685,0.9822485207100592,0.9642857142857143,-0.01796280642434489
D141,CART,R3,0.9420289855072463,0.9822485207100592,0.9642857142857143,-0.01796280642434489
D142,TVAE,R1,0.7493472584856397,0.9881305637982196,0.9879518072289156,-0.00017875656930399497
D142,TVAE,R2,0.8108108108108109,0.9881305637982196,0.9879518072289156,-0.00017875656930399497
D142,TVAE,R3,0.7312661498708011,0.9881305637982196,0.9879518072289156,-0.00017875656930399497
D142,CART,R1,0.9420289855072463,0.9881305637982196,0.9879518072289156,-0.00017875656930399497
D142,CART,R2,0.9476744186046512,0.9881305637982196,0.9879518072289156,-0.00017875656930399497
D142,CART,R3,0.9364161849710982,0.9881305637982196,0.9879518072289156,-0.00017875656930399497
D143,TVAE,R1,0.8306010928961749,0.9420289855072463,0.9760479041916168,0.03401891868437046
D143,TVAE,R2,0.7819148936170213,0.9420289855072463,0.9760479041916168,0.03401891868437046
D143,TVAE,R3,0.7962466487935657,0.9420289855072463,0.9760479041916168,0.03401891868437046
D143,CART,R1,0.9142857142857143,0.9420289855072463,0.9760479041916168,0.03401891868437046
D143,CART,R2,0.9197707736389685,0.9420289855072463,0.9760479041916168,0.03401891868437046
D143,CART,R3,0.9420289855072463,0.9420289855072463,0.9760479041916168,0.03401891868437046
D144,TVAE,R1,0.5990453460620525,0.9364161849710982,0.9760479041916168,0.03963171922051856
D144,TVAE,R2,0.6584158415841584,0.9364161849710982,0.9760479041916168,0.03963171922051856
D144,TVAE,R3,0.6708229426433915,0.9364161849710982,0.9760479041916168,0.03963171922051856
D144,CART,R1,0.9590643274853801,0.9364161849710982,0.9760479041916168,0.03963171922051856
D144,CART,R2,0.9590643274853801,0.9364161849710982,0.9760479041916168,0.03963171922051856
D144,CART,R3,0.9533527696793003,0.9364161849710982,0.9760479041916168,0.03963171922051856
D145,TVAE,R1,0.9476744186046512,0.9822485207100592,0.9642857142857143,-0.01796280642434489
D145,TVAE,R2,0.9881305637982196,0.9822485207100592,0.9642857142857143,-0.01796280642434489
D145,TVAE,R3,0.976401179941003,0.9822485207100592,0.9642857142857143,-0.01796280642434489
D145,CART,R1,0.8980169971671388,0.9822485207100592,0.9642857142857143,-0.01796280642434489
D145,CART,R2,0.8926553672316384,0.9822485207100592,0.9642857142857143,-0.01796280642434489
D145,CART,R3,0.8926553672316384,0.9822485207100592,0.9642857142857143,-0.01796280642434489
D146,TVAE,R1,0.9590643274853801,0.9822485207100592,0.9642857142857143,-0.01796280642434489
D146,TVAE,R2,0.850828729281768,0.9822485207100592,0.9642857142857143,-0.01796280642434489
D146,TVAE,R3,1.0,0.9822485207100592,0.9642857142857143,-0.01796280642434489
D146,CART,R1,0.9822485207100592,0.9822485207100592,0.9642857142857143,-0.01796280642434489
D146,CART,R2,0.976401179941003,0.9822485207100592,0.9642857142857143,-0.01796280642434489
D146,CART,R3,0.9940476190476191,0.9822485207100592,0.9642857142857143,-0.01796280642434489
D147,TVAE,R1,0.976401179941003,0.9881305637982196,1.0,0.011869436201780381
D147,TVAE,R2,0.8820224719101124,0.9881305637982196,1.0,0.011869436201780381
D147,TVAE,R3,0.9648093841642229,0.9881305637982196,1.0,0.011869436201780381
D147,CART,R1,0.9197707736389685,0.9881305637982196,1.0,0.011869436201780381
D147,CART,R2,0.9705882352941176,0.9881305637982196,1.0,0.011869436201780381
D147,CART,R3,0.9590643274853801,0.9881305637982196,1.0,0.011869436201780381
D148,TVAE,R1,0.8406593406593407,0.8662952646239555,0.8857142857142857,0.019419021090330224
D148,TVAE,R2,0.7819148936170213,0.8662952646239555,0.8857142857142857,0.019419021090330224
D148,TVAE,R3,0.850828729281768,0.8662952646239555,0.8857142857142857,0.019419021090330224
D148,CART,R1,0.9088319088319088,0.8662952646239555,0.8857142857142857,0.019419021090330224
D148,CART,R2,0.9364161849710982,0.8662952646239555,0.8857142857142857,0.019419021090330224
D148,CART,R3,0.8926553672316384,0.8662952646239555,0.8857142857142857,0.019419021090330224
D149,TVAE,R1,0.9705882352941176,0.9822485207100592,0.9642857142857143,-0.01796280642434489
D149,TVAE,R2,0.9648093841642229,0.9822485207100592,0.9642857142857143,-0.01796280642434489
D149,TVAE,R3,0.9197707736389685,0.9822485207100592,0.9642857142857143,-0.01796280642434489
D149,CART,R1,0.9705882352941176,0.9822485207100592,0.9642857142857143,-0.01796280642434489
D149,CART,R2,0.9142857142857143,0.9822485207100592,0.9642857142857143,-0.01796280642434489
D149,CART,R3,0.9034090909090909,0.9822485207100592,0.9642857142857143,-0.01796280642434489
D15,TVAE,R1,0.8010752688172043,0.9476744186046512,0.8131868131868132,-0.134487605417838
D15,TVAE,R2,0.7914438502673797,0.9476744186046512,0.8131868131868132,-0.134487605417838
D15,TVAE,R3,0.8715083798882681,0.9476744186046512,0.8131868131868132,-0.134487605417838
D15,CART,R1,0.850828729281768,0.9476744186046512,0.8131868131868132,-0.134487605417838
D15,CART,R2,0.8206521739130435,0.9476744186046512,0.8131868131868132,-0.134487605417838
D15,CART,R3,0.8010752688172043,0.9476744186046512,0.8131868131868132,-0.134487605417838
D150,TVAE,R1,0.9142857142857143,0.9881305637982196,0.9760479041916168,-0.012082659606602819
D150,TVAE,R2,0.9420289855072463,0.9881305637982196,0.9760479041916168,-0.012082659606602819
D150,TVAE,R3,0.8206521739130435,0.9881305637982196,0.9760479041916168,-0.012082659606602819
D150,CART,R1,0.976401179941003,0.9881305637982196,0.9760479041916168,-0.012082659606602819
D150,CART,R2,0.9822485207100592,0.9881305637982196,0.9760479041916168,-0.012082659606602819
D150,CART,R3,0.9476744186046512,0.9881305637982196,0.9760479041916168,-0.012082659606602819
D151,TVAE,R1,0.9705882352941176,0.9590643274853801,0.864406779661017,-0.09465754782436309
D151,TVAE,R2,0.9940476190476191,0.9590643274853801,0.864406779661017,-0.09465754782436309
D151,TVAE,R3,0.9252873563218391,0.9590643274853801,0.864406779661017,-0.09465754782436309
D151,CART,R1,0.9705882352941176,0.9590643274853801,0.864406779661017,-0.09465754782436309
D151,CART,R2,0.9940476190476191,0.9590643274853801,0.864406779661017,-0.09465754782436309
D151,CART,R3,0.9822485207100592,0.9590643274853801,0.864406779661017,-0.09465754782436309
D152,TVAE,R1,0.7678100263852242,0.9648093841642229,0.9879518072289156,0.02314242306469272
D152,TVAE,R2,0.8306010928961749,0.9648093841642229,0.9879518072289156,0.02314242306469272
D152,TVAE,R3,0.8108108108108109,0.9648093841642229,0.9879518072289156,0.02314242306469272
D152,CART,R1,0.9648093841642229,0.9648093841642229,0.9879518072289156,0.02314242306469272
D152,CART,R2,0.9590643274853801,0.9648093841642229,0.9879518072289156,0.02314242306469272
D152,CART,R3,0.9590643274853801,0.9648093841642229,0.9879518072289156,0.02314242306469272
D153,TVAE,R1,0.930835734870317,0.9648093841642229,0.9298245614035088,-0.03498482276071413
D153,TVAE,R2,0.9420289855072463,0.9648093841642229,0.9298245614035088,-0.03498482276071413
D153,TVAE,R3,0.9364161849710982,0.9648093841642229,0.9298245614035088,-0.03498482276071413
D153,CART,R1,0.9088319088319088,0.9648093841642229,0.9298245614035088,-0.03498482276071413
D153,CART,R2,0.8559556786703602,0.9648093841642229,0.9298245614035088,-0.03498482276071413
D153,CART,R3,0.8662952646239555,0.9648093841642229,0.9298245614035088,-0.03498482276071413
D154,TVAE,R1,0.8457300275482094,0.9881305637982196,0.9298245614035088,-0.05830600239471084
D154,TVAE,R2,1.0,0.9881305637982196,0.9298245614035088,-0.05830600239471084
D154,TVAE,R3,0.9590643274853801,0.9881305637982196,0.9298245614035088,-0.05830600239471084
D154,CART,R1,0.9034090909090909,0.9881305637982196,0.9298245614035088,-0.05830600239471084
D154,CART,R2,0.9142857142857143,0.9881305637982196,0.9298245614035088,-0.05830600239471084
D154,CART,R3,0.9142857142857143,0.9881305637982196,0.9298245614035088,-0.05830600239471084
D155,TVAE,R1,0.9420289855072463,0.9940476190476191,0.9879518072289156,-0.006095811818703445
D155,TVAE,R2,0.9420289855072463,0.9940476190476191,0.9879518072289156,-0.006095811818703445
D155,TVAE,R3,0.7914438502673797,0.9940476190476191,0.9879518072289156,-0.006095811818703445
D155,CART,R1,0.9197707736389685,0.9940476190476191,0.9879518072289156,-0.006095811818703445
D155,CART,R2,0.9822485207100592,0.9940476190476191,0.9879518072289156,-0.006095811818703445
D155,CART,R3,0.9705882352941176,0.9940476190476191,0.9879518072289156,-0.006095811818703445
D156,TVAE,R1,0.8926553672316384,0.9364161849710982,0.9186046511627907,-0.017811533808307578
D156,TVAE,R2,0.9881305637982196,0.9364161849710982,0.9186046511627907,-0.017811533808307578
D156,TVAE,R3,0.9476744186046512,0.9364161849710982,0.9186046511627907,-0.017811533808307578
D156,CART,R1,0.9476744186046512,0.9364161849710982,0.9186046511627907,-0.017811533808307578
D156,CART,R2,0.9142857142857143,0.9364161849710982,0.9186046511627907,-0.017811533808307578
D156,CART,R3,0.9088319088319088,0.9364161849710982,0.9186046511627907,-0.017811533808307578
D157,TVAE,R1,0.9252873563218391,0.9940476190476191,0.9879518072289156,-0.006095811818703445
D157,TVAE,R2,0.8611111111111112,0.9940476190476191,0.9879518072289156,-0.006095811818703445
D157,TVAE,R3,0.9420289855072463,0.9940476190476191,0.9879518072289156,-0.006095811818703445
D157,CART,R1,0.976401179941003,0.9940476190476191,0.9879518072289156,-0.006095811818703445
D157,CART,R2,0.930835734870317,0.9940476190476191,0.9879518072289156,-0.006095811818703445
D157,CART,R3,0.9142857142857143,0.9940476190476191,0.9879518072289156,-0.006095811818703445
D158,TVAE,R1,0.6876574307304786,0.9705882352941176,0.9411764705882353,-0.02941176470588236
D158,TVAE,R2,0.7493472584856397,0.9705882352941176,0.9411764705882353,-0.02941176470588236
D158,TVAE,R3,0.7268041237113402,0.9705882352941176,0.9411764705882353,-0.02941176470588236
D158,CART,R1,0.9705882352941176,0.9705882352941176,0.9411764705882353,-0.02941176470588236
D158,CART,R2,0.9648093841642229,0.9705882352941176,0.9411764705882353,-0.02941176470588236
D158,CART,R3,0.9705882352941176,0.9705882352941176,0.9411764705882353,-0.02941176470588236
D159,TVAE,R1,0.5581395348837209,0.8926553672316384,0.9298245614035088,0.03716919417187037
D159,TVAE,R2,0.6067146282973621,0.8926553672316384,0.9298245614035088,0.03716919417187037
D159,TVAE,R3,0.5473441108545035,0.8926553672316384,0.9298245614035088,0.03716919417187037
D159,CART,R1,0.8356164383561644,0.8926553672316384,0.9298245614035088,0.03716919417187037
D159,CART,R2,0.8662952646239555,0.8926553672316384,0.9298245614035088,0.03716919417187037
D159,CART,R3,0.8820224719101124,0.8926553672316384,0.9298245614035088,0.03716919417187037
D16,TVAE,R1,0.4823008849557522,0.8820224719101124,0.8539325842696629,-0.028089887640449507
D16,TVAE,R2,0.6183574879227053,0.8820224719101124,0.8539325842696629,-0.028089887640449507
D16,TVAE,R3,0.4955357142857143,0.8820224719101124,0.8539325842696629,-0.028089887640449507
D16,CART,R1,0.9142857142857143,0.8820224719101124,0.8539325842696629,-0.028089887640449507
D16,CART,R2,0.8715083798882681,0.8820224719101124,0.8539325842696629,-0.028089887640449507
D16,CART,R3,0.9034090909090909,0.8820224719101124,0.8539325842696629,-0.028089887640449507
D160,TVAE,R1,0.4346895074946467,0.850828729281768,0.9075144508670521,0.056685721585284066
D160,TVAE,R2,0.4888888888888889,0.850828729281768,0.9075144508670521,0.056685721585284066
D160,TVAE,R3,0.3562753036437247,0.850828729281768,0.9075144508670521,0.056685721585284066
D160,CART,R1,0.8010752688172043,0.850828729281768,0.9075144508670521,0.056685721585284066
D160,CART,R2,0.8457300275482094,0.850828729281768,0.9075144508670521,0.056685721585284066
D160,CART,R3,0.8457300275482094,0.850828729281768,0.9075144508670521,0.056685721585284066
D161,TVAE,R1,0.8873239436619719,0.9648093841642229,0.9298245614035088,-0.03498482276071413
D161,TVAE,R2,0.9142857142857143,0.9648093841642229,0.9298245614035088,-0.03498482276071413
D161,TVAE,R3,0.930835734870317,0.9648093841642229,0.9298245614035088,-0.03498482276071413
D161,CART,R1,0.8873239436619719,0.9648093841642229,0.9298245614035088,-0.03498482276071413
D161,CART,R2,0.9034090909090909,0.9648093841642229,0.9298245614035088,-0.03498482276071413
D161,CART,R3,0.8926553672316384,0.9648093841642229,0.9298245614035088,-0.03498482276071413
D162,TVAE,R1,0.9940476190476191,0.9822485207100592,0.9642857142857143,-0.01796280642434489
D162,TVAE,R2,0.9822485207100592,0.9822485207100592,0.9642857142857143,-0.01796280642434489
D162,TVAE,R3,0.9034090909090909,0.9822485207100592,0.9642857142857143,-0.01796280642434489
D162,CART,R1,0.8980169971671388,0.9822485207100592,0.9642857142857143,-0.01796280642434489
D162,CART,R2,0.9252873563218391,0.9822485207100592,0.9642857142857143,-0.01796280642434489
D162,CART,R3,0.9252873563218391,0.9822485207100592,0.9642857142857143,-0.01796280642434489
D163,TVAE,R1,0.9881305637982196,0.9476744186046512,0.9186046511627907,-0.029069767441860517
D163,TVAE,R2,0.9088319088319088,0.9476744186046512,0.9186046511627907,-0.029069767441860517
D163,TVAE,R3,0.9088319088319088,0.9476744186046512,0.9186046511627907,-0.029069767441860517
D163,CART,R1,0.9364161849710982,0.9476744186046512,0.9186046511627907,-0.029069767441860517
D163,CART,R2,0.9705882352941176,0.9476744186046512,0.9186046511627907,-0.029069767441860517
D163,CART,R3,0.9822485207100592,0.9476744186046512,0.9186046511627907,-0.029069767441860517
D164,TVAE,R1,0.876750700280112,0.9648093841642229,0.9186046511627907,-0.04620473300143224
D164,TVAE,R2,0.9881305637982196,0.9648093841642229,0.9186046511627907,-0.04620473300143224
D164,TVAE,R3,0.9364161849710982,0.9648093841642229,0.9186046511627907,-0.04620473300143224
D164,CART,R1,0.8926553672316384,0.9648093841642229,0.9186046511627907,-0.04620473300143224
D164,CART,R2,0.8820224719101124,0.9648093841642229,0.9186046511627907,-0.04620473300143224
D164,CART,R3,0.9034090909090909,0.9648093841642229,0.9186046511627907,-0.04620473300143224
D165,TVAE,R1,0.8873239436619719,0.9881305637982196,0.9760479041916168,-0.012082659606602819
D165,TVAE,R2,0.9476744186046512,0.9881305637982196,0.9760479041916168,-0.012082659606602819
D165,TVAE,R3,0.9705882352941176,0.9881305637982196,0.9760479041916168,-0.012082659606602819
D165,CART,R1,0.9252873563218391,0.9881305637982196,0.9760479041916168,-0.012082659606602819
D165,CART,R2,0.9533527696793003,0.9881305637982196,0.9760479041916168,-0.012082659606602819
D165,CART,R3,0.9590643274853801,0.9881305637982196,0.9760479041916168,-0.012082659606602819
D166,TVAE,R1,0.930835734870317,0.9197707736389685,0.8539325842696629,-0.06583818936930563
D166,TVAE,R2,0.9197707736389685,0.9197707736389685,0.8539325842696629,-0.06583818936930563
D166,TVAE,R3,0.8873239436619719,0.9197707736389685,0.8539325842696629,-0.06583818936930563
D166,CART,R1,0.850828729281768,0.9197707736389685,0.8539325842696629,-0.06583818936930563
D166,CART,R2,0.8559556786703602,0.9197707736389685,0.8539325842696629,-0.06583818936930563
D166,CART,R3,0.8873239436619719,0.9197707736389685,0.8539325842696629,-0.06583818936930563
D167,TVAE,R1,0.9822485207100592,0.9822485207100592,0.9642857142857143,-0.01796280642434489
D167,TVAE,R2,0.9420289855072463,0.9822485207100592,0.9642857142857143,-0.01796280642434489
D167,TVAE,R3,0.8157181571815718,0.9822485207100592,0.9642857142857143,-0.01796280642434489
D167,CART,R1,1.0,0.9822485207100592,0.9642857142857143,-0.01796280642434489
D167,CART,R2,0.9648093841642229,0.9822485207100592,0.9642857142857143,-0.01796280642434489
D167,CART,R3,0.9705882352941176,0.9822485207100592,0.9642857142857143,-0.01796280642434489
D168,TVAE,R1,0.9142857142857143,0.9197707736389685,0.9642857142857143,0.04451494064674577
D168,TVAE,R2,0.9088319088319088,0.9197707736389685,0.9642857142857143,0.04451494064674577
D168,TVAE,R3,0.9881305637982196,0.9197707736389685,0.9642857142857143,0.04451494064674577
D168,CART,R1,0.976401179941003,0.9197707736389685,0.9642857142857143,0.04451494064674577
D168,CART,R2,0.9881305637982196,0.9197707736389685,0.9642857142857143,0.04451494064674577
D168,CART,R3,0.9822485207100592,0.9197707736389685,0.9642857142857143,0.04451494064674577
D169,TVAE,R1,0.976401179941003,0.9705882352941176,0.9411764705882353,-0.02941176470588236
D169,TVAE,R2,0.8457300275482094,0.9705882352941176,0.9411764705882353,-0.02941176470588236
D169,TVAE,R3,0.8611111111111112,0.9705882352941176,0.9411764705882353,-0.02941176470588236
D169,CART,R1,0.8662952646239555,0.9705882352941176,0.9411764705882353,-0.02941176470588236
D169,CART,R2,0.8873239436619719,0.9705882352941176,0.9411764705882353,-0.02941176470588236
D169,CART,R3,0.9252873563218391,0.9705882352941176,0.9411764705882353,-0.02941176470588236
D17,TVAE,R1,0.700507614213198,0.8926553672316384,0.7934782608695652,-0.09917710636207322
D17,TVAE,R2,0.4888888888888889,0.8926553672316384,0.7934782608695652,-0.09917710636207322
D17,TVAE,R3,0.5801886792452831,0.8926553672316384,0.7934782608695652,-0.09917710636207322
D17,CART,R1,0.9034090909090909,0.8926553672316384,0.7934782608695652,-0.09917710636207322
D17,CART,R2,0.8108108108108109,0.8926553672316384,0.7934782608695652,-0.09917710636207322
D17,CART,R3,0.8206521739130435,0.8926553672316384,0.7934782608695652,-0.09917710636207322
D170,TVAE,R1,0.9252873563218391,0.976401179941003,0.9879518072289156,0.011550627287912674
D170,TVAE,R2,0.9476744186046512,0.976401179941003,0.9879518072289156,0.011550627287912674
D170,TVAE,R3,0.9590643274853801,0.976401179941003,0.9879518072289156,0.011550627287912674
D170,CART,R1,0.9881305637982196,0.976401179941003,0.9879518072289156,0.011550627287912674
D170,CART,R2,0.8926553672316384,0.976401179941003,0.9879518072289156,0.011550627287912674
D170,CART,R3,0.9648093841642229,0.976401179941003,0.9879518072289156,0.011550627287912674
D171,TVAE,R1,0.9364161849710982,0.9420289855072463,0.896551724137931,-0.04547726136931529
D171,TVAE,R2,0.8010752688172043,0.9420289855072463,0.896551724137931,-0.04547726136931529
D171,TVAE,R3,0.7914438502673797,0.9420289855072463,0.896551724137931,-0.04547726136931529
D171,CART,R1,0.8926553672316384,0.9420289855072463,0.896551724137931,-0.04547726136931529
D171,CART,R2,0.8873239436619719,0.9420289855072463,0.896551724137931,-0.04547726136931529
D171,CART,R3,0.8820224719101124,0.9420289855072463,0.896551724137931,-0.04547726136931529
D172,TVAE,R1,0.9822485207100592,0.9197707736389685,0.9526627218934911,0.032891948254522574
D172,TVAE,R2,0.8662952646239555,0.9197707736389685,0.9526627218934911,0.032891948254522574
D172,TVAE,R3,0.876750700280112,0.9197707736389685,0.9526627218934911,0.032891948254522574
D172,CART,R1,0.9822485207100592,0.9197707736389685,0.9526627218934911,0.032891948254522574
D172,CART,R2,0.976401179941003,0.9197707736389685,0.9526627218934911,0.032891948254522574
D172,CART,R3,0.9705882352941176,0.9197707736389685,0.9526627218934911,0.032891948254522574
D173,TVAE,R1,0.7493472584856397,0.9822485207100592,0.9642857142857143,-0.01796280642434489
D173,TVAE,R2,0.850828729281768,0.9822485207100592,0.9642857142857143,-0.01796280642434489
D173,TVAE,R3,0.8820224719101124,0.9822485207100592,0.9642857142857143,-0.01796280642434489
D173,CART,R1,0.9364161849710982,0.9822485207100592,0.9642857142857143,-0.01796280642434489
D173,CART,R2,0.9364161849710982,0.9822485207100592,0.9642857142857143,-0.01796280642434489
D173,CART,R3,0.976401179941003,0.9822485207100592,0.9642857142857143,-0.01796280642434489
D174,TVAE,R1,0.8256130790190735,0.9881305637982196,0.9879518072289156,-0.00017875656930399497
D174,TVAE,R2,0.8108108108108109,0.9881305637982196,0.9879518072289156,-0.00017875656930399497
D174,TVAE,R3,0.7962466487935657,0.9881305637982196,0.9879518072289156,-0.00017875656930399497
D174,CART,R1,0.9364161849710982,0.9881305637982196,0.9879518072289156,-0.00017875656930399497
D174,CART,R2,0.9364161849710982,0.9881305637982196,0.9879518072289156,-0.00017875656930399497
D174,CART,R3,0.976401179941003,0.9881305637982196,0.9879518072289156,-0.00017875656930399497
D175,TVAE,R1,0.8662952646239555,0.9420289855072463,0.9760479041916168,0.03401891868437046
D175,TVAE,R2,0.9252873563218391,0.9420289855072463,0.9760479041916168,0.03401891868437046
D175,TVAE,R3,0.7402597402597403,0.9420289855072463,0.9760479041916168,0.03401891868437046
D175,CART,R1,0.9881305637982196,0.9420289855072463,0.9760479041916168,0.03401891868437046
D175,CART,R2,0.9648093841642229,0.9420289855072463,0.9760479041916168,0.03401891868437046
D175,CART,R3,0.9648093841642229,0.9420289855072463,0.9760479041916168,0.03401891868437046
D176,TVAE,R1,0.7402597402597403,0.9364161849710982,0.9760479041916168,0.03963171922051856
D176,TVAE,R2,0.7819148936170213,0.9364161849710982,0.9760479041916168,0.03963171922051856
D176,TVAE,R3,0.7771883289124668,0.9364161849710982,0.9760479041916168,0.03963171922051856
D176,CART,R1,0.9420289855072463,0.9364161849710982,0.9760479041916168,0.03963171922051856
D176,CART,R2,0.8926553672316384,0.9364161849710982,0.9760479041916168,0.03963171922051856
D176,CART,R3,0.9590643274853801,0.9364161849710982,0.9760479041916168,0.03963171922051856
D177,TVAE,R1,0.8256130790190735,0.9822485207100592,0.9642857142857143,-0.01796280642434489
D177,TVAE,R2,0.9364161849710982,0.9822485207100592,0.9642857142857143,-0.01796280642434489
D177,TVAE,R3,0.9881305637982196,0.9822485207100592,0.9642857142857143,-0.01796280642434489
D177,CART,R1,0.9197707736389685,0.9822485207100592,0.9642857142857143,-0.01796280642434489
D177,CART,R2,0.9088319088319088,0.9822485207100592,0.9642857142857143,-0.01796280642434489
D177,CART,R3,0.9088319088319088,0.9822485207100592,0.9642857142857143,-0.01796280642434489
D178,TVAE,R1,0.9142857142857143,0.9822485207100592,0.9642857142857143,-0.01796280642434489
D178,TVAE,R2,0.9197707736389685,0.9822485207100592,0.9642857142857143,-0.01796280642434489
D178,TVAE,R3,0.9590643274853801,0.9822485207100592,0.9642857142857143,-0.01796280642434489
D178,CART,R1,1.0,0.9822485207100592,0.9642857142857143,-0.01796280642434489
D178,CART,R2,0.976401179941003,0.9822485207100592,0.9642857142857143,-0.01796280642434489
D178,CART,R3,0.9940476190476191,0.9822485207100592,0.9642857142857143,-0.01796280642434489
D179,TVAE,R1,0.9142857142857143,0.9881305637982196,1.0,0.011869436201780381
D179,TVAE,R2,0.8256130790190735,0.9881305637982196,1.0,0.011869436201780381
D179,TVAE,R3,0.9197707736389685,0.9881305637982196,1.0,0.011869436201780381
D179,CART,R1,1.0,0.9881305637982196,1.0,0.011869436201780381
D179,CART,R2,0.9648093841642229,0.9881305637982196,1.0,0.011869436201780381
D179,CART,R3,0.9648093841642229,0.9881305637982196,1.0,0.011869436201780381
D18,TVAE,R1,0.6584158415841584,0.9590643274853801,0.9186046511627907,-0.0404596763225894
D18,TVAE,R2,0.40756302521008403,0.9590643274853801,0.9186046511627907,-0.0404596763225894
D18,TVAE,R3,0.5581395348837209,0.9590643274853801,0.9186046511627907,-0.0404596763225894
D18,CART,R1,0.8306010928961749,0.9590643274853801,0.9186046511627907,-0.0404596763225894
D18,CART,R2,0.8715083798882681,0.9590643274853801,0.9186046511627907,-0.0404596763225894
D18,CART,R3,0.8306010928961749,0.9590643274853801,0.9186046511627907,-0.0404596763225894
D180,TVAE,R1,0.7447916666666666,0.8662952646239555,0.8857142857142857,0.019419021090330224
D180,TVAE,R2,0.717948717948718,0.8662952646239555,0.8857142857142857,0.019419021090330224
D180,TVAE,R3,0.7223650385604113,0.8662952646239555,0.8857142857142857,0.019419021090330224
D180,CART,R1,0.9034090909090909,0.8662952646239555,0.8857142857142857,0.019419021090330224
D180,CART,R2,0.9476744186046512,0.8662952646239555,0.8857142857142857,0.019419021090330224
D180,CART,R3,0.9142857142857143,0.8662952646239555,0.8857142857142857,0.019419021090330224
D181,TVAE,R1,0.9648093841642229,0.9822485207100592,0.9642857142857143,-0.01796280642434489
D181,TVAE,R2,0.8662952646239555,0.9822485207100592,0.9642857142857143,-0.01796280642434489
D181,TVAE,R3,0.976401179941003,0.9822485207100592,0.9642857142857143,-0.01796280642434489
D181,CART,R1,0.930835734870317,0.9822485207100592,0.9642857142857143,-0.01796280642434489
D181,CART,R2,0.9197707736389685,0.9822485207100592,0.9642857142857143,-0.01796280642434489
D181,CART,R3,0.9088319088319088,0.9822485207100592,0.9642857142857143,-0.01796280642434489
D182,TVAE,R1,0.8926553672316384,0.9881305637982196,0.9760479041916168,-0.012082659606602819
D182,TVAE,R2,0.930835734870317,0.9881305637982196,0.9760479041916168,-0.012082659606602819
D182,TVAE,R3,0.9533527696793003,0.9881305637982196,0.9760479041916168,-0.012082659606602819
D182,CART,R1,0.9940476190476191,0.9881305637982196,0.9760479041916168,-0.012082659606602819
D182,CART,R2,0.9705882352941176,0.9881305637982196,0.9760479041916168,-0.012082659606602819
D182,CART,R3,0.9648093841642229,0.9881305637982196,0.9760479041916168,-0.012082659606602819
D183,TVAE,R1,0.976401179941003,0.9590643274853801,0.864406779661017,-0.09465754782436309
D183,TVAE,R2,0.8457300275482094,0.9590643274853801,0.864406779661017,-0.09465754782436309
D183,TVAE,R3,0.9142857142857143,0.9590643274853801,0.864406779661017,-0.09465754782436309
D183,CART,R1,0.9705882352941176,0.9590643274853801,0.864406779661017,-0.09465754782436309
D183,CART,R2,1.0,0.9590643274853801,0.864406779661017,-0.09465754782436309
D183,CART,R3,0.9881305637982196,0.9590643274853801,0.864406779661017,-0.09465754782436309
D184,TVAE,R1,0.8926553672316384,0.9648093841642229,0.9879518072289156,0.02314242306469272
D184,TVAE,R2,0.9590643274853801,0.9648093841642229,0.9879518072289156,0.02314242306469272
D184,TVAE,R3,0.9940476190476191,0.9648093841642229,0.9879518072289156,0.02314242306469272
D184,CART,R1,0.9034090909090909,0.9648093841642229,0.9879518072289156,0.02314242306469272
D184,CART,R2,0.9533527696793003,0.9648093841642229,0.9879518072289156,0.02314242306469272
D184,CART,R3,0.9476744186046512,0.9648093841642229,0.9879518072289156,0.02314242306469272
D185,TVAE,R1,0.976401179941003,0.9648093841642229,0.9298245614035088,-0.03498482276071413
D185,TVAE,R2,0.8559556786703602,0.9648093841642229,0.9298245614035088,-0.03498482276071413
D185,TVAE,R3,0.8256130790190735,0.9648093841642229,0.9298245614035088,-0.03498482276071413
D185,CART,R1,0.8611111111111112,0.9648093841642229,0.9298245614035088,-0.03498482276071413
D185,CART,R2,0.850828729281768,0.9648093841642229,0.9298245614035088,-0.03498482276071413
D185,CART,R3,0.8611111111111112,0.9648093841642229,0.9298245614035088,-0.03498482276071413
D186,TVAE,R1,0.8559556786703602,0.9881305637982196,0.9298245614035088,-0.05830600239471084
D186,TVAE,R2,0.9590643274853801,0.9881305637982196,0.9298245614035088,-0.05830600239471084
D186,TVAE,R3,0.9705882352941176,0.9881305637982196,0.9298245614035088,-0.05830600239471084
D186,CART,R1,0.8873239436619719,0.9881305637982196,0.9298245614035088,-0.05830600239471084
D186,CART,R2,0.8820224719101124,0.9881305637982196,0.9298245614035088,-0.05830600239471084
D186,CART,R3,0.8715083798882681,0.9881305637982196,0.9298245614035088,-0.05830600239471084
D187,TVAE,R1,0.850828729281768,0.9940476190476191,0.9879518072289156,-0.006095811818703445
D187,TVAE,R2,0.9252873563218391,0.9940476190476191,0.9879518072289156,-0.006095811818703445
D187,TVAE,R3,0.9197707736389685,0.9940476190476191,0.9879518072289156,-0.006095811818703445
D187,CART,R1,0.9252873563218391,0.9940476190476191,0.9879518072289156,-0.006095811818703445
D187,CART,R2,0.9476744186046512,0.9940476190476191,0.9879518072289156,-0.006095811818703445
D187,CART,R3,0.9364161849710982,0.9940476190476191,0.9879518072289156,-0.006095811818703445
D188,TVAE,R1,0.9590643274853801,0.9364161849710982,0.9186046511627907,-0.017811533808307578
D188,TVAE,R2,0.9590643274853801,0.9364161849710982,0.9186046511627907,-0.017811533808307578
D188,TVAE,R3,0.930835734870317,0.9364161849710982,0.9186046511627907,-0.017811533808307578
D188,CART,R1,0.930835734870317,0.9364161849710982,0.9186046511627907,-0.017811533808307578
D188,CART,R2,0.9142857142857143,0.9364161849710982,0.9186046511627907,-0.017811533808307578
D188,CART,R3,0.9420289855072463,0.9364161849710982,0.9186046511627907,-0.017811533808307578
D189,TVAE,R1,0.8406593406593407,0.9940476190476191,0.9879518072289156,-0.006095811818703445
D189,TVAE,R2,0.717948717948718,0.9940476190476191,0.9879518072289156,-0.006095811818703445
D189,TVAE,R3,0.9364161849710982,0.9940476190476191,0.9879518072289156,-0.006095811818703445
D189,CART,R1,0.9476744186046512,0.9940476190476191,0.9879518072289156,-0.006095811818703445
D189,CART,R2,0.9822485207100592,0.9940476190476191,0.9879518072289156,-0.006095811818703445
D189,CART,R3,0.9881305637982196,0.9940476190476191,0.9879518072289156,-0.006095811818703445
D19,TVAE,R1,0.9476744186046512,0.9822485207100592,0.9642857142857143,-0.01796280642434489
D19,TVAE,R2,0.7539267015706806,0.9822485207100592,0.9642857142857143,-0.01796280642434489
D19,TVAE,R3,0.7914438502673797,0.9822485207100592,0.9642857142857143,-0.01796280642434489
D19,CART,R1,0.850828729281768,0.9822485207100592,0.9642857142857143,-0.01796280642434489
D19,CART,R2,0.8306010928961749,0.9822485207100592,0.9642857142857143,-0.01796280642434489
D19,CART,R3,0.8715083798882681,0.9822485207100592,0.9642857142857143,-0.01796280642434489
D190,TVAE,R1,0.8662952646239555,0.9705882352941176,0.9411764705882353,-0.02941176470588236
D190,TVAE,R2,0.7771883289124668,0.9705882352941176,0.9411764705882353,-0.02941176470588236
D190,TVAE,R3,0.7493472584856397,0.9705882352941176,0.9411764705882353,-0.02941176470588236
D190,CART,R1,0.9940476190476191,0.9705882352941176,0.9411764705882353,-0.02941176470588236
D190,CART,R2,1.0,0.9705882352941176,0.9411764705882353,-0.02941176470588236
D190,CART,R3,0.9822485207100592,0.9705882352941176,0.9411764705882353,-0.02941176470588236
D191,TVAE,R1,0.7493472584856397,0.8926553672316384,0.9298245614035088,0.03716919417187037
D191,TVAE,R2,0.7962466487935657,0.8926553672316384,0.9298245614035088,0.03716919417187037
D191,TVAE,R3,0.7585301837270341,0.8926553672316384,0.9298245614035088,0.03716919417187037
D191,CART,R1,0.8457300275482094,0.8926553672316384,0.9298245614035088,0.03716919417187037
D191,CART,R2,0.8457300275482094,0.8926553672316384,0.9298245614035088,0.03716919417187037
D191,CART,R3,0.8457300275482094,0.8926553672316384,0.9298245614035088,0.03716919417187037
D192,TVAE,R1,0.6834170854271356,0.850828729281768,0.9075144508670521,0.056685721585284066
D192,TVAE,R2,0.6183574879227053,0.850828729281768,0.9075144508670521,0.056685721585284066
D192,TVAE,R3,0.6708229426433915,0.850828729281768,0.9075144508670521,0.056685721585284066
D192,CART,R1,0.8356164383561644,0.850828729281768,0.9075144508670521,0.056685721585284066
D192,CART,R2,0.8206521739130435,0.850828729281768,0.9075144508670521,0.056685721585284066
D192,CART,R3,0.8108108108108109,0.850828729281768,0.9075144508670521,0.056685721585284066
D193,TVAE,R1,0.9881305637982196,0.9648093841642229,0.9298245614035088,-0.03498482276071413
D193,TVAE,R2,0.9648093841642229,0.9648093841642229,0.9298245614035088,-0.03498482276071413
D193,TVAE,R3,0.9252873563218391,0.9648093841642229,0.9298245614035088,-0.03498482276071413
D193,CART,R1,0.8926553672316384,0.9648093841642229,0.9298245614035088,-0.03498482276071413
D193,CART,R2,0.8926553672316384,0.9648093841642229,0.9298245614035088,-0.03498482276071413
D193,CART,R3,0.8926553672316384,0.9648093841642229,0.9298245614035088,-0.03498482276071413
D194,TVAE,R1,0.8980169971671388,0.9822485207100592,0.9642857142857143,-0.01796280642434489
D194,TVAE,R2,0.9590643274853801,0.9822485207100592,0.9642857142857143,-0.01796280642434489
D194,TVAE,R3,0.9590643274853801,0.9822485207100592,0.9642857142857143,-0.01796280642434489
D194,CART,R1,0.9197707736389685,0.9822485207100592,0.9642857142857143,-0.01796280642434489
D194,CART,R2,0.9142857142857143,0.9822485207100592,0.9642857142857143,-0.01796280642434489
D194,CART,R3,0.9142857142857143,0.9822485207100592,0.9642857142857143,-0.01796280642434489
D195,TVAE,R1,0.8306010928961749,0.9476744186046512,0.9186046511627907,-0.029069767441860517
D195,TVAE,R2,0.8406593406593407,0.9476744186046512,0.9186046511627907,-0.029069767441860517
D195,TVAE,R3,0.9197707736389685,0.9476744186046512,0.9186046511627907,-0.029069767441860517
D195,CART,R1,0.9881305637982196,0.9476744186046512,0.9186046511627907,-0.029069767441860517
D195,CART,R2,1.0,0.9476744186046512,0.9186046511627907,-0.029069767441860517
D195,CART,R3,0.9940476190476191,0.9476744186046512,0.9186046511627907,-0.029069767441860517
D196,TVAE,R1,0.9252873563218391,0.9648093841642229,0.9186046511627907,-0.04620473300143224
D196,TVAE,R2,0.8980169971671388,0.9648093841642229,0.9186046511627907,-0.04620473300143224
D196,TVAE,R3,0.9822485207100592,0.9648093841642229,0.9186046511627907,-0.04620473300143224
D196,CART,R1,0.8559556786703602,0.9648093841642229,0.9186046511627907,-0.04620473300143224
D196,CART,R2,0.9034090909090909,0.9648093841642229,0.9186046511627907,-0.04620473300143224
D196,CART,R3,0.930835734870317,0.9648093841642229,0.9186046511627907,-0.04620473300143224
D197,TVAE,R1,0.9705882352941176,0.9881305637982196,0.9760479041916168,-0.012082659606602819
D197,TVAE,R2,0.876750700280112,0.9881305637982196,0.9760479041916168,-0.012082659606602819
D197,TVAE,R3,0.9364161849710982,0.9881305637982196,0.9760479041916168,-0.012082659606602819
D197,CART,R1,0.9364161849710982,0.9881305637982196,0.9760479041916168,-0.012082659606602819
D197,CART,R2,0.9420289855072463,0.9881305637982196,0.9760479041916168,-0.012082659606602819
D197,CART,R3,0.9590643274853801,0.9881305637982196,0.9760479041916168,-0.012082659606602819
D198,TVAE,R1,0.8457300275482094,0.9197707736389685,0.8539325842696629,-0.06583818936930563
D198,TVAE,R2,0.9034090909090909,0.9197707736389685,0.8539325842696629,-0.06583818936930563
D198,TVAE,R3,0.8820224719101124,0.9197707736389685,0.8539325842696629,-0.06583818936930563
D198,CART,R1,0.8873239436619719,0.9197707736389685,0.8539325842696629,-0.06583818936930563
D198,CART,R2,0.8873239436619719,0.9197707736389685,0.8539325842696629,-0.06583818936930563
D198,CART,R3,0.876750700280112,0.9197707736389685,0.8539325842696629,-0.06583818936930563
D199,TVAE,R1,0.8108108108108109,0.9822485207100592,0.9642857142857143,-0.01796280642434489
D199,TVAE,R2,0.9705882352941176,0.9822485207100592,0.9642857142857143,-0.01796280642434489
D199,TVAE,R3,0.8206521739130435,0.9822485207100592,0.9642857142857143,-0.01796280642434489
D199,CART,R1,0.9648093841642229,0.9822485207100592,0.9642857142857143,-0.01796280642434489
D199,CART,R2,1.0,0.9822485207100592,0.9642857142857143,-0.01796280642434489
D199,CART,R3,0.9940476190476191,0.9822485207100592,0.9642857142857143,-0.01796280642434489
D2,TVAE,R1,0.8010752688172043,0.9034090909090909,0.8333333333333334,-0.07007575757575757
D2,TVAE,R2,0.8820224719101124,0.9034090909090909,0.8333333333333334,-0.07007575757575757
D2,TVAE,R3,0.7631578947368421,0.9034090909090909,0.8333333333333334,-0.07007575757575757
D2,CART,R1,0.9822485207100592,0.9034090909090909,0.8333333333333334,-0.07007575757575757
D2,CART,R2,0.9476744186046512,0.9034090909090909,0.8333333333333334,-0.07007575757575757
D2,CART,R3,0.9252873563218391,0.9034090909090909,0.8333333333333334,-0.07007575757575757
D20,TVAE,R1,0.8715083798882681,0.9252873563218391,0.9411764705882353,0.015889114266396165
D20,TVAE,R2,0.7539267015706806,0.9252873563218391,0.9411764705882353,0.015889114266396165
D20,TVAE,R3,0.9822485207100592,0.9252873563218391,0.9411764705882353,0.015889114266396165
D20,CART,R1,0.8820224719101124,0.9252873563218391,0.9411764705882353,0.015889114266396165
D20,CART,R2,0.9034090909090909,0.9252873563218391,0.9411764705882353,0.015889114266396165
D20,CART,R3,0.9476744186046512,0.9252873563218391,0.9411764705882353,0.015889114266396165
D200,TVAE,R1,0.9088319088319088,0.9197707736389685,0.9642857142857143,0.04451494064674577
D200,TVAE,R2,0.8206521739130435,0.9197707736389685,0.9642857142857143,0.04451494064674577
D200,TVAE,R3,0.8662952646239555,0.9197707736389685,0.9642857142857143,0.04451494064674577
D200,CART,R1,0.976401179941003,0.9197707736389685,0.9642857142857143,0.04451494064674577
D200,CART,R2,0.9940476190476191,0.9197707736389685,0.9642857142857143,0.04451494064674577
D200,CART,R3,0.9476744186046512,0.9197707736389685,0.9642857142857143,0.04451494064674577
D201,TVAE,R1,0.9364161849710982,0.9705882352941176,0.9411764705882353,-0.02941176470588236
D201,TVAE,R2,0.9533527696793003,0.9705882352941176,0.9411764705882353,-0.02941176470588236
D201,TVAE,R3,0.8559556786703602,0.9705882352941176,0.9411764705882353,-0.02941176470588236
D201,CART,R1,0.8926553672316384,0.9705882352941176,0.9411764705882353,-0.02941176470588236
D201,CART,R2,0.9034090909090909,0.9705882352941176,0.9411764705882353,-0.02941176470588236
D201,CART,R3,0.9197707736389685,0.9705882352941176,0.9411764705882353,-0.02941176470588236
D202,TVAE,R1,0.8206521739130435,0.976401179941003,0.9879518072289156,0.011550627287912674
D202,TVAE,R2,0.8926553672316384,0.976401179941003,0.9879518072289156,0.011550627287912674
D202,TVAE,R3,0.9822485207100592,0.976401179941003,0.9879518072289156,0.011550627287912674
D202,CART,R1,0.976401179941003,0.976401179941003,0.9879518072289156,0.011550627287912674
D202,CART,R2,0.9705882352941176,0.976401179941003,0.9879518072289156,0.011550627287912674
D202,CART,R3,0.9590643274853801,0.976401179941003,0.9879518072289156,0.011550627287912674
D203,TVAE,R1,0.7771883289124668,0.9420289855072463,0.896551724137931,-0.04547726136931529
D203,TVAE,R2,0.8873239436619719,0.9420289855072463,0.896551724137931,-0.04547726136931529
D203,TVAE,R3,0.9881305637982196,0.9420289855072463,0.896551724137931,-0.04547726136931529
D203,CART,R1,0.9034090909090909,0.9420289855072463,0.896551724137931,-0.04547726136931529
D203,CART,R2,0.9034090909090909,0.9420289855072463,0.896551724137931,-0.04547726136931529
D203,CART,R3,0.8662952646239555,0.9420289855072463,0.896551724137931,-0.04547726136931529
D204,TVAE,R1,0.7914438502673797,0.9197707736389685,0.9526627218934911,0.032891948254522574
D204,TVAE,R2,0.8715083798882681,0.9197707736389685,0.9526627218934911,0.032891948254522574
D204,TVAE,R3,0.930835734870317,0.9197707736389685,0.9526627218934911,0.032891948254522574
D204,CART,R1,0.9881305637982196,0.9197707736389685,0.9526627218934911,0.032891948254522574
D204,CART,R2,0.9364161849710982,0.9197707736389685,0.9526627218934911,0.032891948254522574
D204,CART,R3,0.9705882352941176,0.9197707736389685,0.9526627218934911,0.032891948254522574
D205,TVAE,R1,0.850828729281768,0.9822485207100592,0.9642857142857143,-0.01796280642434489
D205,TVAE,R2,0.9034090909090909,0.9822485207100592,0.9642857142857143,-0.01796280642434489
D205,TVAE,R3,0.876750700280112,0.9822485207100592,0.9642857142857143,-0.01796280642434489
D205,CART,R1,0.9420289855072463,0.9822485207100592,0.9642857142857143,-0.01796280642434489
D205,CART,R2,0.9476744186046512,0.9822485207100592,0.9642857142857143,-0.01796280642434489
D205,CART,R3,0.930835734870317,0.9822485207100592,0.9642857142857143,-0.01796280642434489
D206,TVAE,R1,0.8157181571815718,0.9881305637982196,0.9879518072289156,-0.00017875656930399497
D206,TVAE,R2,0.7819148936170213,0.9881305637982196,0.9879518072289156,-0.00017875656930399497
D206,TVAE,R3,0.8873239436619719,0.9881305637982196,0.9879518072289156,-0.00017875656930399497
D206,CART,R1,0.9420289855072463,0.9881305637982196,0.9879518072289156,-0.00017875656930399497
D206,CART,R2,0.9648093841642229,0.9881305637982196,0.9879518072289156,-0.00017875656930399497
D206,CART,R3,0.9476744186046512,0.9881305637982196,0.9879518072289156,-0.00017875656930399497
D207,TVAE,R1,0.8108108108108109,0.9420289855072463,0.9760479041916168,0.03401891868437046
D207,TVAE,R2,0.8157181571815718,0.9420289855072463,0.9760479041916168,0.03401891868437046
D207,TVAE,R3,0.8611111111111112,0.9420289855072463,0.9760479041916168,0.03401891868437046
D207,CART,R1,0.930835734870317,0.9420289855072463,0.9760479041916168,0.03401891868437046
D207,CART,R2,0.9533527696793003,0.9420289855072463,0.9760479041916168,0.03401891868437046
D207,CART,R3,0.930835734870317,0.9420289855072463,0.9760479041916168,0.03401891868437046
D208,TVAE,R1,0.8306010928961749,0.9364161849710982,0.9760479041916168,0.03963171922051856
D208,TVAE,R2,0.7493472584856397,0.9364161849710982,0.9760479041916168,0.03963171922051856
D208,TVAE,R3,0.6341463414634146,0.9364161849710982,0.9760479041916168,0.03963171922051856
D208,CART,R1,0.9822485207100592,0.9364161849710982,0.9760479041916168,0.03963171922051856
D208,CART,R2,0.9420289855072463,0.9364161849710982,0.9760479041916168,0.03963171922051856
D208,CART,R3,0.9705882352941176,0.9364161849710982,0.9760479041916168,0.03963171922051856
D209,TVAE,R1,0.8715083798882681,0.9822485207100592,0.9642857142857143,-0.01796280642434489
D209,TVAE,R2,0.8873239436619719,0.9822485207100592,0.9642857142857143,-0.01796280642434489
D209,TVAE,R3,0.9420289855072463,0.9822485207100592,0.9642857142857143,-0.01796280642434489
D209,CART,R1,0.8980169971671388,0.9822485207100592,0.9642857142857143,-0.01796280642434489
D209,CART,R2,0.8980169971671388,0.9822485207100592,0.9642857142857143,-0.01796280642434489
D209,CART,R3,0.8980169971671388,0.9822485207100592,0.9642857142857143,-0.01796280642434489
D21,TVAE,R1,0.7091836734693877,0.8926553672316384,0.7934782608695652,-0.09917710636207322
D21,TVAE,R2,0.6666666666666666,0.8926553672316384,0.7934782608695652,-0.09917710636207322
D21,TVAE,R3,0.7631578947368421,0.8926553672316384,0.7934782608695652,-0.09917710636207322
D21,CART,R1,0.9822485207100592,0.8926553672316384,0.7934782608695652,-0.09917710636207322
D21,CART,R2,0.9940476190476191,0.8926553672316384,0.7934782608695652,-0.09917710636207322
D21,CART,R3,0.9364161849710982,0.8926553672316384,0.7934782608695652,-0.09917710636207322
D210,TVAE,R1,0.9034090909090909,0.9822485207100592,0.9642857142857143,-0.01796280642434489
D210,TVAE,R2,0.8926553672316384,0.9822485207100592,0.9642857142857143,-0.01796280642434489
D210,TVAE,R3,0.9197707736389685,0.9822485207100592,0.9642857142857143,-0.01796280642434489
D210,CART,R1,0.9940476190476191,0.9822485207100592,0.9642857142857143,-0.01796280642434489
D210,CART,R2,0.9940476190476191,0.9822485207100592,0.9642857142857143,-0.01796280642434489
D210,CART,R3,0.9940476190476191,0.9822485207100592,0.9642857142857143,-0.01796280642434489
D211,TVAE,R1,0.8611111111111112,0.9881305637982196,1.0,0.011869436201780381
D211,TVAE,R2,0.976401179941003,0.9881305637982196,1.0,0.011869436201780381
D211,TVAE,R3,0.9034090909090909,0.9881305637982196,1.0,0.011869436201780381
D211,CART,R1,0.9822485207100592,0.9881305637982196,1.0,0.011869436201780381
D211,CART,R2,0.9476744186046512,0.9881305637982196,1.0,0.011869436201780381
D211,CART,R3,0.9590643274853801,0.9881305637982196,1.0,0.011869436201780381
D212,TVAE,R1,0.7585301837270341,0.8662952646239555,0.8857142857142857,0.019419021090330224
D212,TVAE,R2,0.6834170854271356,0.8662952646239555,0.8857142857142857,0.019419021090330224
D212,TVAE,R3,0.6791979949874687,0.8662952646239555,0.8857142857142857,0.019419021090330224
D212,CART,R1,0.8662952646239555,0.8662952646239555,0.8857142857142857,0.019419021090330224
D212,CART,R2,0.8980169971671388,0.8662952646239555,0.8857142857142857,0.019419021090330224
D212,CART,R3,0.9088319088319088,0.8662952646239555,0.8857142857142857,0.019419021090330224
D213,TVAE,R1,0.9881305637982196,0.9822485207100592,0.9642857142857143,-0.01796280642434489
D213,TVAE,R2,0.9705882352941176,0.9822485207100592,0.9642857142857143,-0.01796280642434489
D213,TVAE,R3,0.9533527696793003,0.9822485207100592,0.9642857142857143,-0.01796280642434489
D213,CART,R1,0.9364161849710982,0.9822485207100592,0.9642857142857143,-0.01796280642434489
D213,CART,R2,0.9364161849710982,0.9822485207100592,0.9642857142857143,-0.01796280642434489
D213,CART,R3,0.9705882352941176,0.9822485207100592,0.9642857142857143,-0.01796280642434489
D214,TVAE,R1,0.9940476190476191,0.9881305637982196,0.9760479041916168,-0.012082659606602819
D214,TVAE,R2,0.9476744186046512,0.9881305637982196,0.9760479041916168,-0.012082659606602819
D214,TVAE,R3,0.9252873563218391,0.9881305637982196,0.9760479041916168,-0.012082659606602819
D214,CART,R1,0.9881305637982196,0.9881305637982196,0.9760479041916168,-0.012082659606602819
D214,CART,R2,0.9940476190476191,0.9881305637982196,0.9760479041916168,-0.012082659606602819
D214,CART,R3,1.0,0.9881305637982196,0.9760479041916168,-0.012082659606602819
D215,TVAE,R1,0.9705882352941176,0.9590643274853801,0.864406779661017,-0.09465754782436309
D215,TVAE,R2,0.9533527696793003,0.9590643274853801,0.864406779661017,-0.09465754782436309
D215,TVAE,R3,0.9142857142857143,0.9590643274853801,0.864406779661017,-0.09465754782436309
D215,CART,R1,0.9940476190476191,0.9590643274853801,0.864406779661017,-0.09465754782436309
D215,CART,R2,0.9590643274853801,0.9590643274853801,0.864406779661017,-0.09465754782436309
D215,CART,R3,0.9822485207100592,0.9590643274853801,0.864406779661017,-0.09465754782436309
D216,TVAE,R1,0.8256130790190735,0.9648093841642229,0.9879518072289156,0.02314242306469272
D216,TVAE,R2,0.8926553672316384,0.9648093841642229,0.9879518072289156,0.02314242306469272
D216,TVAE,R3,1.0,0.9648093841642229,0.9879518072289156,0.02314242306469272
D216,CART,R1,0.9822485207100592,0.9648093841642229,0.9879518072289156,0.02314242306469272
D216,CART,R2,0.9940476190476191,0.9648093841642229,0.9879518072289156,0.02314242306469272
D216,CART,R3,0.9822485207100592,0.9648093841642229,0.9879518072289156,0.02314242306469272
D217,TVAE,R1,0.7771883289124668,0.9648093841642229,0.9298245614035088,-0.03498482276071413
D217,TVAE,R2,0.9364161849710982,0.9648093841642229,0.9298245614035088,-0.03498482276071413
D217,TVAE,R3,0.976401179941003,0.9648093841642229,0.9298245614035088,-0.03498482276071413
D217,CART,R1,0.8406593406593407,0.9648093841642229,0.9298245614035088,-0.03498482276071413
D217,CART,R2,0.8820224719101124,0.9648093841642229,0.9298245614035088,-0.03498482276071413
D217,CART,R3,0.8611111111111112,0.9648093841642229,0.9298245614035088,-0.03498482276071413
D218,TVAE,R1,0.9197707736389685,0.9881305637982196,0.9298245614035088,-0.05830600239471084
D218,TVAE,R2,0.9197707736389685,0.9881305637982196,0.9298245614035088,-0.05830600239471084
D218,TVAE,R3,0.9940476190476191,0.9881305637982196,0.9298245614035088,-0.05830600239471084
D218,CART,R1,0.876750700280112,0.9881305637982196,0.9298245614035088,-0.05830600239471084
D218,CART,R2,0.8926553672316384,0.9881305637982196,0.9298245614035088,-0.05830600239471084
D218,CART,R3,0.9034090909090909,0.9881305637982196,0.9298245614035088,-0.05830600239471084
D219,TVAE,R1,0.8715083798882681,0.9940476190476191,0.9879518072289156,-0.006095811818703445
D219,TVAE,R2,0.9364161849710982,0.9940476190476191,0.9879518072289156,-0.006095811818703445
D219,TVAE,R3,0.8820224719101124,0.9940476190476191,0.9879518072289156,-0.006095811818703445
D219,CART,R1,0.9822485207100592,0.9940476190476191,0.9879518072289156,-0.006095811818703445
D219,CART,R2,0.9648093841642229,0.9940476190476191,0.9879518072289156,-0.006095811818703445
D219,CART,R3,0.9705882352941176,0.9940476190476191,0.9879518072289156,-0.006095811818703445
D22,TVAE,R1,0.7819148936170213,0.9364161849710982,0.896551724137931,-0.03986446083316719
D22,TVAE,R2,0.8010752688172043,0.9364161849710982,0.896551724137931,-0.03986446083316719
D22,TVAE,R3,0.700507614213198,0.9364161849710982,0.896551724137931,-0.03986446083316719
D22,CART,R1,0.9940476190476191,0.9364161849710982,0.896551724137931,-0.03986446083316719
D22,CART,R2,0.9705882352941176,0.9364161849710982,0.896551724137931,-0.03986446083316719
D22,CART,R3,0.9940476190476191,0.9364161849710982,0.896551724137931,-0.03986446083316719
D220,TVAE,R1,0.8356164383561644,0.9364161849710982,0.9186046511627907,-0.017811533808307578
D220,TVAE,R2,0.9881305637982196,0.9364161849710982,0.9186046511627907,-0.017811533808307578
D220,TVAE,R3,0.8873239436619719,0.9364161849710982,0.9186046511627907,-0.017811533808307578
D220,CART,R1,0.9252873563218391,0.9364161849710982,0.9186046511627907,-0.017811533808307578
D220,CART,R2,0.9533527696793003,0.9364161849710982,0.9186046511627907,-0.017811533808307578
D220,CART,R3,0.8820224719101124,0.9364161849710982,0.9186046511627907,-0.017811533808307578
D221,TVAE,R1,0.9590643274853801,0.9940476190476191,0.9879518072289156,-0.006095811818703445
D221,TVAE,R2,0.8406593406593407,0.9940476190476191,0.9879518072289156,-0.006095811818703445
D221,TVAE,R3,0.8715083798882681,0.9940476190476191,0.9879518072289156,-0.006095811818703445
D221,CART,R1,0.9648093841642229,0.9940476190476191,0.9879518072289156,-0.006095811818703445
D221,CART,R2,0.976401179941003,0.9940476190476191,0.9879518072289156,-0.006095811818703445
D221,CART,R3,0.9590643274853801,0.9940476190476191,0.9879518072289156,-0.006095811818703445
D222,TVAE,R1,0.717948717948718,0.9705882352941176,0.9411764705882353,-0.02941176470588236
D222,TVAE,R2,0.8256130790190735,0.9705882352941176,0.9411764705882353,-0.02941176470588236
D222,TVAE,R3,0.8306010928961749,0.9705882352941176,0.9411764705882353,-0.02941176470588236
D222,CART,R1,0.9705882352941176,0.9705882352941176,0.9411764705882353,-0.02941176470588236
D222,CART,R2,0.9881305637982196,0.9705882352941176,0.9411764705882353,-0.02941176470588236
D222,CART,R3,0.9940476190476191,0.9705882352941176,0.9411764705882353,-0.02941176470588236
D223,TVAE,R1,0.6067146282973621,0.8926553672316384,0.9298245614035088,0.03716919417187037
D223,TVAE,R2,0.5990453460620525,0.8926553672316384,0.9298245614035088,0.03716919417187037
D223,TVAE,R3,0.5727699530516432,0.8926553672316384,0.9298245614035088,0.03716919417187037
D223,CART,R1,0.8715083798882681,0.8926553672316384,0.9298245614035088,0.03716919417187037
D223,CART,R2,0.8662952646239555,0.8926553672316384,0.9298245614035088,0.03716919417187037
D223,CART,R3,0.8559556786703602,0.8926553672316384,0.9298245614035088,0.03716919417187037
D224,TVAE,R1,0.5801886792452831,0.850828729281768,0.9075144508670521,0.056685721585284066
D224,TVAE,R2,0.5545243619489559,0.850828729281768,0.9075144508670521,0.056685721585284066
D224,TVAE,R3,0.5545243619489559,0.850828729281768,0.9075144508670521,0.056685721585284066
D224,CART,R1,0.850828729281768,0.850828729281768,0.9075144508670521,0.056685721585284066
D224,CART,R2,0.8559556786703602,0.850828729281768,0.9075144508670521,0.056685721585284066
D224,CART,R3,0.8206521739130435,0.850828729281768,0.9075144508670521,0.056685721585284066
D225,TVAE,R1,0.9881305637982196,0.9648093841642229,0.9298245614035088,-0.03498482276071413
D225,TVAE,R2,0.9420289855072463,0.9648093841642229,0.9298245614035088,-0.03498482276071413
D225,TVAE,R3,1.0,0.9648093841642229,0.9298245614035088,-0.03498482276071413
D225,CART,R1,0.8926553672316384,0.9648093841642229,0.9298245614035088,-0.03498482276071413
D225,CART,R2,0.8926553672316384,0.9648093841642229,0.9298245614035088,-0.03498482276071413
D225,CART,R3,0.8926553672316384,0.9648093841642229,0.9298245614035088,-0.03498482276071413
D226,TVAE,R1,0.8256130790190735,0.9822485207100592,0.9642857142857143,-0.01796280642434489
D226,TVAE,R2,0.9420289855072463,0.9822485207100592,0.9642857142857143,-0.01796280642434489
D226,TVAE,R3,0.9476744186046512,0.9822485207100592,0.9642857142857143,-0.01796280642434489
D226,CART,R1,0.9252873563218391,0.9822485207100592,0.9642857142857143,-0.01796280642434489
D226,CART,R2,0.9252873563218391,0.9822485207100592,0.9642857142857143,-0.01796280642434489
D226,CART,R3,0.930835734870317,0.9822485207100592,0.9642857142857143,-0.01796280642434489
D227,TVAE,R1,0.9088319088319088,0.9476744186046512,0.9186046511627907,-0.029069767441860517
D227,TVAE,R2,0.9364161849710982,0.9476744186046512,0.9186046511627907,-0.029069767441860517
D227,TVAE,R3,0.9590643274853801,0.9476744186046512,0.9186046511627907,-0.029069767441860517
D227,CART,R1,0.976401179941003,0.9476744186046512,0.9186046511627907,-0.029069767441860517
D227,CART,R2,0.9590643274853801,0.9476744186046512,0.9186046511627907,-0.029069767441860517
D227,CART,R3,0.976401179941003,0.9476744186046512,0.9186046511627907,-0.029069767441860517
D228,TVAE,R1,0.9881305637982196,0.9648093841642229,0.9186046511627907,-0.04620473300143224
D228,TVAE,R2,0.8820224719101124,0.9648093841642229,0.9186046511627907,-0.04620473300143224
D228,TVAE,R3,0.850828729281768,0.9648093841642229,0.9186046511627907,-0.04620473300143224
D228,CART,R1,0.9197707736389685,0.9648093841642229,0.9186046511627907,-0.04620473300143224
D228,CART,R2,0.8926553672316384,0.9648093841642229,0.9186046511627907,-0.04620473300143224
D228,CART,R3,0.8820224719101124,0.9648093841642229,0.9186046511627907,-0.04620473300143224
D229,TVAE,R1,0.9940476190476191,0.9881305637982196,0.9760479041916168,-0.012082659606602819
D229,TVAE,R2,0.9533527696793003,0.9881305637982196,0.9760479041916168,-0.012082659606602819
D229,TVAE,R3,0.9705882352941176,0.9881305637982196,0.9760479041916168,-0.012082659606602819
D229,CART,R1,0.9420289855072463,0.9881305637982196,0.9760479041916168,-0.012082659606602819
D229,CART,R2,0.9420289855072463,0.9881305637982196,0.9760479041916168,-0.012082659606602819
D229,CART,R3,0.9420289855072463,0.9881305637982196,0.9760479041916168,-0.012082659606602819
D23,TVAE,R1,0.700507614213198,0.9590643274853801,0.9186046511627907,-0.0404596763225894
D23,TVAE,R2,0.700507614213198,0.9590643274853801,0.9186046511627907,-0.0404596763225894
D23,TVAE,R3,0.7724867724867724,0.9590643274853801,0.9186046511627907,-0.0404596763225894
D23,CART,R1,0.8306010928961749,0.9590643274853801,0.9186046511627907,-0.0404596763225894
D23,CART,R2,0.8206521739130435,0.9590643274853801,0.9186046511627907,-0.0404596763225894
D23,CART,R3,0.850828729281768,0.9590643274853801,0.9186046511627907,-0.0404596763225894
D230,TVAE,R1,0.7771883289124668,0.9197707736389685,0.8539325842696629,-0.06583818936930563
D230,TVAE,R2,0.9088319088319088,0.9197707736389685,0.8539325842696629,-0.06583818936930563
D230,TVAE,R3,0.8873239436619719,0.9197707736389685,0.8539325842696629,-0.06583818936930563
D230,CART,R1,0.8873239436619719,0.9197707736389685,0.8539325842696629,-0.06583818936930563
D230,CART,R2,0.8873239436619719,0.9197707736389685,0.8539325842696629,-0.06583818936930563
D230,CART,R3,0.8820224719101124,0.9197707736389685,0.8539325842696629,-0.06583818936930563
D231,TVAE,R1,0.8926553672316384,0.9822485207100592,0.9642857142857143,-0.01796280642434489
D231,TVAE,R2,0.9252873563218391,0.9822485207100592,0.9642857142857143,-0.01796280642434489
D231,TVAE,R3,0.9142857142857143,0.9822485207100592,0.9642857142857143,-0.01796280642434489
D231,CART,R1,0.9881305637982196,0.9822485207100592,0.9642857142857143,-0.01796280642434489
D231,CART,R2,0.976401179941003,0.9822485207100592,0.9642857142857143,-0.01796280642434489
D231,CART,R3,0.9822485207100592,0.9822485207100592,0.9642857142857143,-0.01796280642434489
D232,TVAE,R1,0.976401179941003,0.9197707736389685,0.9642857142857143,0.04451494064674577
D232,TVAE,R2,0.9648093841642229,0.9197707736389685,0.9642857142857143,0.04451494064674577
D232,TVAE,R3,0.9197707736389685,0.9197707736389685,0.9642857142857143,0.04451494064674577
D232,CART,R1,0.9940476190476191,0.9197707736389685,0.9642857142857143,0.04451494064674577
D232,CART,R2,0.9533527696793003,0.9197707736389685,0.9642857142857143,0.04451494064674577
D232,CART,R3,0.9533527696793003,0.9197707736389685,0.9642857142857143,0.04451494064674577
D233,TVAE,R1,0.976401179941003,0.9705882352941176,0.9411764705882353,-0.02941176470588236
D233,TVAE,R2,0.8980169971671388,0.9705882352941176,0.9411764705882353,-0.02941176470588236
D233,TVAE,R3,0.9420289855072463,0.9705882352941176,0.9411764705882353,-0.02941176470588236
D233,CART,R1,0.9034090909090909,0.9705882352941176,0.9411764705882353,-0.02941176470588236
D233,CART,R2,0.9034090909090909,0.9705882352941176,0.9411764705882353,-0.02941176470588236
D233,CART,R3,0.9034090909090909,0.9705882352941176,0.9411764705882353,-0.02941176470588236
D234,TVAE,R1,0.9364161849710982,0.976401179941003,0.9879518072289156,0.011550627287912674
D234,TVAE,R2,0.9533527696793003,0.976401179941003,0.9879518072289156,0.011550627287912674
D234,TVAE,R3,0.9034090909090909,0.976401179941003,0.9879518072289156,0.011550627287912674
D234,CART,R1,0.976401179941003,0.976401179941003,0.9879518072289156,0.011550627287912674
D234,CART,R2,0.9822485207100592,0.976401179941003,0.9879518072289156,0.011550627287912674
D234,CART,R3,0.9590643274853801,0.976401179941003,0.9879518072289156,0.011550627287912674
D235,TVAE,R1,0.8406593406593407,0.9420289855072463,0.896551724137931,-0.04547726136931529
D235,TVAE,R2,0.9420289855072463,0.9420289855072463,0.896551724137931,-0.04547726136931529
D235,TVAE,R3,0.8873239436619719,0.9420289855072463,0.896551724137931,-0.04547726136931529
D235,CART,R1,0.8926553672316384,0.9420289855072463,0.896551724137931,-0.04547726136931529
D235,CART,R2,0.9142857142857143,0.9420289855072463,0.896551724137931,-0.04547726136931529
D235,CART,R3,0.9142857142857143,0.9420289855072463,0.896551724137931,-0.04547726136931529
D236,TVAE,R1,0.8108108108108109,0.9197707736389685,0.9526627218934911,0.032891948254522574
D236,TVAE,R2,0.876750700280112,0.9197707736389685,0.9526627218934911,0.032891948254522574
D236,TVAE,R3,0.8157181571815718,0.9197707736389685,0.9526627218934911,0.032891948254522574
D236,CART,R1,0.9822485207100592,0.9197707736389685,0.9526627218934911,0.032891948254522574
D236,CART,R2,0.9822485207100592,0.9197707736389685,0.9526627218934911,0.032891948254522574
D236,CART,R3,0.9881305637982196,0.9197707736389685,0.9526627218934911,0.032891948254522574
D237,TVAE,R1,0.8559556786703602,0.9822485207100592,0.9642857142857143,-0.01796280642434489
D237,TVAE,R2,0.850828729281768,0.9822485207100592,0.9642857142857143,-0.01796280642434489
D237,TVAE,R3,0.9142857142857143,0.9822485207100592,0.9642857142857143,-0.01796280642434489
D237,CART,R1,0.9420289855072463,0.9822485207100592,0.9642857142857143,-0.01796280642434489
D237,CART,R2,0.9420289855072463,0.9822485207100592,0.9642857142857143,-0.01796280642434489
D237,CART,R3,0.930835734870317,0.9822485207100592,0.9642857142857143,-0.01796280642434489
D238,TVAE,R1,0.8559556786703602,0.9881305637982196,0.9879518072289156,-0.00017875656930399497
D238,TVAE,R2,0.8715083798882681,0.9881305637982196,0.9879518072289156,-0.00017875656930399497
D238,TVAE,R3,0.9648093841642229,0.9881305637982196,0.9879518072289156,-0.00017875656930399497
D238,CART,R1,0.9590643274853801,0.9881305637982196,0.9879518072289156,-0.00017875656930399497
D238,CART,R2,0.9648093841642229,0.9881305637982196,0.9879518072289156,-0.00017875656930399497
D238,CART,R3,0.976401179941003,0.9881305637982196,0.9879518072289156,-0.00017875656930399497
D239,TVAE,R1,0.7585301837270341,0.9420289855072463,0.9760479041916168,0.03401891868437046
D239,TVAE,R2,0.6962025316455697,0.9420289855072463,0.9760479041916168,0.03401891868437046
D239,TVAE,R3,0.7771883289124668,0.9420289855072463,0.9760479041916168,0.03401891868437046
D239,CART,R1,0.930835734870317,0.9420289855072463,0.9760479041916168,0.03401891868437046
D239,CART,R2,0.9364161849710982,0.9420289855072463,0.9760479041916168,0.03401891868437046
D239,CART,R3,0.9420289855072463,0.9420289855072463,0.9760479041916168,0.03401891868437046
D24,TVAE,R1,0.9476744186046512,0.9364161849710982,0.9186046511627907,-0.017811533808307578
D24,TVAE,R2,0.7819148936170213,0.9364161849710982,0.9186046511627907,-0.017811533808307578
D24,TVAE,R3,0.9940476190476191,0.9364161849710982,0.9186046511627907,-0.017811533808307578
D24,CART,R1,0.9590643274853801,0.9364161849710982,0.9186046511627907,-0.017811533808307578
D24,CART,R2,0.8611111111111112,0.9364161849710982,0.9186046511627907,-0.017811533808307578
D24,CART,R3,0.9034090909090909,0.9364161849710982,0.9186046511627907,-0.017811533808307578
D240,TVAE,R1,0.8356164383561644,0.9364161849710982,0.9760479041916168,0.03963171922051856
D240,TVAE,R2,0.7631578947368421,0.9364161849710982,0.9760479041916168,0.03963171922051856
D240,TVAE,R3,0.7914438502673797,0.9364161849710982,0.9760479041916168,0.03963171922051856
D240,CART,R1,0.9533527696793003,0.9364161849710982,0.9760479041916168,0.03963171922051856
D240,CART,R2,0.976401179941003,0.9364161849710982,0.9760479041916168,0.03963171922051856
D240,CART,R3,0.9648093841642229,0.9364161849710982,0.9760479041916168,0.03963171922051856
D241,TVAE,R1,0.9420289855072463,0.9822485207100592,0.9642857142857143,-0.01796280642434489
D241,TVAE,R2,0.9590643274853801,0.9822485207100592,0.9642857142857143,-0.01796280642434489
D241,TVAE,R3,0.9881305637982196,0.9822485207100592,0.9642857142857143,-0.01796280642434489
D241,CART,R1,0.8980169971671388,0.9822485207100592,0.9642857142857143,-0.01796280642434489
D241,CART,R2,0.8980169971671388,0.9822485207100592,0.9642857142857143,-0.01796280642434489
D241,CART,R3,0.8980169971671388,0.9822485207100592,0.9642857142857143,-0.01796280642434489
D242,TVAE,R1,0.976401179941003,0.9822485207100592,0.9642857142857143,-0.01796280642434489
D242,TVAE,R2,0.9705882352941176,0.9822485207100592,0.9642857142857143,-0.01796280642434489
D242,TVAE,R3,0.9940476190476191,0.9822485207100592,0.9642857142857143,-0.01796280642434489
D242,CART,R1,0.9940476190476191,0.9822485207100592,0.9642857142857143,-0.01796280642434489
D242,CART,R2,1.0,0.9822485207100592,0.9642857142857143,-0.01796280642434489
D242,CART,R3,1.0,0.9822485207100592,0.9642857142857143,-0.01796280642434489
D243,TVAE,R1,1.0,0.9881305637982196,1.0,0.011869436201780381
D243,TVAE,R2,0.8820224719101124,0.9881305637982196,1.0,0.011869436201780381
D243,TVAE,R3,0.9705882352941176,0.9881305637982196,1.0,0.011869436201780381
D243,CART,R1,0.9476744186046512,0.9881305637982196,1.0,0.011869436201780381
D243,CART,R2,0.9533527696793003,0.9881305637982196,1.0,0.011869436201780381
D243,CART,R3,0.9364161849710982,0.9881305637982196,1.0,0.011869436201780381
D244,TVAE,R1,0.8662952646239555,0.8662952646239555,0.8857142857142857,0.019419021090330224
D244,TVAE,R2,0.8820224719101124,0.8662952646239555,0.8857142857142857,0.019419021090330224
D244,TVAE,R3,0.8715083798882681,0.8662952646239555,0.8857142857142857,0.019419021090330224
D244,CART,R1,0.8559556786703602,0.8662952646239555,0.8857142857142857,0.019419021090330224
D244,CART,R2,0.9364161849710982,0.8662952646239555,0.8857142857142857,0.019419021090330224
D244,CART,R3,0.9142857142857143,0.8662952646239555,0.8857142857142857,0.019419021090330224
D245,TVAE,R1,0.9705882352941176,0.9822485207100592,0.9642857142857143,-0.01796280642434489
D245,TVAE,R2,0.9705882352941176,0.9822485207100592,0.9642857142857143,-0.01796280642434489
D245,TVAE,R3,0.7819148936170213,0.9822485207100592,0.9642857142857143,-0.01796280642434489
D245,CART,R1,0.9420289855072463,0.9822485207100592,0.9642857142857143,-0.01796280642434489
D245,CART,R2,0.9420289855072463,0.9822485207100592,0.9642857142857143,-0.01796280642434489
D245,CART,R3,0.9420289855072463,0.9822485207100592,0.9642857142857143,-0.01796280642434489
D246,TVAE,R1,0.930835734870317,0.9881305637982196,0.9760479041916168,-0.012082659606602819
D246,TVAE,R2,0.9940476190476191,0.9881305637982196,0.9760479041916168,-0.012082659606602819
D246,TVAE,R3,0.876750700280112,0.9881305637982196,0.9760479041916168,-0.012082659606602819
D246,CART,R1,1.0,0.9881305637982196,0.9760479041916168,-0.012082659606602819
D246,CART,R2,1.0,0.9881305637982196,0.9760479041916168,-0.012082659606602819
D246,CART,R3,0.9881305637982196,0.9881305637982196,0.9760479041916168,-0.012082659606602819
D247,TVAE,R1,0.8559556786703602,0.9590643274853801,0.864406779661017,-0.09465754782436309
D247,TVAE,R2,0.9881305637982196,0.9590643274853801,0.864406779661017,-0.09465754782436309
D247,TVAE,R3,0.9822485207100592,0.9590643274853801,0.864406779661017,-0.09465754782436309
D247,CART,R1,0.9590643274853801,0.9590643274853801,0.864406779661017,-0.09465754782436309
D247,CART,R2,0.9822485207100592,0.9590643274853801,0.864406779661017,-0.09465754782436309
D247,CART,R3,0.9881305637982196,0.9590643274853801,0.864406779661017,-0.09465754782436309
D248,TVAE,R1,0.8356164383561644,0.9648093841642229,0.9879518072289156,0.02314242306469272
D248,TVAE,R2,0.8406593406593407,0.9648093841642229,0.9879518072289156,0.02314242306469272
D248,TVAE,R3,0.9940476190476191,0.9648093841642229,0.9879518072289156,0.02314242306469272
D248,CART,R1,0.9533527696793003,0.9648093841642229,0.9879518072289156,0.02314242306469272
D248,CART,R2,0.9533527696793003,0.9648093841642229,0.9879518072289156,0.02314242306469272
D248,CART,R3,0.9364161849710982,0.9648093841642229,0.9879518072289156,0.02314242306469272
D249,TVAE,R1,0.9533527696793003,0.9648093841642229,0.9298245614035088,-0.03498482276071413
D249,TVAE,R2,0.9822485207100592,0.9648093841642229,0.9298245614035088,-0.03498482276071413
D249,TVAE,R3,0.9822485207100592,0.9648093841642229,0.9298245614035088,-0.03498482276071413
D249,CART,R1,0.8611111111111112,0.9648093841642229,0.9298245614035088,-0.03498482276071413
D249,CART,R2,0.8611111111111112,0.9648093841642229,0.9298245614035088,-0.03498482276071413
D249,CART,R3,0.8611111111111112,0.9648093841642229,0.9298245614035088,-0.03498482276071413
D25,TVAE,R1,0.8108108108108109,0.9705882352941176,0.9411764705882353,-0.02941176470588236
D25,TVAE,R2,0.8715083798882681,0.9705882352941176,0.9411764705882353,-0.02941176470588236
D25,TVAE,R3,0.9705882352941176,0.9705882352941176,0.9411764705882353,-0.02941176470588236
D25,CART,R1,0.9142857142857143,0.9705882352941176,0.9411764705882353,-0.02941176470588236
D25,CART,R2,0.8820224719101124,0.9705882352941176,0.9411764705882353,-0.02941176470588236
D25,CART,R3,0.8010752688172043,0.9705882352941176,0.9411764705882353,-0.02941176470588236
D250,TVAE,R1,0.9420289855072463,0.9881305637982196,0.9298245614035088,-0.05830600239471084
D250,TVAE,R2,0.9822485207100592,0.9881305637982196,0.9298245614035088,-0.05830600239471084
D250,TVAE,R3,0.930835734870317,0.9881305637982196,0.9298245614035088,-0.05830600239471084
D250,CART,R1,0.8873239436619719,0.9881305637982196,0.9298245614035088,-0.05830600239471084
D250,CART,R2,0.8926553672316384,0.9881305637982196,0.9298245614035088,-0.05830600239471084
D250,CART,R3,0.8926553672316384,0.9881305637982196,0.9298245614035088,-0.05830600239471084
D251,TVAE,R1,0.8873239436619719,0.9940476190476191,0.9879518072289156,-0.006095811818703445
D251,TVAE,R2,0.850828729281768,0.9940476190476191,0.9879518072289156,-0.006095811818703445
D251,TVAE,R3,0.8306010928961749,0.9940476190476191,0.9879518072289156,-0.006095811818703445
D251,CART,R1,0.9940476190476191,0.9940476190476191,0.9879518072289156,-0.006095811818703445
D251,CART,R2,0.9590643274853801,0.9940476190476191,0.9879518072289156,-0.006095811818703445
D251,CART,R3,0.9252873563218391,0.9940476190476191,0.9879518072289156,-0.006095811818703445
D252,TVAE,R1,0.8457300275482094,0.9364161849710982,0.9186046511627907,-0.017811533808307578
D252,TVAE,R2,0.9648093841642229,0.9364161849710982,0.9186046511627907,-0.017811533808307578
D252,TVAE,R3,0.9252873563218391,0.9364161849710982,0.9186046511627907,-0.017811533808307578
D252,CART,R1,0.9648093841642229,0.9364161849710982,0.9186046511627907,-0.017811533808307578
D252,CART,R2,0.9590643274853801,0.9364161849710982,0.9186046511627907,-0.017811533808307578
D252,CART,R3,0.9590643274853801,0.9364161849710982,0.9186046511627907,-0.017811533808307578
D253,TVAE,R1,0.8980169971671388,0.9940476190476191,0.9879518072289156,-0.006095811818703445
D253,TVAE,R2,0.8611111111111112,0.9940476190476191,0.9879518072289156,-0.006095811818703445
D253,TVAE,R3,0.850828729281768,0.9940476190476191,0.9879518072289156,-0.006095811818703445
D253,CART,R1,0.9822485207100592,0.9940476190476191,0.9879518072289156,-0.006095811818703445
D253,CART,R2,0.9648093841642229,0.9940476190476191,0.9879518072289156,-0.006095811818703445
D253,CART,R3,0.976401179941003,0.9940476190476191,0.9879518072289156,-0.006095811818703445
D254,TVAE,R1,0.9822485207100592,0.9705882352941176,0.9411764705882353,-0.02941176470588236
D254,TVAE,R2,0.7724867724867724,0.9705882352941176,0.9411764705882353,-0.02941176470588236
D254,TVAE,R3,0.7771883289124668,0.9705882352941176,0.9411764705882353,-0.02941176470588236
D254,CART,R1,0.9822485207100592,0.9705882352941176,0.9411764705882353,-0.02941176470588236
D254,CART,R2,1.0,0.9705882352941176,0.9411764705882353,-0.02941176470588236
D254,CART,R3,0.9940476190476191,0.9705882352941176,0.9411764705882353,-0.02941176470588236
D255,TVAE,R1,0.7631578947368421,0.8926553672316384,0.9298245614035088,0.03716919417187037
D255,TVAE,R2,0.8356164383561644,0.8926553672316384,0.9298245614035088,0.03716919417187037
D255,TVAE,R3,0.7724867724867724,0.8926553672316384,0.9298245614035088,0.03716919417187037
D255,CART,R1,0.8457300275482094,0.8926553672316384,0.9298245614035088,0.03716919417187037
D255,CART,R2,0.8356164383561644,0.8926553672316384,0.9298245614035088,0.03716919417187037
D255,CART,R3,0.8715083798882681,0.8926553672316384,0.9298245614035088,0.03716919417187037
D256,TVAE,R1,0.6461916461916462,0.850828729281768,0.9075144508670521,0.056685721585284066
D256,TVAE,R2,0.5654205607476636,0.850828729281768,0.9075144508670521,0.056685721585284066
D256,TVAE,R3,0.6876574307304786,0.850828729281768,0.9075144508670521,0.056685721585284066
D256,CART,R1,0.8457300275482094,0.850828729281768,0.9075144508670521,0.056685721585284066
D256,CART,R2,0.8356164383561644,0.850828729281768,0.9075144508670521,0.056685721585284066
D256,CART,R3,0.8306010928961749,0.850828729281768,0.9075144508670521,0.056685721585284066
D257,TVAE,R1,0.8356164383561644,0.9648093841642229,0.9298245614035088,-0.03498482276071413
D257,TVAE,R2,0.9734904270986745,0.9648093841642229,0.9298245614035088,-0.03498482276071413
D257,TVAE,R3,0.8926553672316384,0.9648093841642229,0.9298245614035088,-0.03498482276071413
D257,CART,R1,0.9881305637982196,0.9648093841642229,0.9298245614035088,-0.03498482276071413
D257,CART,R2,0.9619326500732065,0.9648093841642229,0.9298245614035088,-0.03498482276071413
D257,CART,R3,0.9793205317577548,0.9648093841642229,0.9298245614035088,-0.03498482276071413
D258,TVAE,R1,0.8715083798882681,0.9910846953937593,0.9879518072289156,-0.0031328881648436946
D258,TVAE,R2,0.9881305637982196,0.9910846953937593,0.9879518072289156,-0.0031328881648436946
D258,TVAE,R3,0.9970193740685543,0.9910846953937593,0.9879518072289156,-0.0031328881648436946
D258,CART,R1,0.9940476190476191,0.9910846953937593,0.9879518072289156,-0.0031328881648436946
D258,CART,R2,0.9970193740685543,0.9910846953937593,0.9879518072289156,-0.0031328881648436946
D258,CART,R3,0.9734904270986745,0.9910846953937593,0.9879518072289156,-0.0031328881648436946
D259,TVAE,R1,0.8457300275482094,0.9619326500732065,0.9526627218934911,-0.009269928179715392
D259,TVAE,R2,0.9170243204577968,0.9619326500732065,0.9526627218934911,-0.009269928179715392
D259,TVAE,R3,0.8980169971671388,0.9619326500732065,0.9526627218934911,-0.009269928179715392
D259,CART,R1,0.8980169971671388,0.9619326500732065,0.9526627218934911,-0.009269928179715392
D259,CART,R2,0.9142857142857143,0.9619326500732065,0.9526627218934911,-0.009269928179715392
D259,CART,R3,0.9142857142857143,0.9619326500732065,0.9526627218934911,-0.009269928179715392
D26,TVAE,R1,0.9252873563218391,0.9476744186046512,0.875,-0.07267441860465118
D26,TVAE,R2,0.8010752688172043,0.9476744186046512,0.875,-0.07267441860465118
D26,TVAE,R3,0.9590643274853801,0.9476744186046512,0.875,-0.07267441860465118
D26,CART,R1,0.9364161849710982,0.9476744186046512,0.875,-0.07267441860465118
D26,CART,R2,0.9705882352941176,0.9476744186046512,0.875,-0.07267441860465118
D26,CART,R3,0.9590643274853801,0.9476744186046512,0.875,-0.07267441860465118
D260,TVAE,R1,0.850828729281768,0.9420289855072463,0.9411764705882353,-0.0008525149190110604
D260,TVAE,R2,0.8820224719101124,0.9420289855072463,0.9411764705882353,-0.0008525149190110604
D260,TVAE,R3,0.8820224719101124,0.9420289855072463,0.9411764705882353,-0.0008525149190110604
D260,CART,R1,0.9590643274853801,0.9420289855072463,0.9411764705882353,-0.0008525149190110604
D260,CART,R2,0.976401179941003,0.9420289855072463,0.9411764705882353,-0.0008525149190110604
D260,CART,R3,0.9590643274853801,0.9420289855072463,0.9411764705882353,-0.0008525149190110604
D261,TVAE,R1,0.9533527696793003,0.9940476190476191,0.9879518072289156,-0.006095811818703445
D261,TVAE,R2,0.8820224719101124,0.9940476190476191,0.9879518072289156,-0.006095811818703445
D261,TVAE,R3,0.8688981868898187,0.9940476190476191,0.9879518072289156,-0.006095811818703445
D261,CART,R1,0.8482758620689655,0.9940476190476191,0.9879518072289156,-0.006095811818703445
D261,CART,R2,0.8559556786703602,0.9940476190476191,0.9879518072289156,-0.006095811818703445
D261,CART,R3,0.8331053351573188,0.9940476190476191,0.9879518072289156,-0.006095811818703445
D262,TVAE,R1,0.8741258741258742,0.9705882352941176,0.924198250728863,-0.04638998456525467
D262,TVAE,R2,0.9197707736389685,0.9705882352941176,0.924198250728863,-0.04638998456525467
D262,TVAE,R3,0.9197707736389685,0.9705882352941176,0.924198250728863,-0.04638998456525467
D262,CART,R1,0.9940476190476191,0.9705882352941176,0.924198250728863,-0.04638998456525467
D262,CART,R2,0.9851851851851852,0.9705882352941176,0.924198250728863,-0.04638998456525467
D262,CART,R3,0.9881305637982196,0.9705882352941176,0.924198250728863,-0.04638998456525467
D263,TVAE,R1,0.930835734870317,0.950509461426492,0.9939577039274925,0.043448242501000545
D263,TVAE,R2,0.9142857142857143,0.950509461426492,0.9939577039274925,0.043448242501000545
D263,TVAE,R3,0.8688981868898187,0.950509461426492,0.9939577039274925,0.043448242501000545
D263,CART,R1,0.9970193740685543,0.950509461426492,0.9939577039274925,0.043448242501000545
D263,CART,R2,0.9619326500732065,0.950509461426492,0.9939577039274925,0.043448242501000545
D263,CART,R3,0.9851851851851852,0.950509461426492,0.9939577039274925,0.043448242501000545
D264,TVAE,R1,0.8688981868898187,0.9448476052249637,1.0,0.055152394775036306
D264,TVAE,R2,0.9088319088319088,0.9448476052249637,1.0,0.055152394775036306
D264,TVAE,R3,0.9562043795620438,0.9448476052249637,1.0,0.055152394775036306
D264,CART,R1,0.8533886583679114,0.9448476052249637,1.0,0.055152394775036306
D264,CART,R2,0.8585298196948682,0.9448476052249637,1.0,0.055152394775036306
D264,CART,R3,0.850828729281768,0.9448476052249637,1.0,0.055152394775036306
D265,TVAE,R1,0.9142857142857143,0.9881305637982196,0.9760479041916168,-0.012082659606602819
D265,TVAE,R2,0.9252873563218391,0.9881305637982196,0.9760479041916168,-0.012082659606602819
D265,TVAE,R3,0.930835734870317,0.9881305637982196,0.9760479041916168,-0.012082659606602819
D265,CART,R1,0.9364161849710982,0.9881305637982196,0.9760479041916168,-0.012082659606602819
D265,CART,R2,0.9448476052249637,0.9881305637982196,0.9760479041916168,-0.012082659606602819
D265,CART,R3,0.9619326500732065,0.9881305637982196,0.9760479041916168,-0.012082659606602819
D266,TVAE,R1,0.9364161849710982,0.9940476190476191,0.9939577039274925,-8.991512012657132e-05
D266,TVAE,R2,0.9940476190476191,0.9940476190476191,0.9939577039274925,-8.991512012657132e-05
D266,TVAE,R3,0.9881305637982196,0.9940476190476191,0.9939577039274925,-8.991512012657132e-05
D266,CART,R1,0.9734904270986745,0.9940476190476191,0.9939577039274925,-8.991512012657132e-05
D266,CART,R2,0.950509461426492,0.9940476190476191,0.9939577039274925,-8.991512012657132e-05
D266,CART,R3,0.9392185238784371,0.9940476190476191,0.9939577039274925,-8.991512012657132e-05
D267,TVAE,R1,0.9088319088319088,0.9676945668135095,0.9411764705882353,-0.026518096225274235
D267,TVAE,R2,0.9562043795620438,0.9676945668135095,0.9411764705882353,-0.026518096225274235
D267,TVAE,R3,0.8457300275482094,0.9676945668135095,0.9411764705882353,-0.026518096225274235
D267,CART,R1,0.9364161849710982,0.9676945668135095,0.9411764705882353,-0.026518096225274235
D267,CART,R2,0.9336219336219336,0.9676945668135095,0.9411764705882353,-0.026518096225274235
D267,CART,R3,0.8741258741258742,0.9676945668135095,0.9411764705882353,-0.026518096225274235
D268,TVAE,R1,0.9562043795620438,0.9562043795620438,0.9584569732937686,0.002252593731724706
D268,TVAE,R2,0.9225251076040172,0.9562043795620438,0.9584569732937686,0.002252593731724706
D268,TVAE,R3,0.9793205317577548,0.9562043795620438,0.9584569732937686,0.002252593731724706
D268,CART,R1,0.9476744186046512,0.9562043795620438,0.9584569732937686,0.002252593731724706
D268,CART,R2,0.9648093841642229,0.9562043795620438,0.9584569732937686,0.002252593731724706
D268,CART,R3,0.9822485207100592,0.9562043795620438,0.9584569732937686,0.002252593731724706
D269,TVAE,R1,0.976401179941003,0.9562043795620438,0.9130434782608695,-0.04316090130117434
D269,TVAE,R2,0.9225251076040172,0.9562043795620438,0.9130434782608695,-0.04316090130117434
D269,TVAE,R3,0.9420289855072463,0.9562043795620438,0.9130434782608695,-0.04316090130117434
D269,CART,R1,0.8953323903818954,0.9562043795620438,0.9130434782608695,-0.04316090130117434
D269,CART,R2,0.8980169971671388,0.9562043795620438,0.9130434782608695,-0.04316090130117434
D269,CART,R3,0.9336219336219336,0.9562043795620438,0.9130434782608695,-0.04316090130117434
D27,TVAE,R1,0.8206521739130435,0.9590643274853801,0.896551724137931,-0.06251260334744901
D27,TVAE,R2,0.9142857142857143,0.9590643274853801,0.896551724137931,-0.06251260334744901
D27,TVAE,R3,0.8820224719101124,0.9590643274853801,0.896551724137931,-0.06251260334744901
D27,CART,R1,0.9252873563218391,0.9590643274853801,0.896551724137931,-0.06251260334744901
D27,CART,R2,0.9940476190476191,0.9590643274853801,0.896551724137931,-0.06251260334744901
D27,CART,R3,0.9940476190476191,0.9590643274853801,0.896551724137931,-0.06251260334744901
D270,TVAE,R1,0.9619326500732065,0.9392185238784371,0.8857142857142857,-0.053504238164151396
D270,TVAE,R2,0.9034090909090909,0.9392185238784371,0.8857142857142857,-0.053504238164151396
D270,TVAE,R3,0.9590643274853801,0.9392185238784371,0.8857142857142857,-0.053504238164151396
D270,CART,R1,0.8926553672316384,0.9392185238784371,0.8857142857142857,-0.053504238164151396
D270,CART,R2,0.9170243204577968,0.9392185238784371,0.8857142857142857,-0.053504238164151396
D270,CART,R3,0.8926553672316384,0.9392185238784371,0.8857142857142857,-0.053504238164151396
D271,TVAE,R1,0.9336219336219336,0.9881305637982196,0.924198250728863,-0.06393231306935665
D271,TVAE,R2,0.8980169971671388,0.9881305637982196,0.924198250728863,-0.06393231306935665
D271,TVAE,R3,0.9034090909090909,0.9881305637982196,0.924198250728863,-0.06393231306935665
D271,CART,R1,0.9034090909090909,0.9881305637982196,0.924198250728863,-0.06393231306935665
D271,CART,R2,0.9034090909090909,0.9881305637982196,0.924198250728863,-0.06393231306935665
D271,CART,R3,0.9822485207100592,0.9881305637982196,0.924198250728863,-0.06393231306935665
D272,TVAE,R1,0.7842876165113183,0.9619326500732065,0.9584569732937686,-0.0034756767794379417
D272,TVAE,R2,0.8010752688172043,0.9619326500732065,0.9584569732937686,-0.0034756767794379417
D272,TVAE,R3,0.8482758620689655,0.9619326500732065,0.9584569732937686,-0.0034756767794379417
D272,CART,R1,0.9336219336219336,0.9619326500732065,0.9584569732937686,-0.0034756767794379417
D272,CART,R2,0.8953323903818954,0.9619326500732065,0.9584569732937686,-0.0034756767794379417
D272,CART,R3,0.9420289855072463,0.9619326500732065,0.9584569732937686,-0.0034756767794379417
D273,TVAE,R1,0.9364161849710982,0.9910846953937593,0.9819819819819819,-0.009102713411777374
D273,TVAE,R2,0.9851851851851852,0.9910846953937593,0.9819819819819819,-0.009102713411777374
D273,TVAE,R3,0.9225251076040172,0.9910846953937593,0.9819819819819819,-0.009102713411777374
D273,CART,R1,0.8953323903818954,0.9910846953937593,0.9819819819819819,-0.009102713411777374
D273,CART,R2,0.8873239436619719,0.9910846953937593,0.9819819819819819,-0.009102713411777374
D273,CART,R3,0.8873239436619719,0.9910846953937593,0.9819819819819819,-0.009102713411777374
D274,TVAE,R1,0.9142857142857143,0.9705882352941176,0.9469026548672567,-0.023685580426860975
D274,TVAE,R2,0.900709219858156,0.9705882352941176,0.9469026548672567,-0.023685580426860975
D274,TVAE,R3,0.8457300275482094,0.9705882352941176,0.9469026548672567,-0.023685580426860975
D274,CART,R1,0.9061166429587483,0.9705882352941176,0.9469026548672567,-0.023685580426860975
D274,CART,R2,0.9364161849710982,0.9705882352941176,0.9469026548672567,-0.023685580426860975
D274,CART,R3,0.9336219336219336,0.9705882352941176,0.9469026548672567,-0.023685580426860975
D275,TVAE,R1,0.9676945668135095,0.9676945668135095,0.9584569732937686,-0.009237593519740961
D275,TVAE,R2,0.9562043795620438,0.9676945668135095,0.9584569732937686,-0.009237593519740961
D275,TVAE,R3,0.9336219336219336,0.9676945668135095,0.9584569732937686,-0.009237593519740961
D275,CART,R1,0.9590643274853801,0.9676945668135095,0.9584569732937686,-0.009237593519740961
D275,CART,R2,0.9061166429587483,0.9676945668135095,0.9584569732937686,-0.009237593519740961
D275,CART,R3,0.9252873563218391,0.9676945668135095,0.9584569732937686,-0.009237593519740961
D276,TVAE,R1,0.850828729281768,0.9476744186046512,0.9075144508670521,-0.04015996773759911
D276,TVAE,R2,0.9562043795620438,0.9476744186046512,0.9075144508670521,-0.04015996773759911
D276,TVAE,R3,0.8926553672316384,0.9476744186046512,0.9075144508670521,-0.04015996773759911
D276,CART,R1,0.879382889200561,0.9476744186046512,0.9075144508670521,-0.04015996773759911
D276,CART,R2,0.930835734870317,0.9476744186046512,0.9075144508670521,-0.04015996773759911
D276,CART,R3,0.9364161849710982,0.9476744186046512,0.9075144508670521,-0.04015996773759911
D277,TVAE,R1,0.8662952646239555,0.9619326500732065,0.924198250728863,-0.03773439934434353
D277,TVAE,R2,0.8457300275482094,0.9619326500732065,0.924198250728863,-0.03773439934434353
D277,TVAE,R3,0.8157181571815718,0.9619326500732065,0.924198250728863,-0.03773439934434353
D277,CART,R1,0.9851851851851852,0.9619326500732065,0.924198250728863,-0.03773439934434353
D277,CART,R2,0.9336219336219336,0.9619326500732065,0.924198250728863,-0.03773439934434353
D277,CART,R3,0.9851851851851852,0.9619326500732065,0.924198250728863,-0.03773439934434353
D278,TVAE,R1,0.9420289855072463,0.9734904270986745,0.9354838709677419,-0.03800655613093262
D278,TVAE,R2,0.9648093841642229,0.9734904270986745,0.9354838709677419,-0.03800655613093262
D278,TVAE,R3,0.9280575539568345,0.9734904270986745,0.9354838709677419,-0.03800655613093262
D278,CART,R1,0.9851851851851852,0.9734904270986745,0.9354838709677419,-0.03800655613093262
D278,CART,R2,0.9590643274853801,0.9734904270986745,0.9354838709677419,-0.03800655613093262
D278,CART,R3,0.9364161849710982,0.9734904270986745,0.9354838709677419,-0.03800655613093262
D279,TVAE,R1,0.9392185238784371,0.9970193740685543,0.9701492537313433,-0.026870120337211034
D279,TVAE,R2,0.8715083798882681,0.9970193740685543,0.9701492537313433,-0.026870120337211034
D279,TVAE,R3,0.8611111111111112,0.9970193740685543,0.9701492537313433,-0.026870120337211034
D279,CART,R1,0.9910846953937593,0.9970193740685543,0.9701492537313433,-0.026870120337211034
D279,CART,R2,0.9705882352941176,0.9970193740685543,0.9701492537313433,-0.026870120337211034
D279,CART,R3,0.9940476190476191,0.9970193740685543,0.9701492537313433,-0.026870120337211034
D28,TVAE,R1,0.9142857142857143,0.8715083798882681,0.8131868131868132,-0.05832156670145494
D28,TVAE,R2,0.9590643274853801,0.8715083798882681,0.8131868131868132,-0.05832156670145494
D28,TVAE,R3,0.9476744186046512,0.8715083798882681,0.8131868131868132,-0.05832156670145494
D28,CART,R1,0.9034090909090909,0.8715083798882681,0.8131868131868132,-0.05832156670145494
D28,CART,R2,0.8406593406593407,0.8715083798882681,0.8131868131868132,-0.05832156670145494
D28,CART,R3,0.9364161849710982,0.8715083798882681,0.8131868131868132,-0.05832156670145494
D280,TVAE,R1,0.9225251076040172,0.9851851851851852,0.9819819819819819,-0.00320320320320322
D280,TVAE,R2,0.9170243204577968,0.9851851851851852,0.9819819819819819,-0.00320320320320322
D280,TVAE,R3,0.8953323903818954,0.9851851851851852,0.9819819819819819,-0.00320320320320322
D280,CART,R1,0.9225251076040172,0.9851851851851852,0.9819819819819819,-0.00320320320320322
D280,CART,R2,0.9648093841642229,0.9851851851851852,0.9819819819819819,-0.00320320320320322
D280,CART,R3,0.976401179941003,0.9851851851851852,0.9819819819819819,-0.00320320320320322
D281,TVAE,R1,0.9910846953937593,0.9910846953937593,0.9819819819819819,-0.009102713411777374
D281,TVAE,R2,0.900709219858156,0.9910846953937593,0.9819819819819819,-0.009102713411777374
D281,TVAE,R3,0.8953323903818954,0.9910846953937593,0.9819819819819819,-0.009102713411777374
D281,CART,R1,0.9142857142857143,0.9910846953937593,0.9819819819819819,-0.009102713411777374
D281,CART,R2,0.9142857142857143,0.9910846953937593,0.9819819819819819,-0.009102713411777374
D281,CART,R3,0.9420289855072463,0.9910846953937593,0.9819819819819819,-0.009102713411777374
D282,TVAE,R1,0.9225251076040172,0.9734904270986745,0.9701492537313433,-0.003341173367331196
D282,TVAE,R2,0.9088319088319088,0.9734904270986745,0.9701492537313433,-0.003341173367331196
D282,TVAE,R3,0.9822485207100592,0.9734904270986745,0.9701492537313433,-0.003341173367331196
D282,CART,R1,0.9392185238784371,0.9734904270986745,0.9701492537313433,-0.003341173367331196
D282,CART,R2,0.9676945668135095,0.9734904270986745,0.9701492537313433,-0.003341173367331196
D282,CART,R3,0.9590643274853801,0.9734904270986745,0.9701492537313433,-0.003341173367331196
D283,TVAE,R1,0.9448476052249637,0.9822485207100592,0.9075144508670521,-0.07473406984300712
D283,TVAE,R2,0.8953323903818954,0.9822485207100592,0.9075144508670521,-0.07473406984300712
D283,TVAE,R3,0.9280575539568345,0.9822485207100592,0.9075144508670521,-0.07473406984300712
D283,CART,R1,0.9822485207100592,0.9822485207100592,0.9075144508670521,-0.07473406984300712
D283,CART,R2,0.9619326500732065,0.9822485207100592,0.9075144508670521,-0.07473406984300712
D283,CART,R3,0.9822485207100592,0.9822485207100592,0.9075144508670521,-0.07473406984300712
D284,TVAE,R1,0.9590643274853801,0.9590643274853801,0.9354838709677419,-0.023580456517638182
D284,TVAE,R2,0.930835734870317,0.9590643274853801,0.9354838709677419,-0.023580456517638182
D284,TVAE,R3,0.8256130790190735,0.9590643274853801,0.9354838709677419,-0.023580456517638182
D284,CART,R1,0.976401179941003,0.9590643274853801,0.9354838709677419,-0.023580456517638182
D284,CART,R2,0.9562043795620438,0.9590643274853801,0.9354838709677419,-0.023580456517638182
D284,CART,R3,0.9676945668135095,0.9590643274853801,0.9354838709677419,-0.023580456517638182
D285,TVAE,R1,0.7842876165113183,0.9793205317577548,0.9584569732937686,-0.020863558463986243
D285,TVAE,R2,0.9562043795620438,0.9793205317577548,0.9584569732937686,-0.020863558463986243
D285,TVAE,R3,0.9336219336219336,0.9793205317577548,0.9584569732937686,-0.020863558463986243
D285,CART,R1,0.9252873563218391,0.9793205317577548,0.9584569732937686,-0.020863558463986243
D285,CART,R2,0.9392185238784371,0.9793205317577548,0.9584569732937686,-0.020863558463986243
D285,CART,R3,0.9533527696793003,0.9793205317577548,0.9584569732937686,-0.020863558463986243
D286,TVAE,R1,0.8953323903818954,0.9648093841642229,0.9469026548672567,-0.01790672929696624
D286,TVAE,R2,0.8980169971671388,0.9648093841642229,0.9469026548672567,-0.01790672929696624
D286,TVAE,R3,0.7771883289124668,0.9648093841642229,0.9469026548672567,-0.01790672929696624
D286,CART,R1,0.8715083798882681,0.9648093841642229,0.9469026548672567,-0.01790672929696624
D286,CART,R2,0.8715083798882681,0.9648093841642229,0.9469026548672567,-0.01790672929696624
D286,CART,R3,0.8899858956276445,0.9648093841642229,0.9469026548672567,-0.01790672929696624
D287,TVAE,R1,0.930835734870317,0.9734904270986745,0.9298245614035088,-0.04366586569516573
D287,TVAE,R2,0.8953323903818954,0.9734904270986745,0.9298245614035088,-0.04366586569516573
D287,TVAE,R3,0.9562043795620438,0.9734904270986745,0.9298245614035088,-0.04366586569516573
D287,CART,R1,0.976401179941003,0.9734904270986745,0.9298245614035088,-0.04366586569516573
D287,CART,R2,0.9476744186046512,0.9734904270986745,0.9298245614035088,-0.04366586569516573
D287,CART,R3,0.9705882352941176,0.9734904270986745,0.9298245614035088,-0.04366586569516573
D288,TVAE,R1,0.950509461426492,0.9392185238784371,0.8857142857142857,-0.053504238164151396
D288,TVAE,R2,0.9061166429587483,0.9392185238784371,0.8857142857142857,-0.053504238164151396
D288,TVAE,R3,0.9364161849710982,0.9392185238784371,0.8857142857142857,-0.053504238164151396
D288,CART,R1,0.9822485207100592,0.9392185238784371,0.8857142857142857,-0.053504238164151396
D288,CART,R2,0.9881305637982196,0.9392185238784371,0.8857142857142857,-0.053504238164151396
D288,CART,R3,0.9793205317577548,0.9392185238784371,0.8857142857142857,-0.053504238164151396
D289,TVAE,R1,0.950509461426492,0.9648093841642229,0.9298245614035088,-0.03498482276071413
D289,TVAE,R2,0.8953323903818954,0.9648093841642229,0.9298245614035088,-0.03498482276071413
D289,TVAE,R3,0.9619326500732065,0.9648093841642229,0.9298245614035088,-0.03498482276071413
D289,CART,R1,0.9476744186046512,0.9648093841642229,0.9298245614035088,-0.03498482276071413
D289,CART,R2,0.9793205317577548,0.9648093841642229,0.9298245614035088,-0.03498482276071413
D289,CART,R3,0.9590643274853801,0.9648093841642229,0.9298245614035088,-0.03498482276071413
D29,TVAE,R1,0.9705882352941176,0.9364161849710982,0.875,-0.06141618497109824
D29,TVAE,R2,0.6919191919191919,0.9364161849710982,0.875,-0.06141618497109824
D29,TVAE,R3,0.717948717948718,0.9364161849710982,0.875,-0.06141618497109824
D29,CART,R1,0.8715083798882681,0.9364161849710982,0.875,-0.06141618497109824
D29,CART,R2,0.8715083798882681,0.9364161849710982,0.875,-0.06141618497109824
D29,CART,R3,0.850828729281768,0.9364161849710982,0.875,-0.06141618497109824
D290,TVAE,R1,0.8636995827538247,0.9910846953937593,0.9879518072289156,-0.0031328881648436946
D290,TVAE,R2,0.9590643274853801,0.9910846953937593,0.9879518072289156,-0.0031328881648436946
D290,TVAE,R3,0.9562043795620438,0.9910846953937593,0.9879518072289156,-0.0031328881648436946
D290,CART,R1,0.9910846953937593,0.9910846953937593,0.9879518072289156,-0.0031328881648436946
D290,CART,R2,0.9822485207100592,0.9910846953937593,0.9879518072289156,-0.0031328881648436946
D290,CART,R3,0.9910846953937593,0.9910846953937593,0.9879518072289156,-0.0031328881648436946
D291,TVAE,R1,0.8715083798882681,0.9619326500732065,0.9526627218934911,-0.009269928179715392
D291,TVAE,R2,0.8715083798882681,0.9619326500732065,0.9526627218934911,-0.009269928179715392
D291,TVAE,R3,0.8926553672316384,0.9619326500732065,0.9526627218934911,-0.009269928179715392
D291,CART,R1,0.9034090909090909,0.9619326500732065,0.9526627218934911,-0.009269928179715392
D291,CART,R2,0.9392185238784371,0.9619326500732065,0.9526627218934911,-0.009269928179715392
D291,CART,R3,0.9252873563218391,0.9619326500732065,0.9526627218934911,-0.009269928179715392
D292,TVAE,R1,0.879382889200561,0.9420289855072463,0.9411764705882353,-0.0008525149190110604
D292,TVAE,R2,0.8431911966987621,0.9420289855072463,0.9411764705882353,-0.0008525149190110604
D292,TVAE,R3,0.8482758620689655,0.9420289855072463,0.9411764705882353,-0.0008525149190110604
D292,CART,R1,0.9822485207100592,0.9420289855072463,0.9411764705882353,-0.0008525149190110604
D292,CART,R2,0.9910846953937593,0.9420289855072463,0.9411764705882353,-0.0008525149190110604
D292,CART,R3,0.9734904270986745,0.9420289855072463,0.9411764705882353,-0.0008525149190110604
D293,TVAE,R1,0.9822485207100592,0.9940476190476191,0.9879518072289156,-0.006095811818703445
D293,TVAE,R2,0.9619326500732065,0.9940476190476191,0.9879518072289156,-0.006095811818703445
D293,TVAE,R3,0.9142857142857143,0.9940476190476191,0.9879518072289156,-0.006095811818703445
D293,CART,R1,0.8457300275482094,0.9940476190476191,0.9879518072289156,-0.006095811818703445
D293,CART,R2,0.8953323903818954,0.9940476190476191,0.9879518072289156,-0.006095811818703445
D293,CART,R3,0.8636995827538247,0.9940476190476191,0.9879518072289156,-0.006095811818703445
D294,TVAE,R1,0.9793205317577548,0.9705882352941176,0.924198250728863,-0.04638998456525467
D294,TVAE,R2,0.9734904270986745,0.9705882352941176,0.924198250728863,-0.04638998456525467
D294,TVAE,R3,0.8980169971671388,0.9705882352941176,0.924198250728863,-0.04638998456525467
D294,CART,R1,0.9970193740685543,0.9705882352941176,0.924198250728863,-0.04638998456525467
D294,CART,R2,0.9881305637982196,0.9705882352941176,0.924198250728863,-0.04638998456525467
D294,CART,R3,0.9910846953937593,0.9705882352941176,0.924198250728863,-0.04638998456525467
D295,TVAE,R1,0.9142857142857143,0.950509461426492,0.9939577039274925,0.043448242501000545
D295,TVAE,R2,0.9705882352941176,0.950509461426492,0.9939577039274925,0.043448242501000545
D295,TVAE,R3,0.876750700280112,0.950509461426492,0.9939577039274925,0.043448242501000545
D295,CART,R1,0.9910846953937593,0.950509461426492,0.9939577039274925,0.043448242501000545
D295,CART,R2,0.976401179941003,0.950509461426492,0.9939577039274925,0.043448242501000545
D295,CART,R3,0.9822485207100592,0.950509461426492,0.9939577039274925,0.043448242501000545
D296,TVAE,R1,0.9822485207100592,0.9448476052249637,1.0,0.055152394775036306
D296,TVAE,R2,0.9225251076040172,0.9448476052249637,1.0,0.055152394775036306
D296,TVAE,R3,0.8741258741258742,0.9448476052249637,1.0,0.055152394775036306
D296,CART,R1,0.8431911966987621,0.9448476052249637,1.0,0.055152394775036306
D296,CART,R2,0.8636995827538247,0.9448476052249637,1.0,0.055152394775036306
D296,CART,R3,0.8457300275482094,0.9448476052249637,1.0,0.055152394775036306
D297,TVAE,R1,0.9822485207100592,0.9881305637982196,0.9760479041916168,-0.012082659606602819
D297,TVAE,R2,0.9448476052249637,0.9881305637982196,0.9760479041916168,-0.012082659606602819
D297,TVAE,R3,0.900709219858156,0.9881305637982196,0.9760479041916168,-0.012082659606602819
D297,CART,R1,0.9364161849710982,0.9881305637982196,0.9760479041916168,-0.012082659606602819
D297,CART,R2,0.9676945668135095,0.9881305637982196,0.9760479041916168,-0.012082659606602819
D297,CART,R3,0.9448476052249637,0.9881305637982196,0.9760479041916168,-0.012082659606602819
D298,TVAE,R1,0.9822485207100592,0.9940476190476191,0.9939577039274925,-8.991512012657132e-05
D298,TVAE,R2,0.9648093841642229,0.9940476190476191,0.9939577039274925,-8.991512012657132e-05
D298,TVAE,R3,0.9476744186046512,0.9940476190476191,0.9939577039274925,-8.991512012657132e-05
D298,CART,R1,0.9822485207100592,0.9940476190476191,0.9939577039274925,-8.991512012657132e-05
D298,CART,R2,0.9590643274853801,0.9940476190476191,0.9939577039274925,-8.991512012657132e-05
D298,CART,R3,0.9676945668135095,0.9940476190476191,0.9939577039274925,-8.991512012657132e-05
D299,TVAE,R1,0.9793205317577548,0.9676945668135095,0.9411764705882353,-0.026518096225274235
D299,TVAE,R2,0.9793205317577548,0.9676945668135095,0.9411764705882353,-0.026518096225274235
D299,TVAE,R3,0.9392185238784371,0.9676945668135095,0.9411764705882353,-0.026518096225274235
D299,CART,R1,0.9142857142857143,0.9676945668135095,0.9411764705882353,-0.026518096225274235
D299,CART,R2,0.9170243204577968,0.9676945668135095,0.9411764705882353,-0.026518096225274235
D299,CART,R3,0.8953323903818954,0.9676945668135095,0.9411764705882353,-0.026518096225274235
D3,TVAE,R1,0.9142857142857143,0.9590643274853801,0.9642857142857143,0.005221386800334238
D3,TVAE,R2,0.850828729281768,0.9590643274853801,0.9642857142857143,0.005221386800334238
D3,TVAE,R3,0.9034090909090909,0.9590643274853801,0.9642857142857143,0.005221386800334238
D3,CART,R1,0.850828729281768,0.9590643274853801,0.9642857142857143,0.005221386800334238
D3,CART,R2,0.9705882352941176,0.9590643274853801,0.9642857142857143,0.005221386800334238
D3,CART,R3,0.8715083798882681,0.9590643274853801,0.9642857142857143,0.005221386800334238
D30,TVAE,R1,0.8306010928961749,0.9590643274853801,0.896551724137931,-0.06251260334744901
D30,TVAE,R2,0.7819148936170213,0.9590643274853801,0.896551724137931,-0.06251260334744901
D30,TVAE,R3,0.8206521739130435,0.9590643274853801,0.896551724137931,-0.06251260334744901
D30,CART,R1,0.9364161849710982,0.9590643274853801,0.896551724137931,-0.06251260334744901
D30,CART,R2,0.9364161849710982,0.9590643274853801,0.896551724137931,-0.06251260334744901
D30,CART,R3,0.9940476190476191,0.9590643274853801,0.896551724137931,-0.06251260334744901
D300,TVAE,R1,0.9970193740685543,0.9562043795620438,0.9584569732937686,0.002252593731724706
D300,TVAE,R2,0.9252873563218391,0.9562043795620438,0.9584569732937686,0.002252593731724706
D300,TVAE,R3,0.9590643274853801,0.9562043795620438,0.9584569732937686,0.002252593731724706
D300,CART,R1,0.9881305637982196,0.9562043795620438,0.9584569732937686,0.002252593731724706
D300,CART,R2,0.9476744186046512,0.9562043795620438,0.9584569732937686,0.002252593731724706
D300,CART,R3,0.9851851851851852,0.9562043795620438,0.9584569732937686,0.002252593731724706
D301,TVAE,R1,0.850828729281768,0.9562043795620438,0.9130434782608695,-0.04316090130117434
D301,TVAE,R2,0.8083670715249662,0.9562043795620438,0.9130434782608695,-0.04316090130117434
D301,TVAE,R3,0.8431911966987621,0.9562043795620438,0.9130434782608695,-0.04316090130117434
D301,CART,R1,0.9061166429587483,0.9562043795620438,0.9130434782608695,-0.04316090130117434
D301,CART,R2,0.9170243204577968,0.9562043795620438,0.9130434782608695,-0.04316090130117434
D301,CART,R3,0.9225251076040172,0.9562043795620438,0.9130434782608695,-0.04316090130117434
D302,TVAE,R1,0.9705882352941176,0.9392185238784371,0.8857142857142857,-0.053504238164151396
D302,TVAE,R2,0.8741258741258742,0.9392185238784371,0.8857142857142857,-0.053504238164151396
D302,TVAE,R3,0.8482758620689655,0.9392185238784371,0.8857142857142857,-0.053504238164151396
D302,CART,R1,0.9088319088319088,0.9392185238784371,0.8857142857142857,-0.053504238164151396
D302,CART,R2,0.8926553672316384,0.9392185238784371,0.8857142857142857,-0.053504238164151396
D302,CART,R3,0.8873239436619719,0.9392185238784371,0.8857142857142857,-0.053504238164151396
D303,TVAE,R1,0.950509461426492,0.9881305637982196,0.924198250728863,-0.06393231306935665
D303,TVAE,R2,0.900709219858156,0.9881305637982196,0.924198250728863,-0.06393231306935665
D303,TVAE,R3,0.7631578947368421,0.9881305637982196,0.924198250728863,-0.06393231306935665
D303,CART,R1,0.9280575539568345,0.9881305637982196,0.924198250728863,-0.06393231306935665
D303,CART,R2,0.9142857142857143,0.9881305637982196,0.924198250728863,-0.06393231306935665
D303,CART,R3,0.8953323903818954,0.9881305637982196,0.924198250728863,-0.06393231306935665
D304,TVAE,R1,0.8688981868898187,0.9619326500732065,0.9584569732937686,-0.0034756767794379417
D304,TVAE,R2,0.879382889200561,0.9619326500732065,0.9584569732937686,-0.0034756767794379417
D304,TVAE,R3,0.9676945668135095,0.9619326500732065,0.9584569732937686,-0.0034756767794379417
D304,CART,R1,0.9225251076040172,0.9619326500732065,0.9584569732937686,-0.0034756767794379417
D304,CART,R2,0.9881305637982196,0.9619326500732065,0.9584569732937686,-0.0034756767794379417
D304,CART,R3,0.9225251076040172,0.9619326500732065,0.9584569732937686,-0.0034756767794379417
D305,TVAE,R1,0.8715083798882681,0.9910846953937593,0.9819819819819819,-0.009102713411777374
D305,TVAE,R2,0.8688981868898187,0.9910846953937593,0.9819819819819819,-0.009102713411777374
D305,TVAE,R3,0.8611111111111112,0.9910846953937593,0.9819819819819819,-0.009102713411777374
D305,CART,R1,0.8926553672316384,0.9910846953937593,0.9819819819819819,-0.009102713411777374
D305,CART,R2,0.9061166429587483,0.9910846953937593,0.9819819819819819,-0.009102713411777374
D305,CART,R3,0.8953323903818954,0.9910846953937593,0.9819819819819819,-0.009102713411777374
D306,TVAE,R1,0.8662952646239555,0.9705882352941176,0.9469026548672567,-0.023685580426860975
D306,TVAE,R2,0.8611111111111112,0.9705882352941176,0.9469026548672567,-0.023685580426860975
D306,TVAE,R3,0.8662952646239555,0.9705882352941176,0.9469026548672567,-0.023685580426860975
D306,CART,R1,0.9170243204577968,0.9705882352941176,0.9469026548672567,-0.023685580426860975
D306,CART,R2,0.950509461426492,0.9705882352941176,0.9469026548672567,-0.023685580426860975
D306,CART,R3,0.9252873563218391,0.9705882352941176,0.9469026548672567,-0.023685580426860975
D307,TVAE,R1,0.9115549215406562,0.9676945668135095,0.9584569732937686,-0.009237593519740961
D307,TVAE,R2,0.8356164383561644,0.9676945668135095,0.9584569732937686,-0.009237593519740961
D307,TVAE,R3,0.9676945668135095,0.9676945668135095,0.9584569732937686,-0.009237593519740961
D307,CART,R1,0.9619326500732065,0.9676945668135095,0.9584569732937686,-0.009237593519740961
D307,CART,R2,0.9676945668135095,0.9676945668135095,0.9584569732937686,-0.009237593519740961
D307,CART,R3,0.9448476052249637,0.9676945668135095,0.9584569732937686,-0.009237593519740961
D308,TVAE,R1,0.9364161849710982,0.9476744186046512,0.9075144508670521,-0.04015996773759911
D308,TVAE,R2,0.9970193740685543,0.9476744186046512,0.9075144508670521,-0.04015996773759911
D308,TVAE,R3,0.9851851851851852,0.9476744186046512,0.9075144508670521,-0.04015996773759911
D308,CART,R1,0.8846694796061885,0.9476744186046512,0.9075144508670521,-0.04015996773759911
D308,CART,R2,0.8980169971671388,0.9476744186046512,0.9075144508670521,-0.04015996773759911
D308,CART,R3,0.9061166429587483,0.9476744186046512,0.9075144508670521,-0.04015996773759911
D309,TVAE,R1,0.9822485207100592,0.9619326500732065,0.924198250728863,-0.03773439934434353
D309,TVAE,R2,0.9392185238784371,0.9619326500732065,0.924198250728863,-0.03773439934434353
D309,TVAE,R3,0.9910846953937593,0.9619326500732065,0.924198250728863,-0.03773439934434353
D309,CART,R1,0.9940476190476191,0.9619326500732065,0.924198250728863,-0.03773439934434353
D309,CART,R2,0.9940476190476191,0.9619326500732065,0.924198250728863,-0.03773439934434353
D309,CART,R3,0.9676945668135095,0.9619326500732065,0.924198250728863,-0.03773439934434353
D31,TVAE,R1,0.9034090909090909,0.9705882352941176,0.9879518072289156,0.017363571934797983
D31,TVAE,R2,0.7268041237113402,0.9705882352941176,0.9879518072289156,0.017363571934797983
D31,TVAE,R3,0.9034090909090909,0.9705882352941176,0.9879518072289156,0.017363571934797983
D31,CART,R1,0.7268041237113402,0.9705882352941176,0.9879518072289156,0.017363571934797983
D31,CART,R2,0.850828729281768,0.9705882352941176,0.9879518072289156,0.017363571934797983
D31,CART,R3,0.8306010928961749,0.9705882352941176,0.9879518072289156,0.017363571934797983
D310,TVAE,R1,0.9392185238784371,0.9734904270986745,0.9354838709677419,-0.03800655613093262
D310,TVAE,R2,0.8688981868898187,0.9734904270986745,0.9354838709677419,-0.03800655613093262
D310,TVAE,R3,0.9448476052249637,0.9734904270986745,0.9354838709677419,-0.03800655613093262
D310,CART,R1,0.9793205317577548,0.9734904270986745,0.9354838709677419,-0.03800655613093262
D310,CART,R2,0.976401179941003,0.9734904270986745,0.9354838709677419,-0.03800655613093262
D310,CART,R3,0.950509461426492,0.9734904270986745,0.9354838709677419,-0.03800655613093262
D311,TVAE,R1,0.9940476190476191,0.9970193740685543,0.9701492537313433,-0.026870120337211034
D311,TVAE,R2,0.9476744186046512,0.9970193740685543,0.9701492537313433,-0.026870120337211034
D311,TVAE,R3,0.9619326500732065,0.9970193740685543,0.9701492537313433,-0.026870120337211034
D311,CART,R1,0.9970193740685543,0.9970193740685543,0.9701492537313433,-0.026870120337211034
D311,CART,R2,0.976401179941003,0.9970193740685543,0.9701492537313433,-0.026870120337211034
D311,CART,R3,0.9881305637982196,0.9970193740685543,0.9701492537313433,-0.026870120337211034
D312,TVAE,R1,0.9336219336219336,0.9851851851851852,0.9819819819819819,-0.00320320320320322
D312,TVAE,R2,0.9448476052249637,0.9851851851851852,0.9819819819819819,-0.00320320320320322
D312,TVAE,R3,0.9252873563218391,0.9851851851851852,0.9819819819819819,-0.00320320320320322
D312,CART,R1,0.9705882352941176,0.9851851851851852,0.9819819819819819,-0.00320320320320322
D312,CART,R2,0.9280575539568345,0.9851851851851852,0.9819819819819819,-0.00320320320320322
D312,CART,R3,0.9619326500732065,0.9851851851851852,0.9819819819819819,-0.00320320320320322
D313,TVAE,R1,0.9910846953937593,0.9910846953937593,0.9819819819819819,-0.009102713411777374
D313,TVAE,R2,0.879382889200561,0.9910846953937593,0.9819819819819819,-0.009102713411777374
D313,TVAE,R3,0.976401179941003,0.9910846953937593,0.9819819819819819,-0.009102713411777374
D313,CART,R1,0.9676945668135095,0.9910846953937593,0.9819819819819819,-0.009102713411777374
D313,CART,R2,0.930835734870317,0.9910846953937593,0.9819819819819819,-0.009102713411777374
D313,CART,R3,0.950509461426492,0.9910846953937593,0.9819819819819819,-0.009102713411777374
D314,TVAE,R1,0.950509461426492,0.9734904270986745,0.9701492537313433,-0.003341173367331196
D314,TVAE,R2,0.9881305637982196,0.9734904270986745,0.9701492537313433,-0.003341173367331196
D314,TVAE,R3,0.950509461426492,0.9734904270986745,0.9701492537313433,-0.003341173367331196
D314,CART,R1,1.0,0.9734904270986745,0.9701492537313433,-0.003341173367331196
D314,CART,R2,0.9705882352941176,0.9734904270986745,0.9701492537313433,-0.003341173367331196
D314,CART,R3,0.9590643274853801,0.9734904270986745,0.9701492537313433,-0.003341173367331196
D315,TVAE,R1,0.9088319088319088,0.9822485207100592,0.9075144508670521,-0.07473406984300712
D315,TVAE,R2,0.9225251076040172,0.9822485207100592,0.9075144508670521,-0.07473406984300712
D315,TVAE,R3,0.9851851851851852,0.9822485207100592,0.9075144508670521,-0.07473406984300712
D315,CART,R1,0.9420289855072463,0.9822485207100592,0.9075144508670521,-0.07473406984300712
D315,CART,R2,0.9034090909090909,0.9822485207100592,0.9075144508670521,-0.07473406984300712
D315,CART,R3,0.9940476190476191,0.9822485207100592,0.9075144508670521,-0.07473406984300712
D316,TVAE,R1,0.9336219336219336,0.9590643274853801,0.9354838709677419,-0.023580456517638182
D316,TVAE,R2,0.976401179941003,0.9590643274853801,0.9354838709677419,-0.023580456517638182
D316,TVAE,R3,0.9851851851851852,0.9590643274853801,0.9354838709677419,-0.023580456517638182
D316,CART,R1,0.9705882352941176,0.9590643274853801,0.9354838709677419,-0.023580456517638182
D316,CART,R2,0.9676945668135095,0.9590643274853801,0.9354838709677419,-0.023580456517638182
D316,CART,R3,0.9881305637982196,0.9590643274853801,0.9354838709677419,-0.023580456517638182
D317,TVAE,R1,0.9734904270986745,0.9793205317577548,0.9584569732937686,-0.020863558463986243
D317,TVAE,R2,0.9648093841642229,0.9793205317577548,0.9584569732937686,-0.020863558463986243
D317,TVAE,R3,0.9881305637982196,0.9793205317577548,0.9584569732937686,-0.020863558463986243
D317,CART,R1,0.9364161849710982,0.9793205317577548,0.9584569732937686,-0.020863558463986243
D317,CART,R2,0.9448476052249637,0.9793205317577548,0.9584569732937686,-0.020863558463986243
D317,CART,R3,0.930835734870317,0.9793205317577548,0.9584569732937686,-0.020863558463986243
D318,TVAE,R1,0.9970193740685543,0.9648093841642229,0.9469026548672567,-0.01790672929696624
D318,TVAE,R2,0.9705882352941176,0.9648093841642229,0.9469026548672567,-0.01790672929696624
D318,TVAE,R3,0.9648093841642229,0.9648093841642229,0.9469026548672567,-0.01790672929696624
D318,CART,R1,0.8533886583679114,0.9648093841642229,0.9469026548672567,-0.01790672929696624
D318,CART,R2,0.8873239436619719,0.9648093841642229,0.9469026548672567,-0.01790672929696624
D318,CART,R3,0.8873239436619719,0.9648093841642229,0.9469026548672567,-0.01790672929696624
D319,TVAE,R1,0.8482758620689655,0.9734904270986745,0.9298245614035088,-0.04366586569516573
D319,TVAE,R2,0.8741258741258742,0.9734904270986745,0.9298245614035088,-0.04366586569516573
D319,TVAE,R3,0.7962466487935657,0.9734904270986745,0.9298245614035088,-0.04366586569516573
D319,CART,R1,0.9252873563218391,0.9734904270986745,0.9298245614035088,-0.04366586569516573
D319,CART,R2,0.9648093841642229,0.9734904270986745,0.9298245614035088,-0.04366586569516573
D319,CART,R3,0.950509461426492,0.9734904270986745,0.9298245614035088,-0.04366586569516573
D32,TVAE,R1,0.8611111111111112,0.9590643274853801,0.9411764705882353,-0.017887856897144783
D32,TVAE,R2,0.9822485207100592,0.9590643274853801,0.9411764705882353,-0.017887856897144783
D32,TVAE,R3,0.9590643274853801,0.9590643274853801,0.9411764705882353,-0.017887856897144783
D32,CART,R1,0.9822485207100592,0.9590643274853801,0.9411764705882353,-0.017887856897144783
D32,CART,R2,0.9940476190476191,0.9590643274853801,0.9411764705882353,-0.017887856897144783
D32,CART,R3,0.8926553672316384,0.9590643274853801,0.9411764705882353,-0.017887856897144783
D320,TVAE,R1,0.9448476052249637,0.9392185238784371,0.8857142857142857,-0.053504238164151396
D320,TVAE,R2,0.9590643274853801,0.9392185238784371,0.8857142857142857,-0.053504238164151396
D320,TVAE,R3,0.9705882352941176,0.9392185238784371,0.8857142857142857,-0.053504238164151396
D320,CART,R1,0.976401179941003,0.9392185238784371,0.8857142857142857,-0.053504238164151396
D320,CART,R2,0.9910846953937593,0.9392185238784371,0.8857142857142857,-0.053504238164151396
D320,CART,R3,0.9590643274853801,0.9392185238784371,0.8857142857142857,-0.053504238164151396
D321,TVAE,R1,0.9619326500732065,0.9648093841642229,0.9298245614035088,-0.03498482276071413
D321,TVAE,R2,0.9115549215406562,0.9648093841642229,0.9298245614035088,-0.03498482276071413
D321,TVAE,R3,0.9851851851851852,0.9648093841642229,0.9298245614035088,-0.03498482276071413
D321,CART,R1,0.9648093841642229,0.9648093841642229,0.9298245614035088,-0.03498482276071413
D321,CART,R2,0.9648093841642229,0.9648093841642229,0.9298245614035088,-0.03498482276071413
D321,CART,R3,0.9648093841642229,0.9648093841642229,0.9298245614035088,-0.03498482276071413
D322,TVAE,R1,0.9619326500732065,0.9910846953937593,0.9879518072289156,-0.0031328881648436946
D322,TVAE,R2,0.9648093841642229,0.9910846953937593,0.9879518072289156,-0.0031328881648436946
D322,TVAE,R3,0.9676945668135095,0.9910846953937593,0.9879518072289156,-0.0031328881648436946
D322,CART,R1,0.9851851851851852,0.9910846953937593,0.9879518072289156,-0.0031328881648436946
D322,CART,R2,0.9970193740685543,0.9910846953937593,0.9879518072289156,-0.0031328881648436946
D322,CART,R3,0.9881305637982196,0.9910846953937593,0.9879518072289156,-0.0031328881648436946
D323,TVAE,R1,0.9088319088319088,0.9619326500732065,0.9526627218934911,-0.009269928179715392
D323,TVAE,R2,0.850828729281768,0.9619326500732065,0.9526627218934911,-0.009269928179715392
D323,TVAE,R3,0.950509461426492,0.9619326500732065,0.9526627218934911,-0.009269928179715392
D323,CART,R1,0.9142857142857143,0.9619326500732065,0.9526627218934911,-0.009269928179715392
D323,CART,R2,0.8980169971671388,0.9619326500732065,0.9526627218934911,-0.009269928179715392
D323,CART,R3,0.900709219858156,0.9619326500732065,0.9526627218934911,-0.009269928179715392
D324,TVAE,R1,0.8636995827538247,0.9420289855072463,0.9411764705882353,-0.0008525149190110604
D324,TVAE,R2,0.8010752688172043,0.9420289855072463,0.9411764705882353,-0.0008525149190110604
D324,TVAE,R3,0.7539267015706806,0.9420289855072463,0.9411764705882353,-0.0008525149190110604
D324,CART,R1,0.9970193740685543,0.9420289855072463,0.9411764705882353,-0.0008525149190110604
D324,CART,R2,0.9970193740685543,0.9420289855072463,0.9411764705882353,-0.0008525149190110604
D324,CART,R3,0.9940476190476191,0.9420289855072463,0.9411764705882353,-0.0008525149190110604
D325,TVAE,R1,0.9476744186046512,0.9940476190476191,0.9879518072289156,-0.006095811818703445
D325,TVAE,R2,0.9793205317577548,0.9940476190476191,0.9879518072289156,-0.006095811818703445
D325,TVAE,R3,0.9061166429587483,0.9940476190476191,0.9879518072289156,-0.006095811818703445
D325,CART,R1,0.8585298196948682,0.9940476190476191,0.9879518072289156,-0.006095811818703445
D325,CART,R2,0.8533886583679114,0.9940476190476191,0.9879518072289156,-0.006095811818703445
D325,CART,R3,0.8533886583679114,0.9940476190476191,0.9879518072289156,-0.006095811818703445
D326,TVAE,R1,0.9280575539568345,0.9705882352941176,0.924198250728863,-0.04638998456525467
D326,TVAE,R2,0.9910846953937593,0.9705882352941176,0.924198250728863,-0.04638998456525467
D326,TVAE,R3,0.9648093841642229,0.9705882352941176,0.924198250728863,-0.04638998456525467
D326,CART,R1,0.9910846953937593,0.9705882352941176,0.924198250728863,-0.04638998456525467
D326,CART,R2,0.9881305637982196,0.9705882352941176,0.924198250728863,-0.04638998456525467
D326,CART,R3,0.9940476190476191,0.9705882352941176,0.924198250728863,-0.04638998456525467
D327,TVAE,R1,0.930835734870317,0.950509461426492,0.9939577039274925,0.043448242501000545
D327,TVAE,R2,0.9851851851851852,0.950509461426492,0.9939577039274925,0.043448242501000545
D327,TVAE,R3,0.9392185238784371,0.950509461426492,0.9939577039274925,0.043448242501000545
D327,CART,R1,0.9940476190476191,0.950509461426492,0.9939577039274925,0.043448242501000545
D327,CART,R2,0.9822485207100592,0.950509461426492,0.9939577039274925,0.043448242501000545
D327,CART,R3,0.9590643274853801,0.950509461426492,0.9939577039274925,0.043448242501000545
D328,TVAE,R1,0.9793205317577548,0.9448476052249637,1.0,0.055152394775036306
D328,TVAE,R2,0.9392185238784371,0.9448476052249637,1.0,0.055152394775036306
D328,TVAE,R3,0.9280575539568345,0.9448476052249637,1.0,0.055152394775036306
D328,CART,R1,0.8636995827538247,0.9448476052249637,1.0,0.055152394775036306
D328,CART,R2,0.8688981868898187,0.9448476052249637,1.0,0.055152394775036306
D328,CART,R3,0.8926553672316384,0.9448476052249637,1.0,0.055152394775036306
D329,TVAE,R1,0.9648093841642229,0.9881305637982196,0.9760479041916168,-0.012082659606602819
D329,TVAE,R2,0.9562043795620438,0.9881305637982196,0.9760479041916168,-0.012082659606602819
D329,TVAE,R3,0.9088319088319088,0.9881305637982196,0.9760479041916168,-0.012082659606602819
D329,CART,R1,0.9590643274853801,0.9881305637982196,0.9760479041916168,-0.012082659606602819
D329,CART,R2,0.9252873563218391,0.9881305637982196,0.9760479041916168,-0.012082659606602819
D329,CART,R3,0.9648093841642229,0.9881305637982196,0.9760479041916168,-0.012082659606602819
D33,TVAE,R1,0.7819148936170213,0.9476744186046512,0.896551724137931,-0.05112269446672013
D33,TVAE,R2,0.675,0.9476744186046512,0.896551724137931,-0.05112269446672013
D33,TVAE,R3,0.700507614213198,0.9476744186046512,0.896551724137931,-0.05112269446672013
D33,CART,R1,0.9476744186046512,0.9476744186046512,0.896551724137931,-0.05112269446672013
D33,CART,R2,0.9705882352941176,0.9476744186046512,0.896551724137931,-0.05112269446672013
D33,CART,R3,0.9252873563218391,0.9476744186046512,0.896551724137931,-0.05112269446672013
D330,TVAE,R1,0.9115549215406562,0.9940476190476191,0.9939577039274925,-8.991512012657132e-05
D330,TVAE,R2,0.976401179941003,0.9940476190476191,0.9939577039274925,-8.991512012657132e-05
D330,TVAE,R3,0.950509461426492,0.9940476190476191,0.9939577039274925,-8.991512012657132e-05
D330,CART,R1,0.9533527696793003,0.9940476190476191,0.9939577039274925,-8.991512012657132e-05
D330,CART,R2,0.9619326500732065,0.9940476190476191,0.9939577039274925,-8.991512012657132e-05
D330,CART,R3,0.9619326500732065,0.9940476190476191,0.9939577039274925,-8.991512012657132e-05
D331,TVAE,R1,0.9476744186046512,0.9676945668135095,0.9411764705882353,-0.026518096225274235
D331,TVAE,R2,0.9088319088319088,0.9676945668135095,0.9411764705882353,-0.026518096225274235
D331,TVAE,R3,0.8636995827538247,0.9676945668135095,0.9411764705882353,-0.026518096225274235
D331,CART,R1,0.9088319088319088,0.9676945668135095,0.9411764705882353,-0.026518096225274235
D331,CART,R2,0.9061166429587483,0.9676945668135095,0.9411764705882353,-0.026518096225274235
D331,CART,R3,0.9280575539568345,0.9676945668135095,0.9411764705882353,-0.026518096225274235
D332,TVAE,R1,0.8559556786703602,0.9562043795620438,0.9584569732937686,0.002252593731724706
D332,TVAE,R2,0.8559556786703602,0.9562043795620438,0.9584569732937686,0.002252593731724706
D332,TVAE,R3,0.850828729281768,0.9562043795620438,0.9584569732937686,0.002252593731724706
D332,CART,R1,0.9648093841642229,0.9562043795620438,0.9584569732937686,0.002252593731724706
D332,CART,R2,0.9392185238784371,0.9562043795620438,0.9584569732937686,0.002252593731724706
D332,CART,R3,0.950509461426492,0.9562043795620438,0.9584569732937686,0.002252593731724706
D333,TVAE,R1,0.9476744186046512,0.9562043795620438,0.9130434782608695,-0.04316090130117434
D333,TVAE,R2,0.9420289855072463,0.9562043795620438,0.9130434782608695,-0.04316090130117434
D333,TVAE,R3,0.9590643274853801,0.9562043795620438,0.9130434782608695,-0.04316090130117434
D333,CART,R1,0.9088319088319088,0.9562043795620438,0.9130434782608695,-0.04316090130117434
D333,CART,R2,0.9115549215406562,0.9562043795620438,0.9130434782608695,-0.04316090130117434
D333,CART,R3,0.900709219858156,0.9562043795620438,0.9130434782608695,-0.04316090130117434
D334,TVAE,R1,0.879382889200561,0.9392185238784371,0.8857142857142857,-0.053504238164151396
D334,TVAE,R2,0.9648093841642229,0.9392185238784371,0.8857142857142857,-0.053504238164151396
D334,TVAE,R3,0.8132611637347767,0.9392185238784371,0.8857142857142857,-0.053504238164151396
D334,CART,R1,0.9061166429587483,0.9392185238784371,0.8857142857142857,-0.053504238164151396
D334,CART,R2,0.9170243204577968,0.9392185238784371,0.8857142857142857,-0.053504238164151396
D334,CART,R3,0.900709219858156,0.9392185238784371,0.8857142857142857,-0.053504238164151396
D335,TVAE,R1,0.9061166429587483,0.9881305637982196,0.924198250728863,-0.06393231306935665
D335,TVAE,R2,0.8899858956276445,0.9881305637982196,0.924198250728863,-0.06393231306935665
D335,TVAE,R3,0.8611111111111112,0.9881305637982196,0.924198250728863,-0.06393231306935665
D335,CART,R1,0.9225251076040172,0.9881305637982196,0.924198250728863,-0.06393231306935665
D335,CART,R2,0.9476744186046512,0.9881305637982196,0.924198250728863,-0.06393231306935665
D335,CART,R3,0.9280575539568345,0.9881305637982196,0.924198250728863,-0.06393231306935665
D336,TVAE,R1,0.8980169971671388,0.9619326500732065,0.9584569732937686,-0.0034756767794379417
D336,TVAE,R2,0.8741258741258742,0.9619326500732065,0.9584569732937686,-0.0034756767794379417
D336,TVAE,R3,0.8356164383561644,0.9619326500732065,0.9584569732937686,-0.0034756767794379417
D336,CART,R1,0.9197707736389685,0.9619326500732065,0.9584569732937686,-0.0034756767794379417
D336,CART,R2,0.9448476052249637,0.9619326500732065,0.9584569732937686,-0.0034756767794379417
D336,CART,R3,0.9061166429587483,0.9619326500732065,0.9584569732937686,-0.0034756767794379417
D337,TVAE,R1,0.9676945668135095,0.9910846953937593,0.9819819819819819,-0.009102713411777374
D337,TVAE,R2,0.9940476190476191,0.9910846953937593,0.9819819819819819,-0.009102713411777374
D337,TVAE,R3,0.9562043795620438,0.9910846953937593,0.9819819819819819,-0.009102713411777374
D337,CART,R1,0.900709219858156,0.9910846953937593,0.9819819819819819,-0.009102713411777374
D337,CART,R2,0.900709219858156,0.9910846953937593,0.9819819819819819,-0.009102713411777374
D337,CART,R3,0.900709219858156,0.9910846953937593,0.9819819819819819,-0.009102713411777374
D338,TVAE,R1,0.9225251076040172,0.9705882352941176,0.9469026548672567,-0.023685580426860975
D338,TVAE,R2,0.9252873563218391,0.9705882352941176,0.9469026548672567,-0.023685580426860975
D338,TVAE,R3,0.8980169971671388,0.9705882352941176,0.9469026548672567,-0.023685580426860975
D338,CART,R1,0.9197707736389685,0.9705882352941176,0.9469026548672567,-0.023685580426860975
D338,CART,R2,0.9197707736389685,0.9705882352941176,0.9469026548672567,-0.023685580426860975
D338,CART,R3,0.9088319088319088,0.9705882352941176,0.9469026548672567,-0.023685580426860975
D339,TVAE,R1,0.9115549215406562,0.9676945668135095,0.9584569732937686,-0.009237593519740961
D339,TVAE,R2,0.8585298196948682,0.9676945668135095,0.9584569732937686,-0.009237593519740961
D339,TVAE,R3,0.9061166429587483,0.9676945668135095,0.9584569732937686,-0.009237593519740961
D339,CART,R1,0.950509461426492,0.9676945668135095,0.9584569732937686,-0.009237593519740961
D339,CART,R2,0.9420289855072463,0.9676945668135095,0.9584569732937686,-0.009237593519740961
D339,CART,R3,0.9648093841642229,0.9676945668135095,0.9584569732937686,-0.009237593519740961
D34,TVAE,R1,0.7631578947368421,0.9034090909090909,0.8333333333333334,-0.07007575757575757
D34,TVAE,R2,0.7539267015706806,0.9034090909090909,0.8333333333333334,-0.07007575757575757
D34,TVAE,R3,0.850828729281768,0.9034090909090909,0.8333333333333334,-0.07007575757575757
D34,CART,R1,0.9822485207100592,0.9034090909090909,0.8333333333333334,-0.07007575757575757
D34,CART,R2,0.9034090909090909,0.9034090909090909,0.8333333333333334,-0.07007575757575757
D34,CART,R3,0.9476744186046512,0.9034090909090909,0.8333333333333334,-0.07007575757575757
D340,TVAE,R1,0.9364161849710982,0.9476744186046512,0.9075144508670521,-0.04015996773759911
D340,TVAE,R2,0.9822485207100592,0.9476744186046512,0.9075144508670521,-0.04015996773759911
D340,TVAE,R3,0.9676945668135095,0.9476744186046512,0.9075144508670521,-0.04015996773759911
D340,CART,R1,0.876750700280112,0.9476744186046512,0.9075144508670521,-0.04015996773759911
D340,CART,R2,0.9061166429587483,0.9476744186046512,0.9075144508670521,-0.04015996773759911
D340,CART,R3,0.8899858956276445,0.9476744186046512,0.9075144508670521,-0.04015996773759911
D341,TVAE,R1,0.9881305637982196,0.9619326500732065,0.924198250728863,-0.03773439934434353
D341,TVAE,R2,0.9562043795620438,0.9619326500732065,0.924198250728863,-0.03773439934434353
D341,TVAE,R3,0.9392185238784371,0.9619326500732065,0.924198250728863,-0.03773439934434353
D341,CART,R1,0.9851851851851852,0.9619326500732065,0.924198250728863,-0.03773439934434353
D341,CART,R2,0.9851851851851852,0.9619326500732065,0.924198250728863,-0.03773439934434353
D341,CART,R3,0.9793205317577548,0.9619326500732065,0.924198250728863,-0.03773439934434353
D342,TVAE,R1,0.9252873563218391,0.9734904270986745,0.9354838709677419,-0.03800655613093262
D342,TVAE,R2,0.9793205317577548,0.9734904270986745,0.9354838709677419,-0.03800655613093262
D342,TVAE,R3,0.9619326500732065,0.9734904270986745,0.9354838709677419,-0.03800655613093262
D342,CART,R1,0.9793205317577548,0.9734904270986745,0.9354838709677419,-0.03800655613093262
D342,CART,R2,0.9734904270986745,0.9734904270986745,0.9354838709677419,-0.03800655613093262
D342,CART,R3,0.9676945668135095,0.9734904270986745,0.9354838709677419,-0.03800655613093262
D343,TVAE,R1,0.9115549215406562,0.9970193740685543,0.9701492537313433,-0.026870120337211034
D343,TVAE,R2,0.9676945668135095,0.9970193740685543,0.9701492537313433,-0.026870120337211034
D343,TVAE,R3,0.8846694796061885,0.9970193740685543,0.9701492537313433,-0.026870120337211034
D343,CART,R1,0.9705882352941176,0.9970193740685543,0.9701492537313433,-0.026870120337211034
D343,CART,R2,0.9910846953937593,0.9970193740685543,0.9701492537313433,-0.026870120337211034
D343,CART,R3,0.9562043795620438,0.9970193740685543,0.9701492537313433,-0.026870120337211034
D344,TVAE,R1,0.9590643274853801,0.9851851851851852,0.9819819819819819,-0.00320320320320322
D344,TVAE,R2,0.9940476190476191,0.9851851851851852,0.9819819819819819,-0.00320320320320322
D344,TVAE,R3,0.9851851851851852,0.9851851851851852,0.9819819819819819,-0.00320320320320322
D344,CART,R1,0.950509461426492,0.9851851851851852,0.9819819819819819,-0.00320320320320322
D344,CART,R2,0.9676945668135095,0.9851851851851852,0.9819819819819819,-0.00320320320320322
D344,CART,R3,0.9562043795620438,0.9851851851851852,0.9819819819819819,-0.00320320320320322
D345,TVAE,R1,0.9851851851851852,0.9910846953937593,0.9819819819819819,-0.009102713411777374
D345,TVAE,R2,0.9619326500732065,0.9910846953937593,0.9819819819819819,-0.009102713411777374
D345,TVAE,R3,0.9562043795620438,0.9910846953937593,0.9819819819819819,-0.009102713411777374
D345,CART,R1,0.9364161849710982,0.9910846953937593,0.9819819819819819,-0.009102713411777374
D345,CART,R2,0.9420289855072463,0.9910846953937593,0.9819819819819819,-0.009102713411777374
D345,CART,R3,0.930835734870317,0.9910846953937593,0.9819819819819819,-0.009102713411777374
D346,TVAE,R1,0.9590643274853801,0.9734904270986745,0.9701492537313433,-0.003341173367331196
D346,TVAE,R2,0.9851851851851852,0.9734904270986745,0.9701492537313433,-0.003341173367331196
D346,TVAE,R3,0.9734904270986745,0.9734904270986745,0.9701492537313433,-0.003341173367331196
D346,CART,R1,0.9822485207100592,0.9734904270986745,0.9701492537313433,-0.003341173367331196
D346,CART,R2,0.9910846953937593,0.9734904270986745,0.9701492537313433,-0.003341173367331196
D346,CART,R3,0.976401179941003,0.9734904270986745,0.9701492537313433,-0.003341173367331196
D347,TVAE,R1,0.9533527696793003,0.9822485207100592,0.9075144508670521,-0.07473406984300712
D347,TVAE,R2,0.9793205317577548,0.9822485207100592,0.9075144508670521,-0.07473406984300712
D347,TVAE,R3,0.9197707736389685,0.9822485207100592,0.9075144508670521,-0.07473406984300712
D347,CART,R1,0.9881305637982196,0.9822485207100592,0.9075144508670521,-0.07473406984300712
D347,CART,R2,0.9619326500732065,0.9822485207100592,0.9075144508670521,-0.07473406984300712
D347,CART,R3,0.9881305637982196,0.9822485207100592,0.9075144508670521,-0.07473406984300712
D348,TVAE,R1,0.9940476190476191,0.9590643274853801,0.9354838709677419,-0.023580456517638182
D348,TVAE,R2,0.9252873563218391,0.9590643274853801,0.9354838709677419,-0.023580456517638182
D348,TVAE,R3,0.8980169971671388,0.9590643274853801,0.9354838709677419,-0.023580456517638182
D348,CART,R1,0.9590643274853801,0.9590643274853801,0.9354838709677419,-0.023580456517638182
D348,CART,R2,0.976401179941003,0.9590643274853801,0.9354838709677419,-0.023580456517638182
D348,CART,R3,0.9590643274853801,0.9590643274853801,0.9354838709677419,-0.023580456517638182
D349,TVAE,R1,0.9970193740685543,0.9793205317577548,0.9584569732937686,-0.020863558463986243
D349,TVAE,R2,0.900709219858156,0.9793205317577548,0.9584569732937686,-0.020863558463986243
D349,TVAE,R3,0.9088319088319088,0.9793205317577548,0.9584569732937686,-0.020863558463986243
D349,CART,R1,0.9420289855072463,0.9793205317577548,0.9584569732937686,-0.020863558463986243
D349,CART,R2,0.9392185238784371,0.9793205317577548,0.9584569732937686,-0.020863558463986243
D349,CART,R3,0.9590643274853801,0.9793205317577548,0.9584569732937686,-0.020863558463986243
D35,TVAE,R1,0.8306010928961749,0.9590643274853801,0.9642857142857143,0.005221386800334238
D35,TVAE,R2,0.850828729281768,0.9590643274853801,0.9642857142857143,0.005221386800334238
D35,TVAE,R3,0.9364161849710982,0.9590643274853801,0.9642857142857143,0.005221386800334238
D35,CART,R1,0.9476744186046512,0.9590643274853801,0.9642857142857143,0.005221386800334238
D35,CART,R2,0.9476744186046512,0.9590643274853801,0.9642857142857143,0.005221386800334238
D35,CART,R3,0.9822485207100592,0.9590643274853801,0.9642857142857143,0.005221386800334238
D350,TVAE,R1,0.8715083798882681,0.9648093841642229,0.9469026548672567,-0.01790672929696624
D350,TVAE,R2,0.8482758620689655,0.9648093841642229,0.9469026548672567,-0.01790672929696624
D350,TVAE,R3,0.8132611637347767,0.9648093841642229,0.9469026548672567,-0.01790672929696624
D350,CART,R1,0.8715083798882681,0.9648093841642229,0.9469026548672567,-0.01790672929696624
D350,CART,R2,0.879382889200561,0.9648093841642229,0.9469026548672567,-0.01790672929696624
D350,CART,R3,0.8636995827538247,0.9648093841642229,0.9469026548672567,-0.01790672929696624
D351,TVAE,R1,0.9197707736389685,0.9734904270986745,0.9298245614035088,-0.04366586569516573
D351,TVAE,R2,0.8611111111111112,0.9734904270986745,0.9298245614035088,-0.04366586569516573
D351,TVAE,R3,0.9392185238784371,0.9734904270986745,0.9298245614035088,-0.04366586569516573
D351,CART,R1,0.9822485207100592,0.9734904270986745,0.9298245614035088,-0.04366586569516573
D351,CART,R2,0.9648093841642229,0.9734904270986745,0.9298245614035088,-0.04366586569516573
D351,CART,R3,0.9590643274853801,0.9734904270986745,0.9298245614035088,-0.04366586569516573
D352,TVAE,R1,0.9590643274853801,0.9392185238784371,0.8857142857142857,-0.053504238164151396
D352,TVAE,R2,0.9476744186046512,0.9392185238784371,0.8857142857142857,-0.053504238164151396
D352,TVAE,R3,0.9364161849710982,0.9392185238784371,0.8857142857142857,-0.053504238164151396
D352,CART,R1,0.976401179941003,0.9392185238784371,0.8857142857142857,-0.053504238164151396
D352,CART,R2,0.9533527696793003,0.9392185238784371,0.8857142857142857,-0.053504238164151396
D352,CART,R3,0.9822485207100592,0.9392185238784371,0.8857142857142857,-0.053504238164151396
D353,TVAE,R1,0.9170243204577968,0.9648093841642229,0.9298245614035088,-0.03498482276071413
D353,TVAE,R2,0.9940476190476191,0.9648093841642229,0.9298245614035088,-0.03498482276071413
D353,TVAE,R3,0.9705882352941176,0.9648093841642229,0.9298245614035088,-0.03498482276071413
D353,CART,R1,0.9648093841642229,0.9648093841642229,0.9298245614035088,-0.03498482276071413
D353,CART,R2,0.9648093841642229,0.9648093841642229,0.9298245614035088,-0.03498482276071413
D353,CART,R3,0.9648093841642229,0.9648093841642229,0.9298245614035088,-0.03498482276071413
D354,TVAE,R1,1.0,0.9910846953937593,0.9879518072289156,-0.0031328881648436946
D354,TVAE,R2,0.9590643274853801,0.9910846953937593,0.9879518072289156,-0.0031328881648436946
D354,TVAE,R3,0.9648093841642229,0.9910846953937593,0.9879518072289156,-0.0031328881648436946
D354,CART,R1,0.9910846953937593,0.9910846953937593,0.9879518072289156,-0.0031328881648436946
D354,CART,R2,1.0,0.9910846953937593,0.9879518072289156,-0.0031328881648436946
D354,CART,R3,0.9940476190476191,0.9910846953937593,0.9879518072289156,-0.0031328881648436946
D355,TVAE,R1,0.9940476190476191,0.9619326500732065,0.9526627218934911,-0.009269928179715392
D355,TVAE,R2,0.9034090909090909,0.9619326500732065,0.9526627218934911,-0.009269928179715392
D355,TVAE,R3,0.9142857142857143,0.9619326500732065,0.9526627218934911,-0.009269928179715392
D355,CART,R1,0.8980169971671388,0.9619326500732065,0.9526627218934911,-0.009269928179715392
D355,CART,R2,0.8820224719101124,0.9619326500732065,0.9526627218934911,-0.009269928179715392
D355,CART,R3,0.8899858956276445,0.9619326500732065,0.9526627218934911,-0.009269928179715392
D356,TVAE,R1,0.9476744186046512,0.9420289855072463,0.9411764705882353,-0.0008525149190110604
D356,TVAE,R2,0.9476744186046512,0.9420289855072463,0.9411764705882353,-0.0008525149190110604
D356,TVAE,R3,0.8953323903818954,0.9420289855072463,0.9411764705882353,-0.0008525149190110604
D356,CART,R1,0.976401179941003,0.9420289855072463,0.9411764705882353,-0.0008525149190110604
D356,CART,R2,1.0,0.9420289855072463,0.9411764705882353,-0.0008525149190110604
D356,CART,R3,0.9822485207100592,0.9420289855072463,0.9411764705882353,-0.0008525149190110604
D357,TVAE,R1,0.9619326500732065,0.9940476190476191,0.9879518072289156,-0.006095811818703445
D357,TVAE,R2,0.8741258741258742,0.9940476190476191,0.9879518072289156,-0.006095811818703445
D357,TVAE,R3,0.9619326500732065,0.9940476190476191,0.9879518072289156,-0.006095811818703445
D357,CART,R1,0.8559556786703602,0.9940476190476191,0.9879518072289156,-0.006095811818703445
D357,CART,R2,0.8559556786703602,0.9940476190476191,0.9879518072289156,-0.006095811818703445
D357,CART,R3,0.8559556786703602,0.9940476190476191,0.9879518072289156,-0.006095811818703445
D358,TVAE,R1,0.8846694796061885,0.9705882352941176,0.924198250728863,-0.04638998456525467
D358,TVAE,R2,0.9061166429587483,0.9705882352941176,0.924198250728863,-0.04638998456525467
D358,TVAE,R3,0.9420289855072463,0.9705882352941176,0.924198250728863,-0.04638998456525467
D358,CART,R1,0.9910846953937593,0.9705882352941176,0.924198250728863,-0.04638998456525467
D358,CART,R2,0.9822485207100592,0.9705882352941176,0.924198250728863,-0.04638998456525467
D358,CART,R3,0.9940476190476191,0.9705882352941176,0.924198250728863,-0.04638998456525467
D359,TVAE,R1,0.930835734870317,0.950509461426492,0.9939577039274925,0.043448242501000545
D359,TVAE,R2,0.9476744186046512,0.950509461426492,0.9939577039274925,0.043448242501000545
D359,TVAE,R3,0.9280575539568345,0.950509461426492,0.9939577039274925,0.043448242501000545
D359,CART,R1,0.976401179941003,0.950509461426492,0.9939577039274925,0.043448242501000545
D359,CART,R2,0.9590643274853801,0.950509461426492,0.9939577039274925,0.043448242501000545
D359,CART,R3,0.9881305637982196,0.950509461426492,0.9939577039274925,0.043448242501000545
D36,TVAE,R1,0.8206521739130435,0.8611111111111112,0.9186046511627907,0.057493540051679504
D36,TVAE,R2,0.850828729281768,0.8611111111111112,0.9186046511627907,0.057493540051679504
D36,TVAE,R3,0.9364161849710982,0.8611111111111112,0.9186046511627907,0.057493540051679504
D36,CART,R1,0.8715083798882681,0.8611111111111112,0.9186046511627907,0.057493540051679504
D36,CART,R2,0.9476744186046512,0.8611111111111112,0.9186046511627907,0.057493540051679504
D36,CART,R3,0.8926553672316384,0.8611111111111112,0.9186046511627907,0.057493540051679504
D360,TVAE,R1,0.8873239436619719,0.9448476052249637,1.0,0.055152394775036306
D360,TVAE,R2,0.8980169971671388,0.9448476052249637,1.0,0.055152394775036306
D360,TVAE,R3,0.8846694796061885,0.9448476052249637,1.0,0.055152394775036306
D360,CART,R1,0.8482758620689655,0.9448476052249637,1.0,0.055152394775036306
D360,CART,R2,0.900709219858156,0.9448476052249637,1.0,0.055152394775036306
D360,CART,R3,0.850828729281768,0.9448476052249637,1.0,0.055152394775036306
D361,TVAE,R1,0.8980169971671388,0.9881305637982196,0.9760479041916168,-0.012082659606602819
D361,TVAE,R2,0.9619326500732065,0.9881305637982196,0.9760479041916168,-0.012082659606602819
D361,TVAE,R3,0.950509461426492,0.9881305637982196,0.9760479041916168,-0.012082659606602819
D361,CART,R1,0.9420289855072463,0.9881305637982196,0.9760479041916168,-0.012082659606602819
D361,CART,R2,0.950509461426492,0.9881305637982196,0.9760479041916168,-0.012082659606602819
D361,CART,R3,0.9420289855072463,0.9881305637982196,0.9760479041916168,-0.012082659606602819
D362,TVAE,R1,0.9533527696793003,0.9940476190476191,0.9939577039274925,-8.991512012657132e-05
D362,TVAE,R2,0.8899858956276445,0.9940476190476191,0.9939577039274925,-8.991512012657132e-05
D362,TVAE,R3,0.9851851851851852,0.9940476190476191,0.9939577039274925,-8.991512012657132e-05
D362,CART,R1,0.9533527696793003,0.9940476190476191,0.9939577039274925,-8.991512012657132e-05
D362,CART,R2,0.9533527696793003,0.9940476190476191,0.9939577039274925,-8.991512012657132e-05
D362,CART,R3,0.9590643274853801,0.9940476190476191,0.9939577039274925,-8.991512012657132e-05
D363,TVAE,R1,0.8059299191374663,0.9676945668135095,0.9411764705882353,-0.026518096225274235
D363,TVAE,R2,0.8457300275482094,0.9676945668135095,0.9411764705882353,-0.026518096225274235
D363,TVAE,R3,0.9420289855072463,0.9676945668135095,0.9411764705882353,-0.026518096225274235
D363,CART,R1,0.930835734870317,0.9676945668135095,0.9411764705882353,-0.026518096225274235
D363,CART,R2,0.9088319088319088,0.9676945668135095,0.9411764705882353,-0.026518096225274235
D363,CART,R3,0.9034090909090909,0.9676945668135095,0.9411764705882353,-0.026518096225274235
D364,TVAE,R1,0.9970193740685543,0.9562043795620438,0.9584569732937686,0.002252593731724706
D364,TVAE,R2,0.8980169971671388,0.9562043795620438,0.9584569732937686,0.002252593731724706
D364,TVAE,R3,0.9881305637982196,0.9562043795620438,0.9584569732937686,0.002252593731724706
D364,CART,R1,0.9590643274853801,0.9562043795620438,0.9584569732937686,0.002252593731724706
D364,CART,R2,0.9619326500732065,0.9562043795620438,0.9584569732937686,0.002252593731724706
D364,CART,R3,0.9392185238784371,0.9562043795620438,0.9584569732937686,0.002252593731724706
D365,TVAE,R1,0.9940476190476191,0.9562043795620438,0.9130434782608695,-0.04316090130117434
D365,TVAE,R2,0.9034090909090909,0.9562043795620438,0.9130434782608695,-0.04316090130117434
D365,TVAE,R3,0.976401179941003,0.9562043795620438,0.9130434782608695,-0.04316090130117434
D365,CART,R1,0.9170243204577968,0.9562043795620438,0.9130434782608695,-0.04316090130117434
D365,CART,R2,0.9225251076040172,0.9562043795620438,0.9130434782608695,-0.04316090130117434
D365,CART,R3,0.9088319088319088,0.9562043795620438,0.9130434782608695,-0.04316090130117434
D366,TVAE,R1,0.9734904270986745,0.9392185238784371,0.8857142857142857,-0.053504238164151396
D366,TVAE,R2,0.8381344307270233,0.9392185238784371,0.8857142857142857,-0.053504238164151396
D366,TVAE,R3,0.9940476190476191,0.9392185238784371,0.8857142857142857,-0.053504238164151396
D366,CART,R1,0.9142857142857143,0.9392185238784371,0.8857142857142857,-0.053504238164151396
D366,CART,R2,0.900709219858156,0.9392185238784371,0.8857142857142857,-0.053504238164151396
D366,CART,R3,0.9034090909090909,0.9392185238784371,0.8857142857142857,-0.053504238164151396
D367,TVAE,R1,0.9392185238784371,0.9881305637982196,0.924198250728863,-0.06393231306935665
D367,TVAE,R2,0.9420289855072463,0.9881305637982196,0.924198250728863,-0.06393231306935665
D367,TVAE,R3,0.8899858956276445,0.9881305637982196,0.924198250728863,-0.06393231306935665
D367,CART,R1,0.9142857142857143,0.9881305637982196,0.924198250728863,-0.06393231306935665
D367,CART,R2,0.930835734870317,0.9881305637982196,0.924198250728863,-0.06393231306935665
D367,CART,R3,0.8980169971671388,0.9881305637982196,0.924198250728863,-0.06393231306935665
D368,TVAE,R1,0.8980169971671388,0.9619326500732065,0.9584569732937686,-0.0034756767794379417
D368,TVAE,R2,0.850828729281768,0.9619326500732065,0.9584569732937686,-0.0034756767794379417
D368,TVAE,R3,0.8980169971671388,0.9619326500732065,0.9584569732937686,-0.0034756767794379417
D368,CART,R1,0.9336219336219336,0.9619326500732065,0.9584569732937686,-0.0034756767794379417
D368,CART,R2,0.9170243204577968,0.9619326500732065,0.9584569732937686,-0.0034756767794379417
D368,CART,R3,0.9562043795620438,0.9619326500732065,0.9584569732937686,-0.0034756767794379417
D369,TVAE,R1,0.9734904270986745,0.9910846953937593,0.9819819819819819,-0.009102713411777374
D369,TVAE,R2,0.9851851851851852,0.9910846953937593,0.9819819819819819,-0.009102713411777374
D369,TVAE,R3,0.9970193740685543,0.9910846953937593,0.9819819819819819,-0.009102713411777374
D369,CART,R1,0.900709219858156,0.9910846953937593,0.9819819819819819,-0.009102713411777374
D369,CART,R2,0.900709219858156,0.9910846953937593,0.9819819819819819,-0.009102713411777374
D369,CART,R3,0.900709219858156,0.9910846953937593,0.9819819819819819,-0.009102713411777374
D37,TVAE,R1,0.9940476190476191,0.9476744186046512,0.896551724137931,-0.05112269446672013
D37,TVAE,R2,0.9705882352941176,0.9476744186046512,0.896551724137931,-0.05112269446672013
D37,TVAE,R3,0.9822485207100592,0.9476744186046512,0.896551724137931,-0.05112269446672013
D37,CART,R1,0.9252873563218391,0.9476744186046512,0.896551724137931,-0.05112269446672013
D37,CART,R2,0.8820224719101124,0.9476744186046512,0.896551724137931,-0.05112269446672013
D37,CART,R3,0.9705882352941176,0.9476744186046512,0.896551724137931,-0.05112269446672013
D370,TVAE,R1,0.9619326500732065,0.9705882352941176,0.9469026548672567,-0.023685580426860975
D370,TVAE,R2,0.9648093841642229,0.9705882352941176,0.9469026548672567,-0.023685580426860975
D370,TVAE,R3,0.8926553672316384,0.9705882352941176,0.9469026548672567,-0.023685580426860975
D370,CART,R1,0.9142857142857143,0.9705882352941176,0.9469026548672567,-0.023685580426860975
D370,CART,R2,0.9061166429587483,0.9705882352941176,0.9469026548672567,-0.023685580426860975
D370,CART,R3,0.9170243204577968,0.9705882352941176,0.9469026548672567,-0.023685580426860975
D371,TVAE,R1,0.9448476052249637,0.9676945668135095,0.9584569732937686,-0.009237593519740961
D371,TVAE,R2,0.9822485207100592,0.9676945668135095,0.9584569732937686,-0.009237593519740961
D371,TVAE,R3,0.9476744186046512,0.9676945668135095,0.9584569732937686,-0.009237593519740961
D371,CART,R1,0.950509461426492,0.9676945668135095,0.9584569732937686,-0.009237593519740961
D371,CART,R2,0.9448476052249637,0.9676945668135095,0.9584569732937686,-0.009237593519740961
D371,CART,R3,0.9533527696793003,0.9676945668135095,0.9584569732937686,-0.009237593519740961
D372,TVAE,R1,0.8820224719101124,0.9476744186046512,0.9075144508670521,-0.04015996773759911
D372,TVAE,R2,0.7539267015706806,0.9476744186046512,0.9075144508670521,-0.04015996773759911
D372,TVAE,R3,0.8108108108108109,0.9476744186046512,0.9075144508670521,-0.04015996773759911
D372,CART,R1,0.9170243204577968,0.9476744186046512,0.9075144508670521,-0.04015996773759911
D372,CART,R2,0.900709219858156,0.9476744186046512,0.9075144508670521,-0.04015996773759911
D372,CART,R3,0.9392185238784371,0.9476744186046512,0.9075144508670521,-0.04015996773759911
D373,TVAE,R1,0.9705882352941176,0.9619326500732065,0.924198250728863,-0.03773439934434353
D373,TVAE,R2,0.8741258741258742,0.9619326500732065,0.924198250728863,-0.03773439934434353
D373,TVAE,R3,0.9225251076040172,0.9619326500732065,0.924198250728863,-0.03773439934434353
D373,CART,R1,0.9881305637982196,0.9619326500732065,0.924198250728863,-0.03773439934434353
D373,CART,R2,0.9881305637982196,0.9619326500732065,0.924198250728863,-0.03773439934434353
D373,CART,R3,0.9881305637982196,0.9619326500732065,0.924198250728863,-0.03773439934434353
D374,TVAE,R1,0.9533527696793003,0.9734904270986745,0.9354838709677419,-0.03800655613093262
D374,TVAE,R2,0.9822485207100592,0.9734904270986745,0.9354838709677419,-0.03800655613093262
D374,TVAE,R3,0.9910846953937593,0.9734904270986745,0.9354838709677419,-0.03800655613093262
D374,CART,R1,0.9734904270986745,0.9734904270986745,0.9354838709677419,-0.03800655613093262
D374,CART,R2,0.9734904270986745,0.9734904270986745,0.9354838709677419,-0.03800655613093262
D374,CART,R3,0.9705882352941176,0.9734904270986745,0.9354838709677419,-0.03800655613093262
D375,TVAE,R1,0.9088319088319088,0.9970193740685543,0.9701492537313433,-0.026870120337211034
D375,TVAE,R2,0.9170243204577968,0.9970193740685543,0.9701492537313433,-0.026870120337211034
D375,TVAE,R3,0.9881305637982196,0.9970193740685543,0.9701492537313433,-0.026870120337211034
D375,CART,R1,0.9910846953937593,0.9970193740685543,0.9701492537313433,-0.026870120337211034
D375,CART,R2,0.9793205317577548,0.9970193740685543,0.9701492537313433,-0.026870120337211034
D375,CART,R3,0.9734904270986745,0.9970193740685543,0.9701492537313433,-0.026870120337211034
D376,TVAE,R1,0.9590643274853801,0.9851851851851852,0.9819819819819819,-0.00320320320320322
D376,TVAE,R2,0.9142857142857143,0.9851851851851852,0.9819819819819819,-0.00320320320320322
D376,TVAE,R3,0.976401179941003,0.9851851851851852,0.9819819819819819,-0.00320320320320322
D376,CART,R1,0.9420289855072463,0.9851851851851852,0.9819819819819819,-0.00320320320320322
D376,CART,R2,0.9448476052249637,0.9851851851851852,0.9819819819819819,-0.00320320320320322
D376,CART,R3,0.9476744186046512,0.9851851851851852,0.9819819819819819,-0.00320320320320322
D377,TVAE,R1,0.8820224719101124,0.9910846953937593,0.9819819819819819,-0.009102713411777374
D377,TVAE,R2,0.879382889200561,0.9910846953937593,0.9819819819819819,-0.009102713411777374
D377,TVAE,R3,0.8559556786703602,0.9910846953937593,0.9819819819819819,-0.009102713411777374
D377,CART,R1,0.9364161849710982,0.9910846953937593,0.9819819819819819,-0.009102713411777374
D377,CART,R2,0.9364161849710982,0.9910846953937593,0.9819819819819819,-0.009102713411777374
D377,CART,R3,0.9364161849710982,0.9910846953937593,0.9819819819819819,-0.009102713411777374
D378,TVAE,R1,0.900709219858156,0.9734904270986745,0.9701492537313433,-0.003341173367331196
D378,TVAE,R2,0.9734904270986745,0.9734904270986745,0.9701492537313433,-0.003341173367331196
D378,TVAE,R3,0.9336219336219336,0.9734904270986745,0.9701492537313433,-0.003341173367331196
D378,CART,R1,0.9590643274853801,0.9734904270986745,0.9701492537313433,-0.003341173367331196
D378,CART,R2,0.9705882352941176,0.9734904270986745,0.9701492537313433,-0.003341173367331196
D378,CART,R3,0.9705882352941176,0.9734904270986745,0.9701492537313433,-0.003341173367331196
D379,TVAE,R1,0.976401179941003,0.9822485207100592,0.9075144508670521,-0.07473406984300712
D379,TVAE,R2,0.9881305637982196,0.9822485207100592,0.9075144508670521,-0.07473406984300712
D379,TVAE,R3,0.9562043795620438,0.9822485207100592,0.9075144508670521,-0.07473406984300712
D379,CART,R1,0.9590643274853801,0.9822485207100592,0.9075144508670521,-0.07473406984300712
D379,CART,R2,0.9619326500732065,0.9822485207100592,0.9075144508670521,-0.07473406984300712
D379,CART,R3,0.950509461426492,0.9822485207100592,0.9075144508670521,-0.07473406984300712
D38,TVAE,R1,0.7447916666666666,0.9142857142857143,0.8333333333333334,-0.08095238095238089
D38,TVAE,R2,0.9364161849710982,0.9142857142857143,0.8333333333333334,-0.08095238095238089
D38,TVAE,R3,0.9034090909090909,0.9142857142857143,0.8333333333333334,-0.08095238095238089
D38,CART,R1,0.8820224719101124,0.9142857142857143,0.8333333333333334,-0.08095238095238089
D38,CART,R2,0.8715083798882681,0.9142857142857143,0.8333333333333334,-0.08095238095238089
D38,CART,R3,0.9034090909090909,0.9142857142857143,0.8333333333333334,-0.08095238095238089
D380,TVAE,R1,0.9648093841642229,0.9590643274853801,0.9354838709677419,-0.023580456517638182
D380,TVAE,R2,1.0,0.9590643274853801,0.9354838709677419,-0.023580456517638182
D380,TVAE,R3,0.8662952646239555,0.9590643274853801,0.9354838709677419,-0.023580456517638182
D380,CART,R1,0.9881305637982196,0.9590643274853801,0.9354838709677419,-0.023580456517638182
D380,CART,R2,0.9705882352941176,0.9590643274853801,0.9354838709677419,-0.023580456517638182
D380,CART,R3,0.976401179941003,0.9590643274853801,0.9354838709677419,-0.023580456517638182
D381,TVAE,R1,0.9881305637982196,0.9793205317577548,0.9584569732937686,-0.020863558463986243
D381,TVAE,R2,0.9115549215406562,0.9793205317577548,0.9584569732937686,-0.020863558463986243
D381,TVAE,R3,0.9822485207100592,0.9793205317577548,0.9584569732937686,-0.020863558463986243
D381,CART,R1,0.9392185238784371,0.9793205317577548,0.9584569732937686,-0.020863558463986243
D381,CART,R2,0.9420289855072463,0.9793205317577548,0.9584569732937686,-0.020863558463986243
D381,CART,R3,0.9448476052249637,0.9793205317577548,0.9584569732937686,-0.020863558463986243
D382,TVAE,R1,0.7842876165113183,0.9648093841642229,0.9469026548672567,-0.01790672929696624
D382,TVAE,R2,0.8873239436619719,0.9648093841642229,0.9469026548672567,-0.01790672929696624
D382,TVAE,R3,0.8381344307270233,0.9648093841642229,0.9469026548672567,-0.01790672929696624
D382,CART,R1,0.8715083798882681,0.9648093841642229,0.9469026548672567,-0.01790672929696624
D382,CART,R2,0.876750700280112,0.9648093841642229,0.9469026548672567,-0.01790672929696624
D382,CART,R3,0.8715083798882681,0.9648093841642229,0.9469026548672567,-0.01790672929696624
D383,TVAE,R1,0.976401179941003,0.9734904270986745,0.9298245614035088,-0.04366586569516573
D383,TVAE,R2,0.9448476052249637,0.9734904270986745,0.9298245614035088,-0.04366586569516573
D383,TVAE,R3,0.976401179941003,0.9734904270986745,0.9298245614035088,-0.04366586569516573
D383,CART,R1,0.950509461426492,0.9734904270986745,0.9298245614035088,-0.04366586569516573
D383,CART,R2,0.9648093841642229,0.9734904270986745,0.9298245614035088,-0.04366586569516573
D383,CART,R3,0.9793205317577548,0.9734904270986745,0.9298245614035088,-0.04366586569516573
D384,TVAE,R1,0.9648093841642229,0.9392185238784371,0.8857142857142857,-0.053504238164151396
D384,TVAE,R2,0.9851851851851852,0.9392185238784371,0.8857142857142857,-0.053504238164151396
D384,TVAE,R3,0.9881305637982196,0.9392185238784371,0.8857142857142857,-0.053504238164151396
D384,CART,R1,0.9734904270986745,0.9392185238784371,0.8857142857142857,-0.053504238164151396
D384,CART,R2,0.9562043795620438,0.9392185238784371,0.8857142857142857,-0.053504238164151396
D384,CART,R3,0.9562043795620438,0.9392185238784371,0.8857142857142857,-0.053504238164151396
D385,TVAE,R1,0.8206521739130435,0.9705882352941176,0.9411764705882353,-0.02941176470588236
D385,TVAE,R2,0.8406593406593407,0.9705882352941176,0.9411764705882353,-0.02941176470588236
D385,TVAE,R3,0.9940476190476191,0.9705882352941176,0.9411764705882353,-0.02941176470588236
D385,CART,R1,0.8715083798882681,0.9705882352941176,0.9411764705882353,-0.02941176470588236
D385,CART,R2,0.8306010928961749,0.9705882352941176,0.9411764705882353,-0.02941176470588236
D385,CART,R3,0.8406593406593407,0.9705882352941176,0.9411764705882353,-0.02941176470588236
D386,TVAE,R1,0.8926553672316384,0.9476744186046512,0.9186046511627907,-0.029069767441860517
D386,TVAE,R2,0.8406593406593407,0.9476744186046512,0.9186046511627907,-0.029069767441860517
D386,TVAE,R3,0.9476744186046512,0.9476744186046512,0.9186046511627907,-0.029069767441860517
D386,CART,R1,0.8715083798882681,0.9476744186046512,0.9186046511627907,-0.029069767441860517
D386,CART,R2,0.8611111111111112,0.9476744186046512,0.9186046511627907,-0.029069767441860517
D386,CART,R3,0.8406593406593407,0.9476744186046512,0.9186046511627907,-0.029069767441860517
D387,TVAE,R1,0.8926553672316384,0.9705882352941176,0.9186046511627907,-0.051983584131326976
D387,TVAE,R2,0.9705882352941176,0.9705882352941176,0.9186046511627907,-0.051983584131326976
D387,TVAE,R3,0.9034090909090909,0.9705882352941176,0.9186046511627907,-0.051983584131326976
D387,CART,R1,0.9822485207100592,0.9705882352941176,0.9186046511627907,-0.051983584131326976
D387,CART,R2,0.9590643274853801,0.9705882352941176,0.9186046511627907,-0.051983584131326976
D387,CART,R3,0.9476744186046512,0.9705882352941176,0.9186046511627907,-0.051983584131326976
D388,TVAE,R1,0.8820224719101124,0.9590643274853801,0.896551724137931,-0.06251260334744901
D388,TVAE,R2,0.9590643274853801,0.9590643274853801,0.896551724137931,-0.06251260334744901
D388,TVAE,R3,0.8206521739130435,0.9590643274853801,0.896551724137931,-0.06251260334744901
D388,CART,R1,0.7819148936170213,0.9590643274853801,0.896551724137931,-0.06251260334744901
D388,CART,R2,0.9142857142857143,0.9590643274853801,0.896551724137931,-0.06251260334744901
D388,CART,R3,0.7914438502673797,0.9590643274853801,0.896551724137931,-0.06251260334744901
D389,TVAE,R1,0.7268041237113402,0.9590643274853801,0.9186046511627907,-0.0404596763225894
D389,TVAE,R2,0.7724867724867724,0.9590643274853801,0.9186046511627907,-0.0404596763225894
D389,TVAE,R3,0.7447916666666666,0.9590643274853801,0.9186046511627907,-0.0404596763225894
D389,CART,R1,0.8611111111111112,0.9590643274853801,0.9186046511627907,-0.0404596763225894
D389,CART,R2,0.7819148936170213,0.9590643274853801,0.9186046511627907,-0.0404596763225894
D389,CART,R3,0.9252873563218391,0.9590643274853801,0.9186046511627907,-0.0404596763225894
D39,TVAE,R1,0.8715083798882681,0.9940476190476191,0.9879518072289156,-0.006095811818703445
D39,TVAE,R2,0.7631578947368421,0.9940476190476191,0.9879518072289156,-0.006095811818703445
D39,TVAE,R3,0.7539267015706806,0.9940476190476191,0.9879518072289156,-0.006095811818703445
D39,CART,R1,0.9476744186046512,0.9940476190476191,0.9879518072289156,-0.006095811818703445
D39,CART,R2,0.9142857142857143,0.9940476190476191,0.9879518072289156,-0.006095811818703445
D39,CART,R3,0.9364161849710982,0.9940476190476191,0.9879518072289156,-0.006095811818703445
D390,TVAE,R1,0.9590643274853801,0.9364161849710982,0.875,-0.06141618497109824
D390,TVAE,R2,0.9940476190476191,0.9364161849710982,0.875,-0.06141618497109824
D390,TVAE,R3,0.9822485207100592,0.9364161849710982,0.875,-0.06141618497109824
D390,CART,R1,0.9590643274853801,0.9364161849710982,0.875,-0.06141618497109824
D390,CART,R2,0.9940476190476191,0.9364161849710982,0.875,-0.06141618497109824
D390,CART,R3,0.9364161849710982,0.9364161849710982,0.875,-0.06141618497109824
D391,TVAE,R1,0.7819148936170213,0.9705882352941176,0.9879518072289156,0.017363571934797983
D391,TVAE,R2,0.8206521739130435,0.9705882352941176,0.9879518072289156,0.017363571934797983
D391,TVAE,R3,0.5581395348837209,0.9705882352941176,0.9879518072289156,0.017363571934797983
D391,CART,R1,0.7819148936170213,0.9705882352941176,0.9879518072289156,0.017363571934797983
D391,CART,R2,0.8206521739130435,0.9705882352941176,0.9879518072289156,0.017363571934797983
D391,CART,R3,0.7539267015706806,0.9705882352941176,0.9879518072289156,0.017363571934797983
D392,TVAE,R1,0.6502463054187192,0.8715083798882681,0.8131868131868132,-0.05832156670145494
D392,TVAE,R2,0.5727699530516432,0.8715083798882681,0.8131868131868132,-0.05832156670145494
D392,TVAE,R3,0.6502463054187192,0.8715083798882681,0.8131868131868132,-0.05832156670145494
D392,CART,R1,0.8715083798882681,0.8715083798882681,0.8131868131868132,-0.05832156670145494
D392,CART,R2,0.9142857142857143,0.8715083798882681,0.8131868131868132,-0.05832156670145494
D392,CART,R3,0.8926553672316384,0.8715083798882681,0.8131868131868132,-0.05832156670145494
D393,TVAE,R1,0.9364161849710982,0.9590643274853801,0.9186046511627907,-0.0404596763225894
D393,TVAE,R2,0.9476744186046512,0.9590643274853801,0.9186046511627907,-0.0404596763225894
D393,TVAE,R3,0.9940476190476191,0.9590643274853801,0.9186046511627907,-0.0404596763225894
D393,CART,R1,0.7819148936170213,0.9590643274853801,0.9186046511627907,-0.0404596763225894
D393,CART,R2,0.8108108108108109,0.9590643274853801,0.9186046511627907,-0.0404596763225894
D393,CART,R3,0.8820224719101124,0.9590643274853801,0.9186046511627907,-0.0404596763225894
D394,TVAE,R1,0.7447916666666666,0.9142857142857143,0.8333333333333334,-0.08095238095238089
D394,TVAE,R2,0.8306010928961749,0.9142857142857143,0.8333333333333334,-0.08095238095238089
D394,TVAE,R3,0.7357512953367875,0.9142857142857143,0.8333333333333334,-0.08095238095238089
D394,CART,R1,0.9476744186046512,0.9142857142857143,0.8333333333333334,-0.08095238095238089
D394,CART,R2,0.9822485207100592,0.9142857142857143,0.8333333333333334,-0.08095238095238089
D394,CART,R3,0.8926553672316384,0.9142857142857143,0.8333333333333334,-0.08095238095238089
D395,TVAE,R1,0.700507614213198,0.8926553672316384,0.896551724137931,0.0038963569062926418
D395,TVAE,R2,0.7631578947368421,0.8926553672316384,0.896551724137931,0.0038963569062926418
D395,TVAE,R3,0.850828729281768,0.8926553672316384,0.896551724137931,0.0038963569062926418
D395,CART,R1,0.8820224719101124,0.8926553672316384,0.896551724137931,0.0038963569062926418
D395,CART,R2,0.9034090909090909,0.8926553672316384,0.896551724137931,0.0038963569062926418
D395,CART,R3,0.8926553672316384,0.8926553672316384,0.896551724137931,0.0038963569062926418
D396,TVAE,R1,0.8820224719101124,0.9705882352941176,0.9879518072289156,0.017363571934797983
D396,TVAE,R2,0.8926553672316384,0.9705882352941176,0.9879518072289156,0.017363571934797983
D396,TVAE,R3,0.9034090909090909,0.9705882352941176,0.9879518072289156,0.017363571934797983
D396,CART,R1,0.9142857142857143,0.9705882352941176,0.9879518072289156,0.017363571934797983
D396,CART,R2,0.8406593406593407,0.9705882352941176,0.9879518072289156,0.017363571934797983
D396,CART,R3,0.8406593406593407,0.9705882352941176,0.9879518072289156,0.017363571934797983
D397,TVAE,R1,0.9822485207100592,0.9476744186046512,0.896551724137931,-0.05112269446672013
D397,TVAE,R2,0.7724867724867724,0.9476744186046512,0.896551724137931,-0.05112269446672013
D397,TVAE,R3,0.8010752688172043,0.9476744186046512,0.896551724137931,-0.05112269446672013
D397,CART,R1,0.8715083798882681,0.9476744186046512,0.896551724137931,-0.05112269446672013
D397,CART,R2,0.9364161849710982,0.9476744186046512,0.896551724137931,-0.05112269446672013
D397,CART,R3,0.9252873563218391,0.9476744186046512,0.896551724137931,-0.05112269446672013
D398,TVAE,R1,0.850828729281768,0.9705882352941176,0.9642857142857143,-0.006302521008403339
D398,TVAE,R2,0.8926553672316384,0.9705882352941176,0.9642857142857143,-0.006302521008403339
D398,TVAE,R3,0.8010752688172043,0.9705882352941176,0.9642857142857143,-0.006302521008403339
D398,CART,R1,0.9590643274853801,0.9705882352941176,0.9642857142857143,-0.006302521008403339
D398,CART,R2,0.9822485207100592,0.9705882352941176,0.9642857142857143,-0.006302521008403339
D398,CART,R3,0.9590643274853801,0.9705882352941176,0.9642857142857143,-0.006302521008403339
D399,TVAE,R1,0.9590643274853801,0.9822485207100592,0.9642857142857143,-0.01796280642434489
D399,TVAE,R2,0.9705882352941176,0.9822485207100592,0.9642857142857143,-0.01796280642434489
D399,TVAE,R3,0.9476744186046512,0.9822485207100592,0.9642857142857143,-0.01796280642434489
D399,CART,R1,0.9705882352941176,0.9822485207100592,0.9642857142857143,-0.01796280642434489
D399,CART,R2,0.9590643274853801,0.9822485207100592,0.9642857142857143,-0.01796280642434489
D399,CART,R3,0.9476744186046512,0.9822485207100592,0.9642857142857143,-0.01796280642434489
D4,TVAE,R1,0.9252873563218391,0.8611111111111112,0.9186046511627907,0.057493540051679504
D4,TVAE,R2,0.8108108108108109,0.8611111111111112,0.9186046511627907,0.057493540051679504
D4,TVAE,R3,0.9476744186046512,0.8611111111111112,0.9186046511627907,0.057493540051679504
D4,CART,R1,0.8206521739130435,0.8611111111111112,0.9186046511627907,0.057493540051679504
D4,CART,R2,0.8611111111111112,0.8611111111111112,0.9186046511627907,0.057493540051679504
D4,CART,R3,0.8926553672316384,0.8611111111111112,0.9186046511627907,0.057493540051679504
D40,TVAE,R1,0.8611111111111112,0.9252873563218391,0.896551724137931,-0.028735632183908066
D40,TVAE,R2,0.8406593406593407,0.9252873563218391,0.896551724137931,-0.028735632183908066
D40,TVAE,R3,0.8306010928961749,0.9252873563218391,0.896551724137931,-0.028735632183908066
D40,CART,R1,0.8406593406593407,0.9252873563218391,0.896551724137931,-0.028735632183908066
D40,CART,R2,0.8715083798882681,0.9252873563218391,0.896551724137931,-0.028735632183908066
D40,CART,R3,0.8406593406593407,0.9252873563218391,0.896551724137931,-0.028735632183908066
D400,TVAE,R1,0.9705882352941176,0.9705882352941176,0.8539325842696629,-0.11665565102445474
D400,TVAE,R2,0.9252873563218391,0.9705882352941176,0.8539325842696629,-0.11665565102445474
D400,TVAE,R3,0.7819148936170213,0.9705882352941176,0.8539325842696629,-0.11665565102445474
D400,CART,R1,0.8926553672316384,0.9705882352941176,0.8539325842696629,-0.11665565102445474
D400,CART,R2,0.8715083798882681,0.9705882352941176,0.8539325842696629,-0.11665565102445474
D400,CART,R3,0.8108108108108109,0.9705882352941176,0.8539325842696629,-0.11665565102445474
D401,TVAE,R1,0.9364161849710982,0.9476744186046512,0.896551724137931,-0.05112269446672013
D401,TVAE,R2,0.8926553672316384,0.9476744186046512,0.896551724137931,-0.05112269446672013
D401,TVAE,R3,0.9034090909090909,0.9476744186046512,0.896551724137931,-0.05112269446672013
D401,CART,R1,0.7539267015706806,0.9476744186046512,0.896551724137931,-0.05112269446672013
D401,CART,R2,0.7357512953367875,0.9476744186046512,0.896551724137931,-0.05112269446672013
D401,CART,R3,0.7539267015706806,0.9476744186046512,0.896551724137931,-0.05112269446672013
D402,TVAE,R1,0.8611111111111112,0.9364161849710982,0.896551724137931,-0.03986446083316719
D402,TVAE,R2,0.9705882352941176,0.9364161849710982,0.896551724137931,-0.03986446083316719
D402,TVAE,R3,0.9822485207100592,0.9364161849710982,0.896551724137931,-0.03986446083316719
D402,CART,R1,0.850828729281768,0.9364161849710982,0.896551724137931,-0.03986446083316719
D402,CART,R2,0.8926553672316384,0.9364161849710982,0.896551724137931,-0.03986446083316719
D402,CART,R3,0.9142857142857143,0.9364161849710982,0.896551724137931,-0.03986446083316719
D403,TVAE,R1,0.9252873563218391,0.9822485207100592,0.8333333333333334,-0.14891518737672582
D403,TVAE,R2,0.9590643274853801,0.9822485207100592,0.8333333333333334,-0.14891518737672582
D403,TVAE,R3,0.9476744186046512,0.9822485207100592,0.8333333333333334,-0.14891518737672582
D403,CART,R1,0.9940476190476191,0.9822485207100592,0.8333333333333334,-0.14891518737672582
D403,CART,R2,0.8715083798882681,0.9822485207100592,0.8333333333333334,-0.14891518737672582
D403,CART,R3,0.9822485207100592,0.9822485207100592,0.8333333333333334,-0.14891518737672582
D404,TVAE,R1,0.6834170854271356,0.8926553672316384,0.8131868131868132,-0.07946855404482522
D404,TVAE,R2,0.7724867724867724,0.8926553672316384,0.8131868131868132,-0.07946855404482522
D404,TVAE,R3,0.675,0.8926553672316384,0.8131868131868132,-0.07946855404482522
D404,CART,R1,0.7914438502673797,0.8926553672316384,0.8131868131868132,-0.07946855404482522
D404,CART,R2,0.7819148936170213,0.8926553672316384,0.8131868131868132,-0.07946855404482522
D404,CART,R3,0.9252873563218391,0.8926553672316384,0.8131868131868132,-0.07946855404482522
D405,TVAE,R1,0.8611111111111112,0.9822485207100592,0.9642857142857143,-0.01796280642434489
D405,TVAE,R2,0.9822485207100592,0.9822485207100592,0.9642857142857143,-0.01796280642434489
D405,TVAE,R3,0.9142857142857143,0.9822485207100592,0.9642857142857143,-0.01796280642434489
D405,CART,R1,0.7819148936170213,0.9822485207100592,0.9642857142857143,-0.01796280642434489
D405,CART,R2,0.7914438502673797,0.9822485207100592,0.9642857142857143,-0.01796280642434489
D405,CART,R3,0.8108108108108109,0.9822485207100592,0.9642857142857143,-0.01796280642434489
D406,TVAE,R1,0.9142857142857143,0.9705882352941176,0.9411764705882353,-0.02941176470588236
D406,TVAE,R2,0.9142857142857143,0.9705882352941176,0.9411764705882353,-0.02941176470588236
D406,TVAE,R3,0.9476744186046512,0.9705882352941176,0.9411764705882353,-0.02941176470588236
D406,CART,R1,0.8926553672316384,0.9705882352941176,0.9411764705882353,-0.02941176470588236
D406,CART,R2,0.8715083798882681,0.9705882352941176,0.9411764705882353,-0.02941176470588236
D406,CART,R3,0.8406593406593407,0.9705882352941176,0.9411764705882353,-0.02941176470588236
D407,TVAE,R1,0.8406593406593407,0.9822485207100592,0.9642857142857143,-0.01796280642434489
D407,TVAE,R2,0.8406593406593407,0.9822485207100592,0.9642857142857143,-0.01796280642434489
D407,TVAE,R3,0.8406593406593407,0.9822485207100592,0.9642857142857143,-0.01796280642434489
D407,CART,R1,0.9252873563218391,0.9822485207100592,0.9642857142857143,-0.01796280642434489
D407,CART,R2,0.9705882352941176,0.9822485207100592,0.9642857142857143,-0.01796280642434489
D407,CART,R3,0.9705882352941176,0.9822485207100592,0.9642857142857143,-0.01796280642434489
D408,TVAE,R1,0.7539267015706806,0.9590643274853801,0.9186046511627907,-0.0404596763225894
D408,TVAE,R2,0.7914438502673797,0.9590643274853801,0.9186046511627907,-0.0404596763225894
D408,TVAE,R3,0.9364161849710982,0.9590643274853801,0.9186046511627907,-0.0404596763225894
D408,CART,R1,0.9364161849710982,0.9590643274853801,0.9186046511627907,-0.0404596763225894
D408,CART,R2,0.9252873563218391,0.9590643274853801,0.9186046511627907,-0.0404596763225894
D408,CART,R3,0.9940476190476191,0.9590643274853801,0.9186046511627907,-0.0404596763225894
D409,TVAE,R1,0.8820224719101124,0.9940476190476191,0.9879518072289156,-0.006095811818703445
D409,TVAE,R2,0.7724867724867724,0.9940476190476191,0.9879518072289156,-0.006095811818703445
D409,TVAE,R3,0.8406593406593407,0.9940476190476191,0.9879518072289156,-0.006095811818703445
D409,CART,R1,0.9252873563218391,0.9940476190476191,0.9879518072289156,-0.006095811818703445
D409,CART,R2,0.9590643274853801,0.9940476190476191,0.9879518072289156,-0.006095811818703445
D409,CART,R3,0.9590643274853801,0.9940476190476191,0.9879518072289156,-0.006095811818703445
D41,TVAE,R1,0.8010752688172043,0.9590643274853801,0.9186046511627907,-0.0404596763225894
D41,TVAE,R2,0.8206521739130435,0.9590643274853801,0.9186046511627907,-0.0404596763225894
D41,TVAE,R3,0.9705882352941176,0.9590643274853801,0.9186046511627907,-0.0404596763225894
D41,CART,R1,0.9822485207100592,0.9590643274853801,0.9186046511627907,-0.0404596763225894
D41,CART,R2,0.9940476190476191,0.9590643274853801,0.9186046511627907,-0.0404596763225894
D41,CART,R3,0.9822485207100592,0.9590643274853801,0.9186046511627907,-0.0404596763225894
D410,TVAE,R1,0.7357512953367875,0.9822485207100592,0.9411764705882353,-0.04107205012182391
D410,TVAE,R2,0.7724867724867724,0.9822485207100592,0.9411764705882353,-0.04107205012182391
D410,TVAE,R3,0.7914438502673797,0.9822485207100592,0.9411764705882353,-0.04107205012182391
D410,CART,R1,0.8206521739130435,0.9822485207100592,0.9411764705882353,-0.04107205012182391
D410,CART,R2,0.8820224719101124,0.9822485207100592,0.9411764705882353,-0.04107205012182391
D410,CART,R3,0.8406593406593407,0.9822485207100592,0.9411764705882353,-0.04107205012182391
D411,TVAE,R1,0.9940476190476191,0.9822485207100592,0.9879518072289156,0.005703286518856432
D411,TVAE,R2,0.9142857142857143,0.9822485207100592,0.9879518072289156,0.005703286518856432
D411,TVAE,R3,0.9940476190476191,0.9822485207100592,0.9879518072289156,0.005703286518856432
D411,CART,R1,0.7819148936170213,0.9822485207100592,0.9879518072289156,0.005703286518856432
D411,CART,R2,0.8611111111111112,0.9822485207100592,0.9879518072289156,0.005703286518856432
D411,CART,R3,0.8715083798882681,0.9822485207100592,0.9879518072289156,0.005703286518856432
D412,TVAE,R1,0.9590643274853801,0.9142857142857143,0.8539325842696629,-0.06035313001605136
D412,TVAE,R2,0.9252873563218391,0.9142857142857143,0.8539325842696629,-0.06035313001605136
D412,TVAE,R3,0.8406593406593407,0.9142857142857143,0.8539325842696629,-0.06035313001605136
D412,CART,R1,0.9705882352941176,0.9142857142857143,0.8539325842696629,-0.06035313001605136
D412,CART,R2,0.9364161849710982,0.9142857142857143,0.8539325842696629,-0.06035313001605136
D412,CART,R3,0.9822485207100592,0.9142857142857143,0.8539325842696629,-0.06035313001605136
D413,TVAE,R1,0.9705882352941176,0.9590643274853801,0.9186046511627907,-0.0404596763225894
D413,TVAE,R2,0.9590643274853801,0.9590643274853801,0.9186046511627907,-0.0404596763225894
D413,TVAE,R3,0.8715083798882681,0.9590643274853801,0.9186046511627907,-0.0404596763225894
D413,CART,R1,0.850828729281768,0.9590643274853801,0.9186046511627907,-0.0404596763225894
D413,CART,R2,0.9034090909090909,0.9590643274853801,0.9186046511627907,-0.0404596763225894
D413,CART,R3,0.9034090909090909,0.9590643274853801,0.9186046511627907,-0.0404596763225894
D414,TVAE,R1,0.9252873563218391,0.9252873563218391,0.8333333333333334,-0.09195402298850575
D414,TVAE,R2,0.9142857142857143,0.9252873563218391,0.8333333333333334,-0.09195402298850575
D414,TVAE,R3,0.8715083798882681,0.9252873563218391,0.8333333333333334,-0.09195402298850575
D414,CART,R1,0.9142857142857143,0.9252873563218391,0.8333333333333334,-0.09195402298850575
D414,CART,R2,0.9364161849710982,0.9252873563218391,0.8333333333333334,-0.09195402298850575
D414,CART,R3,0.9252873563218391,0.9252873563218391,0.8333333333333334,-0.09195402298850575
D415,TVAE,R1,0.8926553672316384,0.9822485207100592,0.9186046511627907,-0.06364386954726853
D415,TVAE,R2,0.9364161849710982,0.9822485207100592,0.9186046511627907,-0.06364386954726853
D415,TVAE,R3,0.9364161849710982,0.9822485207100592,0.9186046511627907,-0.06364386954726853
D415,CART,R1,0.8611111111111112,0.9822485207100592,0.9186046511627907,-0.06364386954726853
D415,CART,R2,0.8406593406593407,0.9822485207100592,0.9186046511627907,-0.06364386954726853
D415,CART,R3,0.9142857142857143,0.9822485207100592,0.9186046511627907,-0.06364386954726853
D416,TVAE,R1,0.8611111111111112,0.9822485207100592,0.9411764705882353,-0.04107205012182391
D416,TVAE,R2,0.9476744186046512,0.9822485207100592,0.9411764705882353,-0.04107205012182391
D416,TVAE,R3,0.7724867724867724,0.9822485207100592,0.9411764705882353,-0.04107205012182391
D416,CART,R1,0.8820224719101124,0.9822485207100592,0.9411764705882353,-0.04107205012182391
D416,CART,R2,0.9142857142857143,0.9822485207100592,0.9411764705882353,-0.04107205012182391
D416,CART,R3,0.9364161849710982,0.9822485207100592,0.9411764705882353,-0.04107205012182391
D417,TVAE,R1,0.9034090909090909,0.9705882352941176,0.9411764705882353,-0.02941176470588236
D417,TVAE,R2,0.8926553672316384,0.9705882352941176,0.9411764705882353,-0.02941176470588236
D417,TVAE,R3,0.8206521739130435,0.9705882352941176,0.9411764705882353,-0.02941176470588236
D417,CART,R1,0.8611111111111112,0.9705882352941176,0.9411764705882353,-0.02941176470588236
D417,CART,R2,0.8406593406593407,0.9705882352941176,0.9411764705882353,-0.02941176470588236
D417,CART,R3,0.8715083798882681,0.9705882352941176,0.9411764705882353,-0.02941176470588236
D418,TVAE,R1,0.9252873563218391,0.9476744186046512,0.9186046511627907,-0.029069767441860517
D418,TVAE,R2,0.8715083798882681,0.9476744186046512,0.9186046511627907,-0.029069767441860517
D418,TVAE,R3,0.8611111111111112,0.9476744186046512,0.9186046511627907,-0.029069767441860517
D418,CART,R1,0.8611111111111112,0.9476744186046512,0.9186046511627907,-0.029069767441860517
D418,CART,R2,0.8926553672316384,0.9476744186046512,0.9186046511627907,-0.029069767441860517
D418,CART,R3,0.8926553672316384,0.9476744186046512,0.9186046511627907,-0.029069767441860517
D419,TVAE,R1,0.8715083798882681,0.9705882352941176,0.9186046511627907,-0.051983584131326976
D419,TVAE,R2,0.9705882352941176,0.9705882352941176,0.9186046511627907,-0.051983584131326976
D419,TVAE,R3,0.9705882352941176,0.9705882352941176,0.9186046511627907,-0.051983584131326976
D419,CART,R1,0.9940476190476191,0.9705882352941176,0.9186046511627907,-0.051983584131326976
D419,CART,R2,0.9822485207100592,0.9705882352941176,0.9186046511627907,-0.051983584131326976
D419,CART,R3,0.9705882352941176,0.9705882352941176,0.9186046511627907,-0.051983584131326976
D42,TVAE,R1,0.8306010928961749,0.9822485207100592,0.9879518072289156,0.005703286518856432
D42,TVAE,R2,0.8306010928961749,0.9822485207100592,0.9879518072289156,0.005703286518856432
D42,TVAE,R3,0.9822485207100592,0.9822485207100592,0.9879518072289156,0.005703286518856432
D42,CART,R1,0.9364161849710982,0.9822485207100592,0.9879518072289156,0.005703286518856432
D42,CART,R2,0.8715083798882681,0.9822485207100592,0.9879518072289156,0.005703286518856432
D42,CART,R3,0.8926553672316384,0.9822485207100592,0.9879518072289156,0.005703286518856432
D420,TVAE,R1,0.8820224719101124,0.9590643274853801,0.896551724137931,-0.06251260334744901
D420,TVAE,R2,0.8108108108108109,0.9590643274853801,0.896551724137931,-0.06251260334744901
D420,TVAE,R3,0.8406593406593407,0.9590643274853801,0.896551724137931,-0.06251260334744901
D420,CART,R1,0.8206521739130435,0.9590643274853801,0.896551724137931,-0.06251260334744901
D420,CART,R2,0.9034090909090909,0.9590643274853801,0.896551724137931,-0.06251260334744901
D420,CART,R3,0.8820224719101124,0.9590643274853801,0.896551724137931,-0.06251260334744901
D421,TVAE,R1,0.8715083798882681,0.9590643274853801,0.9186046511627907,-0.0404596763225894
D421,TVAE,R2,0.9252873563218391,0.9590643274853801,0.9186046511627907,-0.0404596763225894
D421,TVAE,R3,0.9252873563218391,0.9590643274853801,0.9186046511627907,-0.0404596763225894
D421,CART,R1,0.8406593406593407,0.9590643274853801,0.9186046511627907,-0.0404596763225894
D421,CART,R2,0.8926553672316384,0.9590643274853801,0.9186046511627907,-0.0404596763225894
D421,CART,R3,0.8306010928961749,0.9590643274853801,0.9186046511627907,-0.0404596763225894
D422,TVAE,R1,0.8406593406593407,0.9364161849710982,0.875,-0.06141618497109824
D422,TVAE,R2,0.9822485207100592,0.9364161849710982,0.875,-0.06141618497109824
D422,TVAE,R3,0.9590643274853801,0.9364161849710982,0.875,-0.06141618497109824
D422,CART,R1,0.9252873563218391,0.9364161849710982,0.875,-0.06141618497109824
D422,CART,R2,0.9590643274853801,0.9364161849710982,0.875,-0.06141618497109824
D422,CART,R3,0.9822485207100592,0.9364161849710982,0.875,-0.06141618497109824
D423,TVAE,R1,0.9142857142857143,0.9705882352941176,0.9879518072289156,0.017363571934797983
D423,TVAE,R2,0.9142857142857143,0.9705882352941176,0.9879518072289156,0.017363571934797983
D423,TVAE,R3,0.8926553672316384,0.9705882352941176,0.9879518072289156,0.017363571934797983
D423,CART,R1,0.8010752688172043,0.9705882352941176,0.9879518072289156,0.017363571934797983
D423,CART,R2,0.8206521739130435,0.9705882352941176,0.9879518072289156,0.017363571934797983
D423,CART,R3,0.8108108108108109,0.9705882352941176,0.9879518072289156,0.017363571934797983
D424,TVAE,R1,0.6919191919191919,0.8715083798882681,0.8131868131868132,-0.05832156670145494
D424,TVAE,R2,0.9142857142857143,0.8715083798882681,0.8131868131868132,-0.05832156670145494
D424,TVAE,R3,0.8108108108108109,0.8715083798882681,0.8131868131868132,-0.05832156670145494
D424,CART,R1,0.8715083798882681,0.8715083798882681,0.8131868131868132,-0.05832156670145494
D424,CART,R2,0.8926553672316384,0.8715083798882681,0.8131868131868132,-0.05832156670145494
D424,CART,R3,0.9590643274853801,0.8715083798882681,0.8131868131868132,-0.05832156670145494
D425,TVAE,R1,0.9142857142857143,0.9590643274853801,0.9186046511627907,-0.0404596763225894
D425,TVAE,R2,0.8820224719101124,0.9590643274853801,0.9186046511627907,-0.0404596763225894
D425,TVAE,R3,0.8010752688172043,0.9590643274853801,0.9186046511627907,-0.0404596763225894
D425,CART,R1,0.850828729281768,0.9590643274853801,0.9186046511627907,-0.0404596763225894
D425,CART,R2,0.8306010928961749,0.9590643274853801,0.9186046511627907,-0.0404596763225894
D425,CART,R3,0.7819148936170213,0.9590643274853801,0.9186046511627907,-0.0404596763225894
D426,TVAE,R1,0.9252873563218391,0.9142857142857143,0.8333333333333334,-0.08095238095238089
D426,TVAE,R2,0.8715083798882681,0.9142857142857143,0.8333333333333334,-0.08095238095238089
D426,TVAE,R3,0.7914438502673797,0.9142857142857143,0.8333333333333334,-0.08095238095238089
D426,CART,R1,0.9142857142857143,0.9142857142857143,0.8333333333333334,-0.08095238095238089
D426,CART,R2,0.9822485207100592,0.9142857142857143,0.8333333333333334,-0.08095238095238089
D426,CART,R3,0.9590643274853801,0.9142857142857143,0.8333333333333334,-0.08095238095238089
D427,TVAE,R1,0.8206521739130435,0.8926553672316384,0.896551724137931,0.0038963569062926418
D427,TVAE,R2,0.8108108108108109,0.8926553672316384,0.896551724137931,0.0038963569062926418
D427,TVAE,R3,0.8010752688172043,0.8926553672316384,0.896551724137931,0.0038963569062926418
D427,CART,R1,0.8715083798882681,0.8926553672316384,0.896551724137931,0.0038963569062926418
D427,CART,R2,0.9252873563218391,0.8926553672316384,0.896551724137931,0.0038963569062926418
D427,CART,R3,0.8926553672316384,0.8926553672316384,0.896551724137931,0.0038963569062926418
D428,TVAE,R1,0.9034090909090909,0.9705882352941176,0.9879518072289156,0.017363571934797983
D428,TVAE,R2,0.8406593406593407,0.9705882352941176,0.9879518072289156,0.017363571934797983
D428,TVAE,R3,0.9252873563218391,0.9705882352941176,0.9879518072289156,0.017363571934797983
D428,CART,R1,0.8715083798882681,0.9705882352941176,0.9879518072289156,0.017363571934797983
D428,CART,R2,0.8611111111111112,0.9705882352941176,0.9879518072289156,0.017363571934797983
D428,CART,R3,0.8926553672316384,0.9705882352941176,0.9879518072289156,0.017363571934797983
D429,TVAE,R1,0.8820224719101124,0.9476744186046512,0.896551724137931,-0.05112269446672013
D429,TVAE,R2,0.8926553672316384,0.9476744186046512,0.896551724137931,-0.05112269446672013
D429,TVAE,R3,0.9590643274853801,0.9476744186046512,0.896551724137931,-0.05112269446672013
D429,CART,R1,0.8611111111111112,0.9476744186046512,0.896551724137931,-0.05112269446672013
D429,CART,R2,0.8715083798882681,0.9476744186046512,0.896551724137931,-0.05112269446672013
D429,CART,R3,0.9034090909090909,0.9476744186046512,0.896551724137931,-0.05112269446672013
D43,TVAE,R1,0.8406593406593407,0.9476744186046512,0.9879518072289156,0.04027738862426444
D43,TVAE,R2,0.8306010928961749,0.9476744186046512,0.9879518072289156,0.04027738862426444
D43,TVAE,R3,0.7539267015706806,0.9476744186046512,0.9879518072289156,0.04027738862426444
D43,CART,R1,0.8306010928961749,0.9476744186046512,0.9879518072289156,0.04027738862426444
D43,CART,R2,0.8206521739130435,0.9476744186046512,0.9879518072289156,0.04027738862426444
D43,CART,R3,0.8820224719101124,0.9476744186046512,0.9879518072289156,0.04027738862426444
D430,TVAE,R1,0.8926553672316384,0.9705882352941176,0.9642857142857143,-0.006302521008403339
D430,TVAE,R2,0.8715083798882681,0.9705882352941176,0.9642857142857143,-0.006302521008403339
D430,TVAE,R3,0.9822485207100592,0.9705882352941176,0.9642857142857143,-0.006302521008403339
D430,CART,R1,0.9590643274853801,0.9705882352941176,0.9642857142857143,-0.006302521008403339
D430,CART,R2,0.9590643274853801,0.9705882352941176,0.9642857142857143,-0.006302521008403339
D430,CART,R3,0.9590643274853801,0.9705882352941176,0.9642857142857143,-0.006302521008403339
D431,TVAE,R1,0.8715083798882681,0.9822485207100592,0.9642857142857143,-0.01796280642434489
D431,TVAE,R2,0.9476744186046512,0.9822485207100592,0.9642857142857143,-0.01796280642434489
D431,TVAE,R3,0.8206521739130435,0.9822485207100592,0.9642857142857143,-0.01796280642434489
D431,CART,R1,0.9822485207100592,0.9822485207100592,0.9642857142857143,-0.01796280642434489
D431,CART,R2,0.9590643274853801,0.9822485207100592,0.9642857142857143,-0.01796280642434489
D431,CART,R3,0.9590643274853801,0.9822485207100592,0.9642857142857143,-0.01796280642434489
D432,TVAE,R1,0.9590643274853801,0.9705882352941176,0.8539325842696629,-0.11665565102445474
D432,TVAE,R2,0.9705882352941176,0.9705882352941176,0.8539325842696629,-0.11665565102445474
D432,TVAE,R3,0.8715083798882681,0.9705882352941176,0.8539325842696629,-0.11665565102445474
D432,CART,R1,0.8820224719101124,0.9705882352941176,0.8539325842696629,-0.11665565102445474
D432,CART,R2,0.8306010928961749,0.9705882352941176,0.8539325842696629,-0.11665565102445474
D432,CART,R3,0.9034090909090909,0.9705882352941176,0.8539325842696629,-0.11665565102445474
D433,TVAE,R1,0.9034090909090909,0.9476744186046512,0.896551724137931,-0.05112269446672013
D433,TVAE,R2,0.9940476190476191,0.9476744186046512,0.896551724137931,-0.05112269446672013
D433,TVAE,R3,0.9940476190476191,0.9476744186046512,0.896551724137931,-0.05112269446672013
D433,CART,R1,0.7447916666666666,0.9476744186046512,0.896551724137931,-0.05112269446672013
D433,CART,R2,0.7724867724867724,0.9476744186046512,0.896551724137931,-0.05112269446672013
D433,CART,R3,0.7539267015706806,0.9476744186046512,0.896551724137931,-0.05112269446672013
D434,TVAE,R1,0.850828729281768,0.9364161849710982,0.896551724137931,-0.03986446083316719
D434,TVAE,R2,0.8306010928961749,0.9364161849710982,0.896551724137931,-0.03986446083316719
D434,TVAE,R3,0.9252873563218391,0.9364161849710982,0.896551724137931,-0.03986446083316719
D434,CART,R1,0.9034090909090909,0.9364161849710982,0.896551724137931,-0.03986446083316719
D434,CART,R2,0.8926553672316384,0.9364161849710982,0.896551724137931,-0.03986446083316719
D434,CART,R3,0.9034090909090909,0.9364161849710982,0.896551724137931,-0.03986446083316719
D435,TVAE,R1,0.9940476190476191,0.9822485207100592,0.8333333333333334,-0.14891518737672582
D435,TVAE,R2,0.8306010928961749,0.9822485207100592,0.8333333333333334,-0.14891518737672582
D435,TVAE,R3,0.9822485207100592,0.9822485207100592,0.8333333333333334,-0.14891518737672582
D435,CART,R1,0.9822485207100592,0.9822485207100592,0.8333333333333334,-0.14891518737672582
D435,CART,R2,0.9476744186046512,0.9822485207100592,0.8333333333333334,-0.14891518737672582
D435,CART,R3,0.9705882352941176,0.9822485207100592,0.8333333333333334,-0.14891518737672582
D436,TVAE,R1,0.7447916666666666,0.8926553672316384,0.8131868131868132,-0.07946855404482522
D436,TVAE,R2,0.700507614213198,0.8926553672316384,0.8131868131868132,-0.07946855404482522
D436,TVAE,R3,0.6341463414634146,0.8926553672316384,0.8131868131868132,-0.07946855404482522
D436,CART,R1,0.7357512953367875,0.8926553672316384,0.8131868131868132,-0.07946855404482522
D436,CART,R2,0.850828729281768,0.8926553672316384,0.8131868131868132,-0.07946855404482522
D436,CART,R3,0.8306010928961749,0.8926553672316384,0.8131868131868132,-0.07946855404482522
D437,TVAE,R1,0.9822485207100592,0.9822485207100592,0.9642857142857143,-0.01796280642434489
D437,TVAE,R2,0.9476744186046512,0.9822485207100592,0.9642857142857143,-0.01796280642434489
D437,TVAE,R3,0.8611111111111112,0.9822485207100592,0.9642857142857143,-0.01796280642434489
D437,CART,R1,0.8306010928961749,0.9822485207100592,0.9642857142857143,-0.01796280642434489
D437,CART,R2,0.8306010928961749,0.9822485207100592,0.9642857142857143,-0.01796280642434489
D437,CART,R3,0.8306010928961749,0.9822485207100592,0.9642857142857143,-0.01796280642434489
D438,TVAE,R1,0.9142857142857143,0.9705882352941176,0.9411764705882353,-0.02941176470588236
D438,TVAE,R2,0.9590643274853801,0.9705882352941176,0.9411764705882353,-0.02941176470588236
D438,TVAE,R3,0.8926553672316384,0.9705882352941176,0.9411764705882353,-0.02941176470588236
D438,CART,R1,0.850828729281768,0.9705882352941176,0.9411764705882353,-0.02941176470588236
D438,CART,R2,0.8715083798882681,0.9705882352941176,0.9411764705882353,-0.02941176470588236
D438,CART,R3,0.8926553672316384,0.9705882352941176,0.9411764705882353,-0.02941176470588236
D439,TVAE,R1,0.8715083798882681,0.9822485207100592,0.9642857142857143,-0.01796280642434489
D439,TVAE,R2,0.9822485207100592,0.9822485207100592,0.9642857142857143,-0.01796280642434489
D439,TVAE,R3,0.8715083798882681,0.9822485207100592,0.9642857142857143,-0.01796280642434489
D439,CART,R1,0.9705882352941176,0.9822485207100592,0.9642857142857143,-0.01796280642434489
D439,CART,R2,0.9705882352941176,0.9822485207100592,0.9642857142857143,-0.01796280642434489
D439,CART,R3,0.9590643274853801,0.9822485207100592,0.9642857142857143,-0.01796280642434489
D44,TVAE,R1,0.9705882352941176,0.9822485207100592,0.9642857142857143,-0.01796280642434489
D44,TVAE,R2,0.8820224719101124,0.9822485207100592,0.9642857142857143,-0.01796280642434489
D44,TVAE,R3,0.9142857142857143,0.9822485207100592,0.9642857142857143,-0.01796280642434489
D44,CART,R1,0.9364161849710982,0.9822485207100592,0.9642857142857143,-0.01796280642434489
D44,CART,R2,0.9476744186046512,0.9822485207100592,0.9642857142857143,-0.01796280642434489
D44,CART,R3,0.9940476190476191,0.9822485207100592,0.9642857142857143,-0.01796280642434489
D440,TVAE,R1,0.8406593406593407,0.9590643274853801,0.9186046511627907,-0.0404596763225894
D440,TVAE,R2,0.8206521739130435,0.9590643274853801,0.9186046511627907,-0.0404596763225894
D440,TVAE,R3,0.850828729281768,0.9590643274853801,0.9186046511627907,-0.0404596763225894
D440,CART,R1,0.9822485207100592,0.9590643274853801,0.9186046511627907,-0.0404596763225894
D440,CART,R2,0.9822485207100592,0.9590643274853801,0.9186046511627907,-0.0404596763225894
D440,CART,R3,0.9034090909090909,0.9590643274853801,0.9186046511627907,-0.0404596763225894
D441,TVAE,R1,0.9705882352941176,0.9940476190476191,0.9879518072289156,-0.006095811818703445
D441,TVAE,R2,0.8611111111111112,0.9940476190476191,0.9879518072289156,-0.006095811818703445
D441,TVAE,R3,0.9252873563218391,0.9940476190476191,0.9879518072289156,-0.006095811818703445
D441,CART,R1,0.9940476190476191,0.9940476190476191,0.9879518072289156,-0.006095811818703445
D441,CART,R2,0.9590643274853801,0.9940476190476191,0.9879518072289156,-0.006095811818703445
D441,CART,R3,0.9940476190476191,0.9940476190476191,0.9879518072289156,-0.006095811818703445
D442,TVAE,R1,0.9476744186046512,0.9822485207100592,0.9411764705882353,-0.04107205012182391
D442,TVAE,R2,0.9034090909090909,0.9822485207100592,0.9411764705882353,-0.04107205012182391
D442,TVAE,R3,0.9252873563218391,0.9822485207100592,0.9411764705882353,-0.04107205012182391
D442,CART,R1,0.8406593406593407,0.9822485207100592,0.9411764705882353,-0.04107205012182391
D442,CART,R2,0.8406593406593407,0.9822485207100592,0.9411764705882353,-0.04107205012182391
D442,CART,R3,0.8611111111111112,0.9822485207100592,0.9411764705882353,-0.04107205012182391
D443,TVAE,R1,0.9590643274853801,0.9822485207100592,0.9879518072289156,0.005703286518856432
D443,TVAE,R2,0.9364161849710982,0.9822485207100592,0.9879518072289156,0.005703286518856432
D443,TVAE,R3,0.8715083798882681,0.9822485207100592,0.9879518072289156,0.005703286518856432
D443,CART,R1,0.8611111111111112,0.9822485207100592,0.9879518072289156,0.005703286518856432
D443,CART,R2,0.8108108108108109,0.9822485207100592,0.9879518072289156,0.005703286518856432
D443,CART,R3,0.8206521739130435,0.9822485207100592,0.9879518072289156,0.005703286518856432
D444,TVAE,R1,0.8010752688172043,0.9142857142857143,0.8539325842696629,-0.06035313001605136
D444,TVAE,R2,0.8926553672316384,0.9142857142857143,0.8539325842696629,-0.06035313001605136
D444,TVAE,R3,0.7268041237113402,0.9142857142857143,0.8539325842696629,-0.06035313001605136
D444,CART,R1,0.9034090909090909,0.9142857142857143,0.8539325842696629,-0.06035313001605136
D444,CART,R2,0.9364161849710982,0.9142857142857143,0.8539325842696629,-0.06035313001605136
D444,CART,R3,0.8715083798882681,0.9142857142857143,0.8539325842696629,-0.06035313001605136
D445,TVAE,R1,0.675,0.9590643274853801,0.9186046511627907,-0.0404596763225894
D445,TVAE,R2,0.6834170854271356,0.9590643274853801,0.9186046511627907,-0.0404596763225894
D445,TVAE,R3,0.8820224719101124,0.9590643274853801,0.9186046511627907,-0.0404596763225894
D445,CART,R1,0.9142857142857143,0.9590643274853801,0.9186046511627907,-0.0404596763225894
D445,CART,R2,0.8926553672316384,0.9590643274853801,0.9186046511627907,-0.0404596763225894
D445,CART,R3,0.9142857142857143,0.9590643274853801,0.9186046511627907,-0.0404596763225894
D446,TVAE,R1,0.7268041237113402,0.9252873563218391,0.8333333333333334,-0.09195402298850575
D446,TVAE,R2,0.8406593406593407,0.9252873563218391,0.8333333333333334,-0.09195402298850575
D446,TVAE,R3,0.8108108108108109,0.9252873563218391,0.8333333333333334,-0.09195402298850575
D446,CART,R1,0.9034090909090909,0.9252873563218391,0.8333333333333334,-0.09195402298850575
D446,CART,R2,0.9252873563218391,0.9252873563218391,0.8333333333333334,-0.09195402298850575
D446,CART,R3,0.9142857142857143,0.9252873563218391,0.8333333333333334,-0.09195402298850575
D447,TVAE,R1,0.8010752688172043,0.9822485207100592,0.9186046511627907,-0.06364386954726853
D447,TVAE,R2,0.9142857142857143,0.9822485207100592,0.9186046511627907,-0.06364386954726853
D447,TVAE,R3,0.9034090909090909,0.9822485207100592,0.9186046511627907,-0.06364386954726853
D447,CART,R1,0.8108108108108109,0.9822485207100592,0.9186046511627907,-0.06364386954726853
D447,CART,R2,0.8715083798882681,0.9822485207100592,0.9186046511627907,-0.06364386954726853
D447,CART,R3,0.8715083798882681,0.9822485207100592,0.9186046511627907,-0.06364386954726853
D448,TVAE,R1,0.8206521739130435,0.9822485207100592,0.9411764705882353,-0.04107205012182391
D448,TVAE,R2,0.9705882352941176,0.9822485207100592,0.9411764705882353,-0.04107205012182391
D448,TVAE,R3,0.9252873563218391,0.9822485207100592,0.9411764705882353,-0.04107205012182391
D448,CART,R1,0.9822485207100592,0.9822485207100592,0.9411764705882353,-0.04107205012182391
D448,CART,R2,0.7724867724867724,0.9822485207100592,0.9411764705882353,-0.04107205012182391
D448,CART,R3,0.8715083798882681,0.9822485207100592,0.9411764705882353,-0.04107205012182391
D449,TVAE,R1,0.8611111111111112,0.9705882352941176,0.9411764705882353,-0.02941176470588236
D449,TVAE,R2,0.8406593406593407,0.9705882352941176,0.9411764705882353,-0.02941176470588236
D449,TVAE,R3,0.9252873563218391,0.9705882352941176,0.9411764705882353,-0.02941176470588236
D449,CART,R1,0.8611111111111112,0.9705882352941176,0.9411764705882353,-0.02941176470588236
D449,CART,R2,0.8611111111111112,0.9705882352941176,0.9411764705882353,-0.02941176470588236
D449,CART,R3,0.8611111111111112,0.9705882352941176,0.9411764705882353,-0.02941176470588236
D45,TVAE,R1,0.8306010928961749,0.9822485207100592,0.9642857142857143,-0.01796280642434489
D45,TVAE,R2,0.9822485207100592,0.9822485207100592,0.9642857142857143,-0.01796280642434489
D45,TVAE,R3,0.8715083798882681,0.9822485207100592,0.9642857142857143,-0.01796280642434489
D45,CART,R1,0.9476744186046512,0.9822485207100592,0.9642857142857143,-0.01796280642434489
D45,CART,R2,0.9590643274853801,0.9822485207100592,0.9642857142857143,-0.01796280642434489
D45,CART,R3,0.8715083798882681,0.9822485207100592,0.9642857142857143,-0.01796280642434489
D450,TVAE,R1,0.8611111111111112,0.9476744186046512,0.9186046511627907,-0.029069767441860517
D450,TVAE,R2,0.8206521739130435,0.9476744186046512,0.9186046511627907,-0.029069767441860517
D450,TVAE,R3,0.9252873563218391,0.9476744186046512,0.9186046511627907,-0.029069767441860517
D450,CART,R1,0.9142857142857143,0.9476744186046512,0.9186046511627907,-0.029069767441860517
D450,CART,R2,0.8820224719101124,0.9476744186046512,0.9186046511627907,-0.029069767441860517
D450,CART,R3,0.8820224719101124,0.9476744186046512,0.9186046511627907,-0.029069767441860517
D451,TVAE,R1,0.9252873563218391,0.9705882352941176,0.9186046511627907,-0.051983584131326976
D451,TVAE,R2,0.9822485207100592,0.9705882352941176,0.9186046511627907,-0.051983584131326976
D451,TVAE,R3,0.9940476190476191,0.9705882352941176,0.9186046511627907,-0.051983584131326976
D451,CART,R1,0.9940476190476191,0.9705882352941176,0.9186046511627907,-0.051983584131326976
D451,CART,R2,0.9705882352941176,0.9705882352941176,0.9186046511627907,-0.051983584131326976
D451,CART,R3,0.9822485207100592,0.9705882352941176,0.9186046511627907,-0.051983584131326976
D452,TVAE,R1,0.7724867724867724,0.9590643274853801,0.896551724137931,-0.06251260334744901
D452,TVAE,R2,0.8611111111111112,0.9590643274853801,0.896551724137931,-0.06251260334744901
D452,TVAE,R3,0.8206521739130435,0.9590643274853801,0.896551724137931,-0.06251260334744901
D452,CART,R1,0.8108108108108109,0.9590643274853801,0.896551724137931,-0.06251260334744901
D452,CART,R2,0.8820224719101124,0.9590643274853801,0.896551724137931,-0.06251260334744901
D452,CART,R3,0.850828729281768,0.9590643274853801,0.896551724137931,-0.06251260334744901
D453,TVAE,R1,0.8206521739130435,0.9590643274853801,0.9186046511627907,-0.0404596763225894
D453,TVAE,R2,0.8820224719101124,0.9590643274853801,0.9186046511627907,-0.0404596763225894
D453,TVAE,R3,0.9476744186046512,0.9590643274853801,0.9186046511627907,-0.0404596763225894
D453,CART,R1,0.8611111111111112,0.9590643274853801,0.9186046511627907,-0.0404596763225894
D453,CART,R2,0.8611111111111112,0.9590643274853801,0.9186046511627907,-0.0404596763225894
D453,CART,R3,0.8611111111111112,0.9590643274853801,0.9186046511627907,-0.0404596763225894
D454,TVAE,R1,0.7819148936170213,0.9364161849710982,0.875,-0.06141618497109824
D454,TVAE,R2,0.9940476190476191,0.9364161849710982,0.875,-0.06141618497109824
D454,TVAE,R3,0.850828729281768,0.9364161849710982,0.875,-0.06141618497109824
D454,CART,R1,0.9476744186046512,0.9364161849710982,0.875,-0.06141618497109824
D454,CART,R2,0.9705882352941176,0.9364161849710982,0.875,-0.06141618497109824
D454,CART,R3,0.9476744186046512,0.9364161849710982,0.875,-0.06141618497109824
D455,TVAE,R1,0.6105769230769231,0.9705882352941176,0.9879518072289156,0.017363571934797983
D455,TVAE,R2,0.8206521739130435,0.9705882352941176,0.9879518072289156,0.017363571934797983
D455,TVAE,R3,0.9822485207100592,0.9705882352941176,0.9879518072289156,0.017363571934797983
D455,CART,R1,0.7631578947368421,0.9705882352941176,0.9879518072289156,0.017363571934797983
D455,CART,R2,0.8206521739130435,0.9705882352941176,0.9879518072289156,0.017363571934797983
D455,CART,R3,0.8108108108108109,0.9705882352941176,0.9879518072289156,0.017363571934797983
D456,TVAE,R1,0.6666666666666666,0.8715083798882681,0.8131868131868132,-0.05832156670145494
D456,TVAE,R2,0.5952380952380952,0.8715083798882681,0.8131868131868132,-0.05832156670145494
D456,TVAE,R3,0.7539267015706806,0.8715083798882681,0.8131868131868132,-0.05832156670145494
D456,CART,R1,0.9034090909090909,0.8715083798882681,0.8131868131868132,-0.05832156670145494
D456,CART,R2,0.8611111111111112,0.8715083798882681,0.8131868131868132,-0.05832156670145494
D456,CART,R3,0.9590643274853801,0.8715083798882681,0.8131868131868132,-0.05832156670145494
D457,TVAE,R1,0.9940476190476191,0.9590643274853801,0.9186046511627907,-0.0404596763225894
D457,TVAE,R2,0.8820224719101124,0.9590643274853801,0.9186046511627907,-0.0404596763225894
D457,TVAE,R3,0.850828729281768,0.9590643274853801,0.9186046511627907,-0.0404596763225894
D457,CART,R1,0.8108108108108109,0.9590643274853801,0.9186046511627907,-0.0404596763225894
D457,CART,R2,0.8206521739130435,0.9590643274853801,0.9186046511627907,-0.0404596763225894
D457,CART,R3,0.7914438502673797,0.9590643274853801,0.9186046511627907,-0.0404596763225894
D458,TVAE,R1,0.7539267015706806,0.9142857142857143,0.8333333333333334,-0.08095238095238089
D458,TVAE,R2,0.717948717948718,0.9142857142857143,0.8333333333333334,-0.08095238095238089
D458,TVAE,R3,0.675,0.9142857142857143,0.8333333333333334,-0.08095238095238089
D458,CART,R1,0.9476744186046512,0.9142857142857143,0.8333333333333334,-0.08095238095238089
D458,CART,R2,0.9822485207100592,0.9142857142857143,0.8333333333333334,-0.08095238095238089
D458,CART,R3,0.9590643274853801,0.9142857142857143,0.8333333333333334,-0.08095238095238089
D459,TVAE,R1,0.9034090909090909,0.8926553672316384,0.896551724137931,0.0038963569062926418
D459,TVAE,R2,0.9364161849710982,0.8926553672316384,0.896551724137931,0.0038963569062926418
D459,TVAE,R3,0.8306010928961749,0.8926553672316384,0.896551724137931,0.0038963569062926418
D459,CART,R1,0.850828729281768,0.8926553672316384,0.896551724137931,0.0038963569062926418
D459,CART,R2,0.8611111111111112,0.8926553672316384,0.896551724137931,0.0038963569062926418
D459,CART,R3,0.9142857142857143,0.8926553672316384,0.896551724137931,0.0038963569062926418
D46,TVAE,R1,0.8820224719101124,0.9822485207100592,0.9642857142857143,-0.01796280642434489
D46,TVAE,R2,0.8206521739130435,0.9822485207100592,0.9642857142857143,-0.01796280642434489
D46,TVAE,R3,0.8010752688172043,0.9822485207100592,0.9642857142857143,-0.01796280642434489
D46,CART,R1,0.8820224719101124,0.9822485207100592,0.9642857142857143,-0.01796280642434489
D46,CART,R2,0.850828729281768,0.9822485207100592,0.9642857142857143,-0.01796280642434489
D46,CART,R3,0.8715083798882681,0.9822485207100592,0.9642857142857143,-0.01796280642434489
D460,TVAE,R1,0.8820224719101124,0.9705882352941176,0.9879518072289156,0.017363571934797983
D460,TVAE,R2,0.8926553672316384,0.9705882352941176,0.9879518072289156,0.017363571934797983
D460,TVAE,R3,0.9590643274853801,0.9705882352941176,0.9879518072289156,0.017363571934797983
D460,CART,R1,0.8611111111111112,0.9705882352941176,0.9879518072289156,0.017363571934797983
D460,CART,R2,0.8715083798882681,0.9705882352941176,0.9879518072289156,0.017363571934797983
D460,CART,R3,0.9476744186046512,0.9705882352941176,0.9879518072289156,0.017363571934797983
D461,TVAE,R1,0.8820224719101124,0.9476744186046512,0.896551724137931,-0.05112269446672013
D461,TVAE,R2,0.9822485207100592,0.9476744186046512,0.896551724137931,-0.05112269446672013
D461,TVAE,R3,0.9142857142857143,0.9476744186046512,0.896551724137931,-0.05112269446672013
D461,CART,R1,0.8926553672316384,0.9476744186046512,0.896551724137931,-0.05112269446672013
D461,CART,R2,0.8926553672316384,0.9476744186046512,0.896551724137931,-0.05112269446672013
D461,CART,R3,0.9034090909090909,0.9476744186046512,0.896551724137931,-0.05112269446672013
D462,TVAE,R1,0.9252873563218391,0.9705882352941176,0.9642857142857143,-0.006302521008403339
D462,TVAE,R2,0.8820224719101124,0.9705882352941176,0.9642857142857143,-0.006302521008403339
D462,TVAE,R3,0.9822485207100592,0.9705882352941176,0.9642857142857143,-0.006302521008403339
D462,CART,R1,0.9822485207100592,0.9705882352941176,0.9642857142857143,-0.006302521008403339
D462,CART,R2,0.9822485207100592,0.9705882352941176,0.9642857142857143,-0.006302521008403339
D462,CART,R3,0.9705882352941176,0.9705882352941176,0.9642857142857143,-0.006302521008403339
D463,TVAE,R1,0.9822485207100592,0.9822485207100592,0.9642857142857143,-0.01796280642434489
D463,TVAE,R2,0.9252873563218391,0.9822485207100592,0.9642857142857143,-0.01796280642434489
D463,TVAE,R3,0.9476744186046512,0.9822485207100592,0.9642857142857143,-0.01796280642434489
D463,CART,R1,0.9822485207100592,0.9822485207100592,0.9642857142857143,-0.01796280642434489
D463,CART,R2,0.9590643274853801,0.9822485207100592,0.9642857142857143,-0.01796280642434489
D463,CART,R3,0.9142857142857143,0.9822485207100592,0.9642857142857143,-0.01796280642434489
D464,TVAE,R1,0.8406593406593407,0.9705882352941176,0.8539325842696629,-0.11665565102445474
D464,TVAE,R2,0.8715083798882681,0.9705882352941176,0.8539325842696629,-0.11665565102445474
D464,TVAE,R3,0.9476744186046512,0.9705882352941176,0.8539325842696629,-0.11665565102445474
D464,CART,R1,0.8108108108108109,0.9705882352941176,0.8539325842696629,-0.11665565102445474
D464,CART,R2,0.8926553672316384,0.9705882352941176,0.8539325842696629,-0.11665565102445474
D464,CART,R3,0.9364161849710982,0.9705882352941176,0.8539325842696629,-0.11665565102445474
D465,TVAE,R1,0.8611111111111112,0.9476744186046512,0.896551724137931,-0.05112269446672013
D465,TVAE,R2,0.7914438502673797,0.9476744186046512,0.896551724137931,-0.05112269446672013
D465,TVAE,R3,0.8406593406593407,0.9476744186046512,0.896551724137931,-0.05112269446672013
D465,CART,R1,0.7631578947368421,0.9476744186046512,0.896551724137931,-0.05112269446672013
D465,CART,R2,0.7631578947368421,0.9476744186046512,0.896551724137931,-0.05112269446672013
D465,CART,R3,0.7631578947368421,0.9476744186046512,0.896551724137931,-0.05112269446672013
D466,TVAE,R1,0.7724867724867724,0.9364161849710982,0.896551724137931,-0.03986446083316719
D466,TVAE,R2,0.8611111111111112,0.9364161849710982,0.896551724137931,-0.03986446083316719
D466,TVAE,R3,0.7447916666666666,0.9364161849710982,0.896551724137931,-0.03986446083316719
D466,CART,R1,0.8926553672316384,0.9364161849710982,0.896551724137931,-0.03986446083316719
D466,CART,R2,0.9034090909090909,0.9364161849710982,0.896551724137931,-0.03986446083316719
D466,CART,R3,0.8715083798882681,0.9364161849710982,0.896551724137931,-0.03986446083316719
D467,TVAE,R1,0.7724867724867724,0.9822485207100592,0.8333333333333334,-0.14891518737672582
D467,TVAE,R2,0.9822485207100592,0.9822485207100592,0.8333333333333334,-0.14891518737672582
D467,TVAE,R3,0.9252873563218391,0.9822485207100592,0.8333333333333334,-0.14891518737672582
D467,CART,R1,0.9940476190476191,0.9822485207100592,0.8333333333333334,-0.14891518737672582
D467,CART,R2,0.9940476190476191,0.9822485207100592,0.8333333333333334,-0.14891518737672582
D467,CART,R3,0.9822485207100592,0.9822485207100592,0.8333333333333334,-0.14891518737672582
D468,TVAE,R1,0.9034090909090909,0.8926553672316384,0.8131868131868132,-0.07946855404482522
D468,TVAE,R2,0.9034090909090909,0.8926553672316384,0.8131868131868132,-0.07946855404482522
D468,TVAE,R3,0.9822485207100592,0.8926553672316384,0.8131868131868132,-0.07946855404482522
D468,CART,R1,0.8715083798882681,0.8926553672316384,0.8131868131868132,-0.07946855404482522
D468,CART,R2,0.8611111111111112,0.8926553672316384,0.8131868131868132,-0.07946855404482522
D468,CART,R3,0.8306010928961749,0.8926553672316384,0.8131868131868132,-0.07946855404482522
D469,TVAE,R1,0.8611111111111112,0.9822485207100592,0.9642857142857143,-0.01796280642434489
D469,TVAE,R2,0.8108108108108109,0.9822485207100592,0.9642857142857143,-0.01796280642434489
D469,TVAE,R3,0.8926553672316384,0.9822485207100592,0.9642857142857143,-0.01796280642434489
D469,CART,R1,0.8108108108108109,0.9822485207100592,0.9642857142857143,-0.01796280642434489
D469,CART,R2,0.8108108108108109,0.9822485207100592,0.9642857142857143,-0.01796280642434489
D469,CART,R3,0.8108108108108109,0.9822485207100592,0.9642857142857143,-0.01796280642434489
D47,TVAE,R1,0.850828729281768,0.9476744186046512,0.8131868131868132,-0.134487605417838
D47,TVAE,R2,0.8926553672316384,0.9476744186046512,0.8131868131868132,-0.134487605417838
D47,TVAE,R3,0.8820224719101124,0.9476744186046512,0.8131868131868132,-0.134487605417838
D47,CART,R1,0.850828729281768,0.9476744186046512,0.8131868131868132,-0.134487605417838
D47,CART,R2,0.8108108108108109,0.9476744186046512,0.8131868131868132,-0.134487605417838
D47,CART,R3,0.8108108108108109,0.9476744186046512,0.8131868131868132,-0.134487605417838
D470,TVAE,R1,0.9705882352941176,0.9705882352941176,0.9411764705882353,-0.02941176470588236
D470,TVAE,R2,0.8926553672316384,0.9705882352941176,0.9411764705882353,-0.02941176470588236
D470,TVAE,R3,0.8715083798882681,0.9705882352941176,0.9411764705882353,-0.02941176470588236
D470,CART,R1,0.8820224719101124,0.9705882352941176,0.9411764705882353,-0.02941176470588236
D470,CART,R2,0.8715083798882681,0.9705882352941176,0.9411764705882353,-0.02941176470588236
D470,CART,R3,0.8715083798882681,0.9705882352941176,0.9411764705882353,-0.02941176470588236
D471,TVAE,R1,0.7914438502673797,0.9822485207100592,0.9642857142857143,-0.01796280642434489
D471,TVAE,R2,0.850828729281768,0.9822485207100592,0.9642857142857143,-0.01796280642434489
D471,TVAE,R3,0.9252873563218391,0.9822485207100592,0.9642857142857143,-0.01796280642434489
D471,CART,R1,0.9364161849710982,0.9822485207100592,0.9642857142857143,-0.01796280642434489
D471,CART,R2,0.9822485207100592,0.9822485207100592,0.9642857142857143,-0.01796280642434489
D471,CART,R3,0.9940476190476191,0.9822485207100592,0.9642857142857143,-0.01796280642434489
D472,TVAE,R1,0.8306010928961749,0.9590643274853801,0.9186046511627907,-0.0404596763225894
D472,TVAE,R2,0.8715083798882681,0.9590643274853801,0.9186046511627907,-0.0404596763225894
D472,TVAE,R3,0.8715083798882681,0.9590643274853801,0.9186046511627907,-0.0404596763225894
D472,CART,R1,0.9590643274853801,0.9590643274853801,0.9186046511627907,-0.0404596763225894
D472,CART,R2,0.9034090909090909,0.9590643274853801,0.9186046511627907,-0.0404596763225894
D472,CART,R3,0.9590643274853801,0.9590643274853801,0.9186046511627907,-0.0404596763225894
D473,TVAE,R1,0.9590643274853801,0.9940476190476191,0.9879518072289156,-0.006095811818703445
D473,TVAE,R2,0.8406593406593407,0.9940476190476191,0.9879518072289156,-0.006095811818703445
D473,TVAE,R3,0.9364161849710982,0.9940476190476191,0.9879518072289156,-0.006095811818703445
D473,CART,R1,0.9822485207100592,0.9940476190476191,0.9879518072289156,-0.006095811818703445
D473,CART,R2,0.9590643274853801,0.9940476190476191,0.9879518072289156,-0.006095811818703445
D473,CART,R3,0.9822485207100592,0.9940476190476191,0.9879518072289156,-0.006095811818703445
D474,TVAE,R1,0.7819148936170213,0.9822485207100592,0.9411764705882353,-0.04107205012182391
D474,TVAE,R2,0.8820224719101124,0.9822485207100592,0.9411764705882353,-0.04107205012182391
D474,TVAE,R3,0.8611111111111112,0.9822485207100592,0.9411764705882353,-0.04107205012182391
D474,CART,R1,0.850828729281768,0.9822485207100592,0.9411764705882353,-0.04107205012182391
D474,CART,R2,0.8611111111111112,0.9822485207100592,0.9411764705882353,-0.04107205012182391
D474,CART,R3,0.850828729281768,0.9822485207100592,0.9411764705882353,-0.04107205012182391
D475,TVAE,R1,0.8926553672316384,0.9822485207100592,0.9879518072289156,0.005703286518856432
D475,TVAE,R2,0.9476744186046512,0.9822485207100592,0.9879518072289156,0.005703286518856432
D475,TVAE,R3,0.9822485207100592,0.9822485207100592,0.9879518072289156,0.005703286518856432
D475,CART,R1,0.8010752688172043,0.9822485207100592,0.9879518072289156,0.005703286518856432
D475,CART,R2,0.8406593406593407,0.9822485207100592,0.9879518072289156,0.005703286518856432
D475,CART,R3,0.8406593406593407,0.9822485207100592,0.9879518072289156,0.005703286518856432
D476,TVAE,R1,0.7819148936170213,0.9142857142857143,0.8539325842696629,-0.06035313001605136
D476,TVAE,R2,0.8406593406593407,0.9142857142857143,0.8539325842696629,-0.06035313001605136
D476,TVAE,R3,0.8926553672316384,0.9142857142857143,0.8539325842696629,-0.06035313001605136
D476,CART,R1,0.9476744186046512,0.9142857142857143,0.8539325842696629,-0.06035313001605136
D476,CART,R2,0.9364161849710982,0.9142857142857143,0.8539325842696629,-0.06035313001605136
D476,CART,R3,0.9034090909090909,0.9142857142857143,0.8539325842696629,-0.06035313001605136
D477,TVAE,R1,0.6834170854271356,0.9590643274853801,0.9186046511627907,-0.0404596763225894
D477,TVAE,R2,0.6502463054187192,0.9590643274853801,0.9186046511627907,-0.0404596763225894
D477,TVAE,R3,0.8715083798882681,0.9590643274853801,0.9186046511627907,-0.0404596763225894
D477,CART,R1,0.9142857142857143,0.9590643274853801,0.9186046511627907,-0.0404596763225894
D477,CART,R2,0.9142857142857143,0.9590643274853801,0.9186046511627907,-0.0404596763225894
D477,CART,R3,0.9142857142857143,0.9590643274853801,0.9186046511627907,-0.0404596763225894
D478,TVAE,R1,0.8010752688172043,0.9252873563218391,0.8333333333333334,-0.09195402298850575
D478,TVAE,R2,0.7268041237113402,0.9252873563218391,0.8333333333333334,-0.09195402298850575
D478,TVAE,R3,0.6666666666666666,0.9252873563218391,0.8333333333333334,-0.09195402298850575
D478,CART,R1,0.9034090909090909,0.9252873563218391,0.8333333333333334,-0.09195402298850575
D478,CART,R2,0.9252873563218391,0.9252873563218391,0.8333333333333334,-0.09195402298850575
D478,CART,R3,0.9252873563218391,0.9252873563218391,0.8333333333333334,-0.09195402298850575
D479,TVAE,R1,0.9252873563218391,0.9822485207100592,0.9186046511627907,-0.06364386954726853
D479,TVAE,R2,0.9364161849710982,0.9822485207100592,0.9186046511627907,-0.06364386954726853
D479,TVAE,R3,0.8926553672316384,0.9822485207100592,0.9186046511627907,-0.06364386954726853
D479,CART,R1,0.8611111111111112,0.9822485207100592,0.9186046511627907,-0.06364386954726853
D479,CART,R2,0.8306010928961749,0.9822485207100592,0.9186046511627907,-0.06364386954726853
D479,CART,R3,0.8306010928961749,0.9822485207100592,0.9186046511627907,-0.06364386954726853
D48,TVAE,R1,0.7724867724867724,0.8820224719101124,0.8539325842696629,-0.028089887640449507
D48,TVAE,R2,0.7091836734693877,0.8820224719101124,0.8539325842696629,-0.028089887640449507
D48,TVAE,R3,0.700507614213198,0.8820224719101124,0.8539325842696629,-0.028089887640449507
D48,CART,R1,0.8820224719101124,0.8820224719101124,0.8539325842696629,-0.028089887640449507
D48,CART,R2,0.8306010928961749,0.8820224719101124,0.8539325842696629,-0.028089887640449507
D48,CART,R3,0.8306010928961749,0.8820224719101124,0.8539325842696629,-0.028089887640449507
D480,TVAE,R1,0.7724867724867724,0.9822485207100592,0.9411764705882353,-0.04107205012182391
D480,TVAE,R2,0.9476744186046512,0.9822485207100592,0.9411764705882353,-0.04107205012182391
D480,TVAE,R3,0.9364161849710982,0.9822485207100592,0.9411764705882353,-0.04107205012182391
D480,CART,R1,0.8715083798882681,0.9822485207100592,0.9411764705882353,-0.04107205012182391
D480,CART,R2,0.9252873563218391,0.9822485207100592,0.9411764705882353,-0.04107205012182391
D480,CART,R3,0.8926553672316384,0.9822485207100592,0.9411764705882353,-0.04107205012182391
D481,TVAE,R1,0.717948717948718,0.9705882352941176,0.9411764705882353,-0.02941176470588236
D481,TVAE,R2,0.8820224719101124,0.9705882352941176,0.9411764705882353,-0.02941176470588236
D481,TVAE,R3,0.9590643274853801,0.9705882352941176,0.9411764705882353,-0.02941176470588236
D481,CART,R1,0.8611111111111112,0.9705882352941176,0.9411764705882353,-0.02941176470588236
D481,CART,R2,0.8611111111111112,0.9705882352941176,0.9411764705882353,-0.02941176470588236
D481,CART,R3,0.8611111111111112,0.9705882352941176,0.9411764705882353,-0.02941176470588236
D482,TVAE,R1,0.7914438502673797,0.9476744186046512,0.9186046511627907,-0.029069767441860517
D482,TVAE,R2,0.700507614213198,0.9476744186046512,0.9186046511627907,-0.029069767441860517
D482,TVAE,R3,0.8820224719101124,0.9476744186046512,0.9186046511627907,-0.029069767441860517
D482,CART,R1,0.8926553672316384,0.9476744186046512,0.9186046511627907,-0.029069767441860517
D482,CART,R2,0.9034090909090909,0.9476744186046512,0.9186046511627907,-0.029069767441860517
D482,CART,R3,0.8926553672316384,0.9476744186046512,0.9186046511627907,-0.029069767441860517
D483,TVAE,R1,0.9364161849710982,0.9705882352941176,0.9186046511627907,-0.051983584131326976
D483,TVAE,R2,0.8406593406593407,0.9705882352941176,0.9186046511627907,-0.051983584131326976
D483,TVAE,R3,0.9705882352941176,0.9705882352941176,0.9186046511627907,-0.051983584131326976
D483,CART,R1,0.9940476190476191,0.9705882352941176,0.9186046511627907,-0.051983584131326976
D483,CART,R2,0.9476744186046512,0.9705882352941176,0.9186046511627907,-0.051983584131326976
D483,CART,R3,0.9940476190476191,0.9705882352941176,0.9186046511627907,-0.051983584131326976
D484,TVAE,R1,0.850828729281768,0.9590643274853801,0.896551724137931,-0.06251260334744901
D484,TVAE,R2,0.9705882352941176,0.9590643274853801,0.896551724137931,-0.06251260334744901
D484,TVAE,R3,0.8926553672316384,0.9590643274853801,0.896551724137931,-0.06251260334744901
D484,CART,R1,0.8926553672316384,0.9590643274853801,0.896551724137931,-0.06251260334744901
D484,CART,R2,0.850828729281768,0.9590643274853801,0.896551724137931,-0.06251260334744901
D484,CART,R3,0.8715083798882681,0.9590643274853801,0.896551724137931,-0.06251260334744901
D485,TVAE,R1,0.8715083798882681,0.9590643274853801,0.9186046511627907,-0.0404596763225894
D485,TVAE,R2,0.9590643274853801,0.9590643274853801,0.9186046511627907,-0.0404596763225894
D485,TVAE,R3,0.9034090909090909,0.9590643274853801,0.9186046511627907,-0.0404596763225894
D485,CART,R1,0.8611111111111112,0.9590643274853801,0.9186046511627907,-0.0404596763225894
D485,CART,R2,0.8611111111111112,0.9590643274853801,0.9186046511627907,-0.0404596763225894
D485,CART,R3,0.8611111111111112,0.9590643274853801,0.9186046511627907,-0.0404596763225894
D486,TVAE,R1,0.8820224719101124,0.9364161849710982,0.875,-0.06141618497109824
D486,TVAE,R2,0.8820224719101124,0.9364161849710982,0.875,-0.06141618497109824
D486,TVAE,R3,0.9822485207100592,0.9364161849710982,0.875,-0.06141618497109824
D486,CART,R1,0.9705882352941176,0.9364161849710982,0.875,-0.06141618497109824
D486,CART,R2,0.9476744186046512,0.9364161849710982,0.875,-0.06141618497109824
D486,CART,R3,0.9705882352941176,0.9364161849710982,0.875,-0.06141618497109824
D487,TVAE,R1,0.8611111111111112,0.9705882352941176,0.9879518072289156,0.017363571934797983
D487,TVAE,R2,0.7631578947368421,0.9705882352941176,0.9879518072289156,0.017363571934797983
D487,TVAE,R3,0.8306010928961749,0.9705882352941176,0.9879518072289156,0.017363571934797983
D487,CART,R1,0.7914438502673797,0.9705882352941176,0.9879518072289156,0.017363571934797983
D487,CART,R2,0.7914438502673797,0.9705882352941176,0.9879518072289156,0.017363571934797983
D487,CART,R3,0.8406593406593407,0.9705882352941176,0.9879518072289156,0.017363571934797983
D488,TVAE,R1,0.9252873563218391,0.8715083798882681,0.8131868131868132,-0.05832156670145494
D488,TVAE,R2,0.9822485207100592,0.8715083798882681,0.8131868131868132,-0.05832156670145494
D488,TVAE,R3,0.7914438502673797,0.8715083798882681,0.8131868131868132,-0.05832156670145494
D488,CART,R1,0.8820224719101124,0.8715083798882681,0.8131868131868132,-0.05832156670145494
D488,CART,R2,0.9476744186046512,0.8715083798882681,0.8131868131868132,-0.05832156670145494
D488,CART,R3,0.9034090909090909,0.8715083798882681,0.8131868131868132,-0.05832156670145494
D489,TVAE,R1,0.9705882352941176,0.9590643274853801,0.9186046511627907,-0.0404596763225894
D489,TVAE,R2,0.8926553672316384,0.9590643274853801,0.9186046511627907,-0.0404596763225894
D489,TVAE,R3,0.9940476190476191,0.9590643274853801,0.9186046511627907,-0.0404596763225894
D489,CART,R1,0.8108108108108109,0.9590643274853801,0.9186046511627907,-0.0404596763225894
D489,CART,R2,0.8108108108108109,0.9590643274853801,0.9186046511627907,-0.0404596763225894
D489,CART,R3,0.8108108108108109,0.9590643274853801,0.9186046511627907,-0.0404596763225894
D49,TVAE,R1,0.6183574879227053,0.8926553672316384,0.7934782608695652,-0.09917710636207322
D49,TVAE,R2,0.675,0.8926553672316384,0.7934782608695652,-0.09917710636207322
D49,TVAE,R3,0.7357512953367875,0.8926553672316384,0.7934782608695652,-0.09917710636207322
D49,CART,R1,0.8715083798882681,0.8926553672316384,0.7934782608695652,-0.09917710636207322
D49,CART,R2,0.850828729281768,0.8926553672316384,0.7934782608695652,-0.09917710636207322
D49,CART,R3,0.8611111111111112,0.8926553672316384,0.7934782608695652,-0.09917710636207322
D490,TVAE,R1,0.8611111111111112,0.9142857142857143,0.8333333333333334,-0.08095238095238089
D490,TVAE,R2,0.8611111111111112,0.9142857142857143,0.8333333333333334,-0.08095238095238089
D490,TVAE,R3,0.8108108108108109,0.9142857142857143,0.8333333333333334,-0.08095238095238089
D490,CART,R1,0.9476744186046512,0.9142857142857143,0.8333333333333334,-0.08095238095238089
D490,CART,R2,0.9476744186046512,0.9142857142857143,0.8333333333333334,-0.08095238095238089
D490,CART,R3,0.9476744186046512,0.9142857142857143,0.8333333333333334,-0.08095238095238089
D491,TVAE,R1,0.700507614213198,0.8926553672316384,0.896551724137931,0.0038963569062926418
D491,TVAE,R2,0.6666666666666666,0.8926553672316384,0.896551724137931,0.0038963569062926418
D491,TVAE,R3,0.7724867724867724,0.8926553672316384,0.896551724137931,0.0038963569062926418
D491,CART,R1,0.8406593406593407,0.8926553672316384,0.896551724137931,0.0038963569062926418
D491,CART,R2,0.8406593406593407,0.8926553672316384,0.896551724137931,0.0038963569062926418
D491,CART,R3,0.8406593406593407,0.8926553672316384,0.896551724137931,0.0038963569062926418
D492,TVAE,R1,0.8306010928961749,0.9705882352941176,0.9879518072289156,0.017363571934797983
D492,TVAE,R2,0.9034090909090909,0.9705882352941176,0.9879518072289156,0.017363571934797983
D492,TVAE,R3,0.9590643274853801,0.9705882352941176,0.9879518072289156,0.017363571934797983
D492,CART,R1,0.8820224719101124,0.9705882352941176,0.9879518072289156,0.017363571934797983
D492,CART,R2,0.8611111111111112,0.9705882352941176,0.9879518072289156,0.017363571934797983
D492,CART,R3,0.8820224719101124,0.9705882352941176,0.9879518072289156,0.017363571934797983
D493,TVAE,R1,0.9940476190476191,0.9476744186046512,0.896551724137931,-0.05112269446672013
D493,TVAE,R2,0.9705882352941176,0.9476744186046512,0.896551724137931,-0.05112269446672013
D493,TVAE,R3,0.9364161849710982,0.9476744186046512,0.896551724137931,-0.05112269446672013
D493,CART,R1,0.8820224719101124,0.9476744186046512,0.896551724137931,-0.05112269446672013
D493,CART,R2,0.8820224719101124,0.9476744186046512,0.896551724137931,-0.05112269446672013
D493,CART,R3,0.8820224719101124,0.9476744186046512,0.896551724137931,-0.05112269446672013
D494,TVAE,R1,0.8820224719101124,0.9705882352941176,0.9642857142857143,-0.006302521008403339
D494,TVAE,R2,0.8611111111111112,0.9705882352941176,0.9642857142857143,-0.006302521008403339
D494,TVAE,R3,0.9940476190476191,0.9705882352941176,0.9642857142857143,-0.006302521008403339
D494,CART,R1,0.9822485207100592,0.9705882352941176,0.9642857142857143,-0.006302521008403339
D494,CART,R2,0.9822485207100592,0.9705882352941176,0.9642857142857143,-0.006302521008403339
D494,CART,R3,0.9822485207100592,0.9705882352941176,0.9642857142857143,-0.006302521008403339
D495,TVAE,R1,0.9364161849710982,0.9822485207100592,0.9642857142857143,-0.01796280642434489
D495,TVAE,R2,0.9822485207100592,0.9822485207100592,0.9642857142857143,-0.01796280642434489
D495,TVAE,R3,0.8108108108108109,0.9822485207100592,0.9642857142857143,-0.01796280642434489
D495,CART,R1,0.9705882352941176,0.9822485207100592,0.9642857142857143,-0.01796280642434489
D495,CART,R2,0.9705882352941176,0.9822485207100592,0.9642857142857143,-0.01796280642434489
D495,CART,R3,0.9590643274853801,0.9822485207100592,0.9642857142857143,-0.01796280642434489
D496,TVAE,R1,0.7631578947368421,0.9705882352941176,0.8539325842696629,-0.11665565102445474
D496,TVAE,R2,0.8010752688172043,0.9705882352941176,0.8539325842696629,-0.11665565102445474
D496,TVAE,R3,0.5801886792452831,0.9705882352941176,0.8539325842696629,-0.11665565102445474
D496,CART,R1,0.9034090909090909,0.9705882352941176,0.8539325842696629,-0.11665565102445474
D496,CART,R2,0.9142857142857143,0.9705882352941176,0.8539325842696629,-0.11665565102445474
D496,CART,R3,0.8108108108108109,0.9705882352941176,0.8539325842696629,-0.11665565102445474
D497,TVAE,R1,0.9142857142857143,0.9476744186046512,0.896551724137931,-0.05112269446672013
D497,TVAE,R2,0.8715083798882681,0.9476744186046512,0.896551724137931,-0.05112269446672013
D497,TVAE,R3,0.850828729281768,0.9476744186046512,0.896551724137931,-0.05112269446672013
D497,CART,R1,0.7631578947368421,0.9476744186046512,0.896551724137931,-0.05112269446672013
D497,CART,R2,0.7631578947368421,0.9476744186046512,0.896551724137931,-0.05112269446672013
D497,CART,R3,0.7631578947368421,0.9476744186046512,0.896551724137931,-0.05112269446672013
D498,TVAE,R1,0.9476744186046512,0.9364161849710982,0.896551724137931,-0.03986446083316719
D498,TVAE,R2,0.9476744186046512,0.9364161849710982,0.896551724137931,-0.03986446083316719
D498,TVAE,R3,0.9822485207100592,0.9364161849710982,0.896551724137931,-0.03986446083316719
D498,CART,R1,0.9034090909090909,0.9364161849710982,0.896551724137931,-0.03986446083316719
D498,CART,R2,0.8820224719101124,0.9364161849710982,0.896551724137931,-0.03986446083316719
D498,CART,R3,0.9034090909090909,0.9364161849710982,0.896551724137931,-0.03986446083316719
D499,TVAE,R1,0.9364161849710982,0.9822485207100592,0.8333333333333334,-0.14891518737672582
D499,TVAE,R2,0.8306010928961749,0.9822485207100592,0.8333333333333334,-0.14891518737672582
D499,TVAE,R3,0.9590643274853801,0.9822485207100592,0.8333333333333334,-0.14891518737672582
D499,CART,R1,0.9590643274853801,0.9822485207100592,0.8333333333333334,-0.14891518737672582
D499,CART,R2,0.9476744186046512,0.9822485207100592,0.8333333333333334,-0.14891518737672582
D499,CART,R3,0.9822485207100592,0.9822485207100592,0.8333333333333334,-0.14891518737672582
D5,TVAE,R1,0.9590643274853801,0.9476744186046512,0.896551724137931,-0.05112269446672013
D5,TVAE,R2,0.8306010928961749,0.9476744186046512,0.896551724137931,-0.05112269446672013
D5,TVAE,R3,0.8715083798882681,0.9476744186046512,0.896551724137931,-0.05112269446672013
D5,CART,R1,0.9590643274853801,0.9476744186046512,0.896551724137931,-0.05112269446672013
D5,CART,R2,0.9476744186046512,0.9476744186046512,0.896551724137931,-0.05112269446672013
D5,CART,R3,0.9590643274853801,0.9476744186046512,0.896551724137931,-0.05112269446672013
D50,TVAE,R1,0.7914438502673797,0.9590643274853801,0.9186046511627907,-0.0404596763225894
D50,TVAE,R2,0.7914438502673797,0.9590643274853801,0.9186046511627907,-0.0404596763225894
D50,TVAE,R3,0.7091836734693877,0.9590643274853801,0.9186046511627907,-0.0404596763225894
D50,CART,R1,0.8611111111111112,0.9590643274853801,0.9186046511627907,-0.0404596763225894
D50,CART,R2,0.8206521739130435,0.9590643274853801,0.9186046511627907,-0.0404596763225894
D50,CART,R3,0.8406593406593407,0.9590643274853801,0.9186046511627907,-0.0404596763225894
D500,TVAE,R1,0.7539267015706806,0.8926553672316384,0.8131868131868132,-0.07946855404482522
D500,TVAE,R2,0.7819148936170213,0.8926553672316384,0.8131868131868132,-0.07946855404482522
D500,TVAE,R3,0.7914438502673797,0.8926553672316384,0.8131868131868132,-0.07946855404482522
D500,CART,R1,0.850828729281768,0.8926553672316384,0.8131868131868132,-0.07946855404482522
D500,CART,R2,0.850828729281768,0.8926553672316384,0.8131868131868132,-0.07946855404482522
D500,CART,R3,0.850828729281768,0.8926553672316384,0.8131868131868132,-0.07946855404482522
D501,TVAE,R1,0.8715083798882681,0.9822485207100592,0.9642857142857143,-0.01796280642434489
D501,TVAE,R2,0.8611111111111112,0.9822485207100592,0.9642857142857143,-0.01796280642434489
D501,TVAE,R3,0.9364161849710982,0.9822485207100592,0.9642857142857143,-0.01796280642434489
D501,CART,R1,0.8108108108108109,0.9822485207100592,0.9642857142857143,-0.01796280642434489
D501,CART,R2,0.8108108108108109,0.9822485207100592,0.9642857142857143,-0.01796280642434489
D501,CART,R3,0.8108108108108109,0.9822485207100592,0.9642857142857143,-0.01796280642434489
D502,TVAE,R1,0.7819148936170213,0.9705882352941176,0.9411764705882353,-0.02941176470588236
D502,TVAE,R2,0.8926553672316384,0.9705882352941176,0.9411764705882353,-0.02941176470588236
D502,TVAE,R3,0.9252873563218391,0.9705882352941176,0.9411764705882353,-0.02941176470588236
D502,CART,R1,0.850828729281768,0.9705882352941176,0.9411764705882353,-0.02941176470588236
D502,CART,R2,0.8406593406593407,0.9705882352941176,0.9411764705882353,-0.02941176470588236
D502,CART,R3,0.8611111111111112,0.9705882352941176,0.9411764705882353,-0.02941176470588236
D503,TVAE,R1,0.8926553672316384,0.9822485207100592,0.9642857142857143,-0.01796280642434489
D503,TVAE,R2,0.9364161849710982,0.9822485207100592,0.9642857142857143,-0.01796280642434489
D503,TVAE,R3,0.850828729281768,0.9822485207100592,0.9642857142857143,-0.01796280642434489
D503,CART,R1,0.9476744186046512,0.9822485207100592,0.9642857142857143,-0.01796280642434489
D503,CART,R2,0.9822485207100592,0.9822485207100592,0.9642857142857143,-0.01796280642434489
D503,CART,R3,0.9940476190476191,0.9822485207100592,0.9642857142857143,-0.01796280642434489
D504,TVAE,R1,0.8306010928961749,0.9590643274853801,0.9186046511627907,-0.0404596763225894
D504,TVAE,R2,0.9142857142857143,0.9590643274853801,0.9186046511627907,-0.0404596763225894
D504,TVAE,R3,0.7268041237113402,0.9590643274853801,0.9186046511627907,-0.0404596763225894
D504,CART,R1,0.9476744186046512,0.9590643274853801,0.9186046511627907,-0.0404596763225894
D504,CART,R2,0.9940476190476191,0.9590643274853801,0.9186046511627907,-0.0404596763225894
D504,CART,R3,0.9590643274853801,0.9590643274853801,0.9186046511627907,-0.0404596763225894
D505,TVAE,R1,0.9252873563218391,0.9940476190476191,0.9879518072289156,-0.006095811818703445
D505,TVAE,R2,0.9705882352941176,0.9940476190476191,0.9879518072289156,-0.006095811818703445
D505,TVAE,R3,0.9822485207100592,0.9940476190476191,0.9879518072289156,-0.006095811818703445
D505,CART,R1,0.9705882352941176,0.9940476190476191,0.9879518072289156,-0.006095811818703445
D505,CART,R2,0.9705882352941176,0.9940476190476191,0.9879518072289156,-0.006095811818703445
D505,CART,R3,0.9705882352941176,0.9940476190476191,0.9879518072289156,-0.006095811818703445
D506,TVAE,R1,0.9364161849710982,0.9822485207100592,0.9411764705882353,-0.04107205012182391
D506,TVAE,R2,0.8715083798882681,0.9822485207100592,0.9411764705882353,-0.04107205012182391
D506,TVAE,R3,0.8820224719101124,0.9822485207100592,0.9411764705882353,-0.04107205012182391
D506,CART,R1,0.8406593406593407,0.9822485207100592,0.9411764705882353,-0.04107205012182391
D506,CART,R2,0.850828729281768,0.9822485207100592,0.9411764705882353,-0.04107205012182391
D506,CART,R3,0.8611111111111112,0.9822485207100592,0.9411764705882353,-0.04107205012182391
D507,TVAE,R1,0.7724867724867724,0.9822485207100592,0.9879518072289156,0.005703286518856432
D507,TVAE,R2,0.8715083798882681,0.9822485207100592,0.9879518072289156,0.005703286518856432
D507,TVAE,R3,0.9252873563218391,0.9822485207100592,0.9879518072289156,0.005703286518856432
D507,CART,R1,0.8108108108108109,0.9822485207100592,0.9879518072289156,0.005703286518856432
D507,CART,R2,0.8306010928961749,0.9822485207100592,0.9879518072289156,0.005703286518856432
D507,CART,R3,0.8206521739130435,0.9822485207100592,0.9879518072289156,0.005703286518856432
D508,TVAE,R1,0.8306010928961749,0.9142857142857143,0.8539325842696629,-0.06035313001605136
D508,TVAE,R2,0.7539267015706806,0.9142857142857143,0.8539325842696629,-0.06035313001605136
D508,TVAE,R3,0.8206521739130435,0.9142857142857143,0.8539325842696629,-0.06035313001605136
D508,CART,R1,0.9252873563218391,0.9142857142857143,0.8539325842696629,-0.06035313001605136
D508,CART,R2,0.8820224719101124,0.9142857142857143,0.8539325842696629,-0.06035313001605136
D508,CART,R3,0.9590643274853801,0.9142857142857143,0.8539325842696629,-0.06035313001605136
D509,TVAE,R1,0.9034090909090909,0.9590643274853801,0.9186046511627907,-0.0404596763225894
D509,TVAE,R2,0.8108108108108109,0.9590643274853801,0.9186046511627907,-0.0404596763225894
D509,TVAE,R3,0.8715083798882681,0.9590643274853801,0.9186046511627907,-0.0404596763225894
D509,CART,R1,0.9142857142857143,0.9590643274853801,0.9186046511627907,-0.0404596763225894
D509,CART,R2,0.9142857142857143,0.9590643274853801,0.9186046511627907,-0.0404596763225894
D509,CART,R3,0.9142857142857143,0.9590643274853801,0.9186046511627907,-0.0404596763225894
D51,TVAE,R1,0.9034090909090909,0.9822485207100592,0.9642857142857143,-0.01796280642434489
D51,TVAE,R2,0.9705882352941176,0.9822485207100592,0.9642857142857143,-0.01796280642434489
D51,TVAE,R3,0.9705882352941176,0.9822485207100592,0.9642857142857143,-0.01796280642434489
D51,CART,R1,0.8926553672316384,0.9822485207100592,0.9642857142857143,-0.01796280642434489
D51,CART,R2,0.8611111111111112,0.9822485207100592,0.9642857142857143,-0.01796280642434489
D51,CART,R3,0.8406593406593407,0.9822485207100592,0.9642857142857143,-0.01796280642434489
D510,TVAE,R1,0.6421568627450981,0.9252873563218391,0.8333333333333334,-0.09195402298850575
D510,TVAE,R2,0.7819148936170213,0.9252873563218391,0.8333333333333334,-0.09195402298850575
D510,TVAE,R3,0.6666666666666666,0.9252873563218391,0.8333333333333334,-0.09195402298850575
D510,CART,R1,0.9364161849710982,0.9252873563218391,0.8333333333333334,-0.09195402298850575
D510,CART,R2,0.9364161849710982,0.9252873563218391,0.8333333333333334,-0.09195402298850575
D510,CART,R3,0.9364161849710982,0.9252873563218391,0.8333333333333334,-0.09195402298850575
D511,TVAE,R1,0.8611111111111112,0.9822485207100592,0.9186046511627907,-0.06364386954726853
D511,TVAE,R2,0.9142857142857143,0.9822485207100592,0.9186046511627907,-0.06364386954726853
D511,TVAE,R3,0.7914438502673797,0.9822485207100592,0.9186046511627907,-0.06364386954726853
D511,CART,R1,0.850828729281768,0.9822485207100592,0.9186046511627907,-0.06364386954726853
D511,CART,R2,0.8108108108108109,0.9822485207100592,0.9186046511627907,-0.06364386954726853
D511,CART,R3,0.8406593406593407,0.9822485207100592,0.9186046511627907,-0.06364386954726853
D512,TVAE,R1,0.700507614213198,0.9822485207100592,0.9411764705882353,-0.04107205012182391
D512,TVAE,R2,0.9364161849710982,0.9822485207100592,0.9411764705882353,-0.04107205012182391
D512,TVAE,R3,0.8820224719101124,0.9822485207100592,0.9411764705882353,-0.04107205012182391
D512,CART,R1,0.9142857142857143,0.9822485207100592,0.9411764705882353,-0.04107205012182391
D512,CART,R2,0.9705882352941176,0.9822485207100592,0.9411764705882353,-0.04107205012182391
D512,CART,R3,0.8926553672316384,0.9822485207100592,0.9411764705882353,-0.04107205012182391
D513,TVAE,R1,0.8356164383561644,0.9940476190476191,0.9879518072289156,-0.006095811818703445
D513,TVAE,R2,0.8559556786703602,0.9940476190476191,0.9879518072289156,-0.006095811818703445
D513,TVAE,R3,0.8820224719101124,0.9940476190476191,0.9879518072289156,-0.006095811818703445
D513,CART,R1,0.9705882352941176,0.9940476190476191,0.9879518072289156,-0.006095811818703445
D513,CART,R2,0.9590643274853801,0.9940476190476191,0.9879518072289156,-0.006095811818703445
D513,CART,R3,0.9533527696793003,0.9940476190476191,0.9879518072289156,-0.006095811818703445
D514,TVAE,R1,0.9705882352941176,0.976401179941003,1.0,0.02359882005899705
D514,TVAE,R2,0.930835734870317,0.976401179941003,1.0,0.02359882005899705
D514,TVAE,R3,0.9533527696793003,0.976401179941003,1.0,0.02359882005899705
D514,CART,R1,0.8980169971671388,0.976401179941003,1.0,0.02359882005899705
D514,CART,R2,0.876750700280112,0.976401179941003,1.0,0.02359882005899705
D514,CART,R3,0.8873239436619719,0.976401179941003,1.0,0.02359882005899705
D515,TVAE,R1,0.9533527696793003,0.9648093841642229,0.9298245614035088,-0.03498482276071413
D515,TVAE,R2,0.930835734870317,0.9648093841642229,0.9298245614035088,-0.03498482276071413
D515,TVAE,R3,0.9705882352941176,0.9648093841642229,0.9298245614035088,-0.03498482276071413
D515,CART,R1,0.9648093841642229,0.9648093841642229,0.9298245614035088,-0.03498482276071413
D515,CART,R2,0.930835734870317,0.9648093841642229,0.9298245614035088,-0.03498482276071413
D515,CART,R3,0.9533527696793003,0.9648093841642229,0.9298245614035088,-0.03498482276071413
D516,TVAE,R1,0.9940476190476191,0.9252873563218391,0.9186046511627907,-0.006682705159048452
D516,TVAE,R2,0.8406593406593407,0.9252873563218391,0.9186046511627907,-0.006682705159048452
D516,TVAE,R3,0.9476744186046512,0.9252873563218391,0.9186046511627907,-0.006682705159048452
D516,CART,R1,0.9252873563218391,0.9252873563218391,0.9186046511627907,-0.006682705159048452
D516,CART,R2,0.9533527696793003,0.9252873563218391,0.9186046511627907,-0.006682705159048452
D516,CART,R3,0.9088319088319088,0.9252873563218391,0.9186046511627907,-0.006682705159048452
D517,TVAE,R1,1.0,0.9476744186046512,0.896551724137931,-0.05112269446672013
D517,TVAE,R2,0.9705882352941176,0.9476744186046512,0.896551724137931,-0.05112269446672013
D517,TVAE,R3,0.9420289855072463,0.9476744186046512,0.896551724137931,-0.05112269446672013
D517,CART,R1,0.9476744186046512,0.9476744186046512,0.896551724137931,-0.05112269446672013
D517,CART,R2,0.8926553672316384,0.9476744186046512,0.896551724137931,-0.05112269446672013
D517,CART,R3,0.8980169971671388,0.9476744186046512,0.896551724137931,-0.05112269446672013
D518,TVAE,R1,0.8559556786703602,0.9940476190476191,0.9879518072289156,-0.006095811818703445
D518,TVAE,R2,0.7962466487935657,0.9940476190476191,0.9879518072289156,-0.006095811818703445
D518,TVAE,R3,0.8010752688172043,0.9940476190476191,0.9879518072289156,-0.006095811818703445
D518,CART,R1,0.9252873563218391,0.9940476190476191,0.9879518072289156,-0.006095811818703445
D518,CART,R2,0.9364161849710982,0.9940476190476191,0.9879518072289156,-0.006095811818703445
D518,CART,R3,0.9420289855072463,0.9940476190476191,0.9879518072289156,-0.006095811818703445
D519,TVAE,R1,0.8406593406593407,0.8980169971671388,0.9526627218934911,0.05464572472635232
D519,TVAE,R2,0.7819148936170213,0.8980169971671388,0.9526627218934911,0.05464572472635232
D519,TVAE,R3,0.717948717948718,0.8980169971671388,0.9526627218934911,0.05464572472635232
D519,CART,R1,0.9476744186046512,0.8980169971671388,0.9526627218934911,0.05464572472635232
D519,CART,R2,0.9648093841642229,0.8980169971671388,0.9526627218934911,0.05464572472635232
D519,CART,R3,0.9034090909090909,0.8980169971671388,0.9526627218934911,0.05464572472635232
D52,TVAE,R1,0.8010752688172043,0.9252873563218391,0.9411764705882353,0.015889114266396165
D52,TVAE,R2,0.9034090909090909,0.9252873563218391,0.9411764705882353,0.015889114266396165
D52,TVAE,R3,0.9705882352941176,0.9252873563218391,0.9411764705882353,0.015889114266396165
D52,CART,R1,0.9142857142857143,0.9252873563218391,0.9411764705882353,0.015889114266396165
D52,CART,R2,0.9034090909090909,0.9252873563218391,0.9411764705882353,0.015889114266396165
D52,CART,R3,0.9142857142857143,0.9252873563218391,0.9411764705882353,0.015889114266396165
D520,TVAE,R1,0.7402597402597403,0.9705882352941176,0.9760479041916168,0.005459668897499159
D520,TVAE,R2,0.7866666666666666,0.9705882352941176,0.9760479041916168,0.005459668897499159
D520,TVAE,R3,0.9088319088319088,0.9705882352941176,0.9760479041916168,0.005459668897499159
D520,CART,R1,0.930835734870317,0.9705882352941176,0.9760479041916168,0.005459668897499159
D520,CART,R2,0.9590643274853801,0.9705882352941176,0.9760479041916168,0.005459668897499159
D520,CART,R3,0.9822485207100592,0.9705882352941176,0.9760479041916168,0.005459668897499159
D521,TVAE,R1,0.9142857142857143,0.976401179941003,0.9526627218934911,-0.023738458047511846
D521,TVAE,R2,0.9364161849710982,0.976401179941003,0.9526627218934911,-0.023738458047511846
D521,TVAE,R3,0.9822485207100592,0.976401179941003,0.9526627218934911,-0.023738458047511846
D521,CART,R1,0.9088319088319088,0.976401179941003,0.9526627218934911,-0.023738458047511846
D521,CART,R2,0.9197707736389685,0.976401179941003,0.9526627218934911,-0.023738458047511846
D521,CART,R3,0.9088319088319088,0.976401179941003,0.9526627218934911,-0.023738458047511846
D522,TVAE,R1,1.0,0.9590643274853801,0.9760479041916168,0.016983576706236736
D522,TVAE,R2,0.9533527696793003,0.9590643274853801,0.9760479041916168,0.016983576706236736
D522,TVAE,R3,1.0,0.9590643274853801,0.9760479041916168,0.016983576706236736
D522,CART,R1,0.930835734870317,0.9590643274853801,0.9760479041916168,0.016983576706236736
D522,CART,R2,0.9420289855072463,0.9590643274853801,0.9760479041916168,0.016983576706236736
D522,CART,R3,0.9940476190476191,0.9590643274853801,0.9760479041916168,0.016983576706236736
D523,TVAE,R1,0.9822485207100592,0.9364161849710982,0.9075144508670521,-0.028901734104046173
D523,TVAE,R2,0.8059299191374663,0.9364161849710982,0.9075144508670521,-0.028901734104046173
D523,TVAE,R3,0.8256130790190735,0.9364161849710982,0.9075144508670521,-0.028901734104046173
D523,CART,R1,0.9088319088319088,0.9364161849710982,0.9075144508670521,-0.028901734104046173
D523,CART,R2,0.876750700280112,0.9364161849710982,0.9075144508670521,-0.028901734104046173
D523,CART,R3,0.9142857142857143,0.9364161849710982,0.9075144508670521,-0.028901734104046173
D524,TVAE,R1,0.8715083798882681,0.9648093841642229,0.9879518072289156,0.02314242306469272
D524,TVAE,R2,0.8157181571815718,0.9648093841642229,0.9879518072289156,0.02314242306469272
D524,TVAE,R3,0.8715083798882681,0.9648093841642229,0.9879518072289156,0.02314242306469272
D524,CART,R1,0.930835734870317,0.9648093841642229,0.9879518072289156,0.02314242306469272
D524,CART,R2,0.9476744186046512,0.9648093841642229,0.9879518072289156,0.02314242306469272
D524,CART,R3,0.930835734870317,0.9648093841642229,0.9879518072289156,0.02314242306469272
D525,TVAE,R1,0.8559556786703602,0.9648093841642229,0.9298245614035088,-0.03498482276071413
D525,TVAE,R2,0.9034090909090909,0.9648093841642229,0.9298245614035088,-0.03498482276071413
D525,TVAE,R3,0.9705882352941176,0.9648093841642229,0.9298245614035088,-0.03498482276071413
D525,CART,R1,0.8059299191374663,0.9648093841642229,0.9298245614035088,-0.03498482276071413
D525,CART,R2,0.7493472584856397,0.9648093841642229,0.9298245614035088,-0.03498482276071413
D525,CART,R3,0.8559556786703602,0.9648093841642229,0.9298245614035088,-0.03498482276071413
D526,TVAE,R1,0.9142857142857143,0.9252873563218391,0.864406779661017,-0.06088057666082214
D526,TVAE,R2,0.8559556786703602,0.9252873563218391,0.864406779661017,-0.06088057666082214
D526,TVAE,R3,0.8715083798882681,0.9252873563218391,0.864406779661017,-0.06088057666082214
D526,CART,R1,0.8873239436619719,0.9252873563218391,0.864406779661017,-0.06088057666082214
D526,CART,R2,0.9420289855072463,0.9252873563218391,0.864406779661017,-0.06088057666082214
D526,CART,R3,0.9088319088319088,0.9252873563218391,0.864406779661017,-0.06088057666082214
D527,TVAE,R1,0.8559556786703602,1.0,0.8032786885245902,-0.19672131147540983
D527,TVAE,R2,0.9648093841642229,1.0,0.8032786885245902,-0.19672131147540983
D527,TVAE,R3,0.876750700280112,1.0,0.8032786885245902,-0.19672131147540983
D527,CART,R1,0.7866666666666666,1.0,0.8032786885245902,-0.19672131147540983
D527,CART,R2,0.850828729281768,1.0,0.8032786885245902,-0.19672131147540983
D527,CART,R3,0.8873239436619719,1.0,0.8032786885245902,-0.19672131147540983
D528,TVAE,R1,0.9881305637982196,0.9533527696793003,0.9186046511627907,-0.03474811851650961
D528,TVAE,R2,0.8820224719101124,0.9533527696793003,0.9186046511627907,-0.03474811851650961
D528,TVAE,R3,0.9088319088319088,0.9533527696793003,0.9186046511627907,-0.03474811851650961
D528,CART,R1,0.976401179941003,0.9533527696793003,0.9186046511627907,-0.03474811851650961
D528,CART,R2,0.9940476190476191,0.9533527696793003,0.9186046511627907,-0.03474811851650961
D528,CART,R3,0.9476744186046512,0.9533527696793003,0.9186046511627907,-0.03474811851650961
D529,TVAE,R1,0.7914438502673797,0.9420289855072463,0.8857142857142857,-0.056314699792960665
D529,TVAE,R2,0.7866666666666666,0.9420289855072463,0.8857142857142857,-0.056314699792960665
D529,TVAE,R3,0.976401179941003,0.9420289855072463,0.8857142857142857,-0.056314699792960665
D529,CART,R1,0.8457300275482094,0.9420289855072463,0.8857142857142857,-0.056314699792960665
D529,CART,R2,0.850828729281768,0.9420289855072463,0.8857142857142857,-0.056314699792960665
D529,CART,R3,0.8457300275482094,0.9420289855072463,0.8857142857142857,-0.056314699792960665
D53,TVAE,R1,0.8926553672316384,0.8926553672316384,0.7934782608695652,-0.09917710636207322
D53,TVAE,R2,0.7819148936170213,0.8926553672316384,0.7934782608695652,-0.09917710636207322
D53,TVAE,R3,0.8715083798882681,0.8926553672316384,0.7934782608695652,-0.09917710636207322
D53,CART,R1,0.9590643274853801,0.8926553672316384,0.7934782608695652,-0.09917710636207322
D53,CART,R2,0.9252873563218391,0.8926553672316384,0.7934782608695652,-0.09917710636207322
D53,CART,R3,0.9034090909090909,0.8926553672316384,0.7934782608695652,-0.09917710636207322
D530,TVAE,R1,0.8611111111111112,0.9590643274853801,0.9642857142857143,0.005221386800334238
D530,TVAE,R2,0.8059299191374663,0.9590643274853801,0.9642857142857143,0.005221386800334238
D530,TVAE,R3,0.9940476190476191,0.9590643274853801,0.9642857142857143,0.005221386800334238
D530,CART,R1,0.9822485207100592,0.9590643274853801,0.9642857142857143,0.005221386800334238
D530,CART,R2,0.976401179941003,0.9590643274853801,0.9642857142857143,0.005221386800334238
D530,CART,R3,0.976401179941003,0.9590643274853801,0.9642857142857143,0.005221386800334238
D531,TVAE,R1,0.9822485207100592,1.0,0.8131868131868132,-0.18681318681318682
D531,TVAE,R2,0.9648093841642229,1.0,0.8131868131868132,-0.18681318681318682
D531,TVAE,R3,0.8980169971671388,1.0,0.8131868131868132,-0.18681318681318682
D531,CART,R1,0.9476744186046512,1.0,0.8131868131868132,-0.18681318681318682
D531,CART,R2,0.9940476190476191,1.0,0.8131868131868132,-0.18681318681318682
D531,CART,R3,0.9940476190476191,1.0,0.8131868131868132,-0.18681318681318682
D532,TVAE,R1,0.8926553672316384,0.9940476190476191,0.8131868131868132,-0.18086080586080588
D532,TVAE,R2,0.9420289855072463,0.9940476190476191,0.8131868131868132,-0.18086080586080588
D532,TVAE,R3,1.0,0.9940476190476191,0.8131868131868132,-0.18086080586080588
D532,CART,R1,0.9197707736389685,0.9940476190476191,0.8131868131868132,-0.18086080586080588
D532,CART,R2,0.9648093841642229,0.9940476190476191,0.8131868131868132,-0.18086080586080588
D532,CART,R3,0.9088319088319088,0.9940476190476191,0.8131868131868132,-0.18086080586080588
D533,TVAE,R1,0.8457300275482094,0.9822485207100592,0.9642857142857143,-0.01796280642434489
D533,TVAE,R2,0.8820224719101124,0.9822485207100592,0.9642857142857143,-0.01796280642434489
D533,TVAE,R3,0.8715083798882681,0.9822485207100592,0.9642857142857143,-0.01796280642434489
D533,CART,R1,0.930835734870317,0.9822485207100592,0.9642857142857143,-0.01796280642434489
D533,CART,R2,0.9881305637982196,0.9822485207100592,0.9642857142857143,-0.01796280642434489
D533,CART,R3,0.9364161849710982,0.9822485207100592,0.9642857142857143,-0.01796280642434489
D534,TVAE,R1,0.8157181571815718,0.9364161849710982,0.9075144508670521,-0.028901734104046173
D534,TVAE,R2,0.8157181571815718,0.9364161849710982,0.9075144508670521,-0.028901734104046173
D534,TVAE,R3,0.8157181571815718,0.9364161849710982,0.9075144508670521,-0.028901734104046173
D534,CART,R1,0.9252873563218391,0.9364161849710982,0.9075144508670521,-0.028901734104046173
D534,CART,R2,0.9364161849710982,0.9364161849710982,0.9075144508670521,-0.028901734104046173
D534,CART,R3,0.9252873563218391,0.9364161849710982,0.9075144508670521,-0.028901734104046173
D535,TVAE,R1,0.7678100263852242,0.9940476190476191,0.9075144508670521,-0.086533168180567
D535,TVAE,R2,0.8010752688172043,0.9940476190476191,0.9075144508670521,-0.086533168180567
D535,TVAE,R3,0.8306010928961749,0.9940476190476191,0.9075144508670521,-0.086533168180567
D535,CART,R1,0.9142857142857143,0.9940476190476191,0.9075144508670521,-0.086533168180567
D535,CART,R2,0.9590643274853801,0.9940476190476191,0.9075144508670521,-0.086533168180567
D535,CART,R3,0.8662952646239555,0.9940476190476191,0.9075144508670521,-0.086533168180567
D536,TVAE,R1,0.7866666666666666,0.9648093841642229,0.9642857142857143,-0.0005236698785086036
D536,TVAE,R2,0.976401179941003,0.9648093841642229,0.9642857142857143,-0.0005236698785086036
D536,TVAE,R3,0.7539267015706806,0.9648093841642229,0.9642857142857143,-0.0005236698785086036
D536,CART,R1,0.976401179941003,0.9648093841642229,0.9642857142857143,-0.0005236698785086036
D536,CART,R2,0.9590643274853801,0.9648093841642229,0.9642857142857143,-0.0005236698785086036
D536,CART,R3,0.930835734870317,0.9648093841642229,0.9642857142857143,-0.0005236698785086036
D537,TVAE,R1,0.9252873563218391,0.9881305637982196,0.9760479041916168,-0.012082659606602819
D537,TVAE,R2,0.8715083798882681,0.9881305637982196,0.9760479041916168,-0.012082659606602819
D537,TVAE,R3,0.9940476190476191,0.9881305637982196,0.9760479041916168,-0.012082659606602819
D537,CART,R1,0.9252873563218391,0.9881305637982196,0.9760479041916168,-0.012082659606602819
D537,CART,R2,0.8873239436619719,0.9881305637982196,0.9760479041916168,-0.012082659606602819
D537,CART,R3,0.9420289855072463,0.9881305637982196,0.9760479041916168,-0.012082659606602819
D538,TVAE,R1,0.9142857142857143,0.9705882352941176,0.9760479041916168,0.005459668897499159
D538,TVAE,R2,1.0,0.9705882352941176,0.9760479041916168,0.005459668897499159
D538,TVAE,R3,0.930835734870317,0.9705882352941176,0.9760479041916168,0.005459668897499159
D538,CART,R1,0.9940476190476191,0.9705882352941176,0.9760479041916168,0.005459668897499159
D538,CART,R2,0.9881305637982196,0.9705882352941176,0.9760479041916168,0.005459668897499159
D538,CART,R3,0.9881305637982196,0.9705882352941176,0.9760479041916168,0.005459668897499159
D539,TVAE,R1,0.9420289855072463,0.9940476190476191,0.7934782608695652,-0.20056935817805388
D539,TVAE,R2,0.8356164383561644,0.9940476190476191,0.7934782608695652,-0.20056935817805388
D539,TVAE,R3,0.930835734870317,0.9940476190476191,0.7934782608695652,-0.20056935817805388
D539,CART,R1,0.9940476190476191,0.9940476190476191,0.7934782608695652,-0.20056935817805388
D539,CART,R2,0.9476744186046512,0.9940476190476191,0.7934782608695652,-0.20056935817805388
D539,CART,R3,0.9881305637982196,0.9940476190476191,0.7934782608695652,-0.20056935817805388
D54,TVAE,R1,0.9822485207100592,0.9364161849710982,0.896551724137931,-0.03986446083316719
D54,TVAE,R2,0.7539267015706806,0.9364161849710982,0.896551724137931,-0.03986446083316719
D54,TVAE,R3,0.7539267015706806,0.9364161849710982,0.896551724137931,-0.03986446083316719
D54,CART,R1,0.9476744186046512,0.9364161849710982,0.896551724137931,-0.03986446083316719
D54,CART,R2,0.9590643274853801,0.9364161849710982,0.896551724137931,-0.03986446083316719
D54,CART,R3,0.9252873563218391,0.9364161849710982,0.896551724137931,-0.03986446083316719
D540,TVAE,R1,0.9648093841642229,0.9648093841642229,0.864406779661017,-0.10040260450320593
D540,TVAE,R2,0.9648093841642229,0.9648093841642229,0.864406779661017,-0.10040260450320593
D540,TVAE,R3,1.0,0.9648093841642229,0.864406779661017,-0.10040260450320593
D540,CART,R1,0.930835734870317,0.9648093841642229,0.864406779661017,-0.10040260450320593
D540,CART,R2,0.8980169971671388,0.9648093841642229,0.864406779661017,-0.10040260450320593
D540,CART,R3,0.9364161849710982,0.9648093841642229,0.864406779661017,-0.10040260450320593
D541,TVAE,R1,0.9533527696793003,0.976401179941003,0.9526627218934911,-0.023738458047511846
D541,TVAE,R2,0.976401179941003,0.976401179941003,0.9526627218934911,-0.023738458047511846
D541,TVAE,R3,0.9705882352941176,0.976401179941003,0.9526627218934911,-0.023738458047511846
D541,CART,R1,0.8457300275482094,0.976401179941003,0.9526627218934911,-0.023738458047511846
D541,CART,R2,0.8457300275482094,0.976401179941003,0.9526627218934911,-0.023738458047511846
D541,CART,R3,0.8559556786703602,0.976401179941003,0.9526627218934911,-0.023738458047511846
D542,TVAE,R1,0.8406593406593407,0.9476744186046512,0.9186046511627907,-0.029069767441860517
D542,TVAE,R2,0.8873239436619719,0.9476744186046512,0.9186046511627907,-0.029069767441860517
D542,TVAE,R3,0.8662952646239555,0.9476744186046512,0.9186046511627907,-0.029069767441860517
D542,CART,R1,0.9590643274853801,0.9476744186046512,0.9186046511627907,-0.029069767441860517
D542,CART,R2,0.9476744186046512,0.9476744186046512,0.9186046511627907,-0.029069767441860517
D542,CART,R3,0.9940476190476191,0.9476744186046512,0.9186046511627907,-0.029069767441860517
D543,TVAE,R1,0.7724867724867724,0.9940476190476191,0.9879518072289156,-0.006095811818703445
D543,TVAE,R2,0.8306010928961749,0.9940476190476191,0.9879518072289156,-0.006095811818703445
D543,TVAE,R3,0.6708229426433915,0.9940476190476191,0.9879518072289156,-0.006095811818703445
D543,CART,R1,0.8873239436619719,0.9940476190476191,0.9879518072289156,-0.006095811818703445
D543,CART,R2,0.9088319088319088,0.9940476190476191,0.9879518072289156,-0.006095811818703445
D543,CART,R3,0.8926553672316384,0.9940476190476191,0.9879518072289156,-0.006095811818703445
D544,TVAE,R1,0.8059299191374663,0.9648093841642229,0.9186046511627907,-0.04620473300143224
D544,TVAE,R2,0.7447916666666666,0.9648093841642229,0.9186046511627907,-0.04620473300143224
D544,TVAE,R3,0.7914438502673797,0.9648093841642229,0.9186046511627907,-0.04620473300143224
D544,CART,R1,1.0,0.9648093841642229,0.9186046511627907,-0.04620473300143224
D544,CART,R2,0.9533527696793003,0.9648093841642229,0.9186046511627907,-0.04620473300143224
D544,CART,R3,0.9420289855072463,0.9648093841642229,0.9186046511627907,-0.04620473300143224
D545,TVAE,R1,0.8256130790190735,0.9940476190476191,0.9879518072289156,-0.006095811818703445
D545,TVAE,R2,0.876750700280112,0.9940476190476191,0.9879518072289156,-0.006095811818703445
D545,TVAE,R3,0.8457300275482094,0.9940476190476191,0.9879518072289156,-0.006095811818703445
D545,CART,R1,0.9705882352941176,0.9940476190476191,0.9879518072289156,-0.006095811818703445
D545,CART,R2,0.9590643274853801,0.9940476190476191,0.9879518072289156,-0.006095811818703445
D545,CART,R3,0.9648093841642229,0.9940476190476191,0.9879518072289156,-0.006095811818703445
D546,TVAE,R1,0.9476744186046512,0.976401179941003,1.0,0.02359882005899705
D546,TVAE,R2,0.9197707736389685,0.976401179941003,1.0,0.02359882005899705
D546,TVAE,R3,0.9533527696793003,0.976401179941003,1.0,0.02359882005899705
D546,CART,R1,0.8926553672316384,0.976401179941003,1.0,0.02359882005899705
D546,CART,R2,0.8873239436619719,0.976401179941003,1.0,0.02359882005899705
D546,CART,R3,0.8873239436619719,0.976401179941003,1.0,0.02359882005899705
D547,TVAE,R1,0.9940476190476191,0.9648093841642229,0.9298245614035088,-0.03498482276071413
D547,TVAE,R2,0.9476744186046512,0.9648093841642229,0.9298245614035088,-0.03498482276071413
D547,TVAE,R3,0.9822485207100592,0.9648093841642229,0.9298245614035088,-0.03498482276071413
D547,CART,R1,0.930835734870317,0.9648093841642229,0.9298245614035088,-0.03498482276071413
D547,CART,R2,0.976401179941003,0.9648093841642229,0.9298245614035088,-0.03498482276071413
D547,CART,R3,0.9648093841642229,0.9648093841642229,0.9298245614035088,-0.03498482276071413
D548,TVAE,R1,0.6834170854271356,0.9252873563218391,0.9186046511627907,-0.006682705159048452
D548,TVAE,R2,0.8157181571815718,0.9252873563218391,0.9186046511627907,-0.006682705159048452
D548,TVAE,R3,0.8157181571815718,0.9252873563218391,0.9186046511627907,-0.006682705159048452
D548,CART,R1,0.9364161849710982,0.9252873563218391,0.9186046511627907,-0.006682705159048452
D548,CART,R2,0.9034090909090909,0.9252873563218391,0.9186046511627907,-0.006682705159048452
D548,CART,R3,0.9533527696793003,0.9252873563218391,0.9186046511627907,-0.006682705159048452
D549,TVAE,R1,0.8157181571815718,0.9476744186046512,0.896551724137931,-0.05112269446672013
D549,TVAE,R2,0.9590643274853801,0.9476744186046512,0.896551724137931,-0.05112269446672013
D549,TVAE,R3,0.9034090909090909,0.9476744186046512,0.896551724137931,-0.05112269446672013
D549,CART,R1,0.8926553672316384,0.9476744186046512,0.896551724137931,-0.05112269446672013
D549,CART,R2,0.8873239436619719,0.9476744186046512,0.896551724137931,-0.05112269446672013
D549,CART,R3,0.9034090909090909,0.9476744186046512,0.896551724137931,-0.05112269446672013
D55,TVAE,R1,0.9364161849710982,0.9590643274853801,0.9186046511627907,-0.0404596763225894
D55,TVAE,R2,0.8306010928961749,0.9590643274853801,0.9186046511627907,-0.0404596763225894
D55,TVAE,R3,0.8206521739130435,0.9590643274853801,0.9186046511627907,-0.0404596763225894
D55,CART,R1,0.8715083798882681,0.9590643274853801,0.9186046511627907,-0.0404596763225894
D55,CART,R2,0.8108108108108109,0.9590643274853801,0.9186046511627907,-0.0404596763225894
D55,CART,R3,0.8406593406593407,0.9590643274853801,0.9186046511627907,-0.0404596763225894
D550,TVAE,R1,0.8559556786703602,0.9940476190476191,0.9879518072289156,-0.006095811818703445
D550,TVAE,R2,0.9940476190476191,0.9940476190476191,0.9879518072289156,-0.006095811818703445
D550,TVAE,R3,0.850828729281768,0.9940476190476191,0.9879518072289156,-0.006095811818703445
D550,CART,R1,0.930835734870317,0.9940476190476191,0.9879518072289156,-0.006095811818703445
D550,CART,R2,0.930835734870317,0.9940476190476191,0.9879518072289156,-0.006095811818703445
D550,CART,R3,0.9364161849710982,0.9940476190476191,0.9879518072289156,-0.006095811818703445
D551,TVAE,R1,0.7585301837270341,0.8980169971671388,0.9526627218934911,0.05464572472635232
D551,TVAE,R2,0.8108108108108109,0.8980169971671388,0.9526627218934911,0.05464572472635232
D551,TVAE,R3,0.717948717948718,0.8980169971671388,0.9526627218934911,0.05464572472635232
D551,CART,R1,0.9364161849710982,0.8980169971671388,0.9526627218934911,0.05464572472635232
D551,CART,R2,0.9705882352941176,0.8980169971671388,0.9526627218934911,0.05464572472635232
D551,CART,R3,0.9533527696793003,0.8980169971671388,0.9526627218934911,0.05464572472635232
D552,TVAE,R1,0.8926553672316384,0.9705882352941176,0.9760479041916168,0.005459668897499159
D552,TVAE,R2,0.8611111111111112,0.9705882352941176,0.9760479041916168,0.005459668897499159
D552,TVAE,R3,0.930835734870317,0.9705882352941176,0.9760479041916168,0.005459668897499159
D552,CART,R1,0.9476744186046512,0.9705882352941176,0.9760479041916168,0.005459668897499159
D552,CART,R2,0.9533527696793003,0.9705882352941176,0.9760479041916168,0.005459668897499159
D552,CART,R3,0.9533527696793003,0.9705882352941176,0.9760479041916168,0.005459668897499159
D553,TVAE,R1,0.9034090909090909,0.976401179941003,0.9526627218934911,-0.023738458047511846
D553,TVAE,R2,0.9533527696793003,0.976401179941003,0.9526627218934911,-0.023738458047511846
D553,TVAE,R3,0.9705882352941176,0.976401179941003,0.9526627218934911,-0.023738458047511846
D553,CART,R1,0.9088319088319088,0.976401179941003,0.9526627218934911,-0.023738458047511846
D553,CART,R2,0.9197707736389685,0.976401179941003,0.9526627218934911,-0.023738458047511846
D553,CART,R3,0.9034090909090909,0.976401179941003,0.9526627218934911,-0.023738458047511846
D554,TVAE,R1,0.8306010928961749,0.9590643274853801,0.9760479041916168,0.016983576706236736
D554,TVAE,R2,0.9648093841642229,0.9590643274853801,0.9760479041916168,0.016983576706236736
D554,TVAE,R3,0.9420289855072463,0.9590643274853801,0.9760479041916168,0.016983576706236736
D554,CART,R1,0.9364161849710982,0.9590643274853801,0.9760479041916168,0.016983576706236736
D554,CART,R2,0.9533527696793003,0.9590643274853801,0.9760479041916168,0.016983576706236736
D554,CART,R3,0.9590643274853801,0.9590643274853801,0.9760479041916168,0.016983576706236736
D555,TVAE,R1,0.9705882352941176,0.9364161849710982,0.9075144508670521,-0.028901734104046173
D555,TVAE,R2,0.9533527696793003,0.9364161849710982,0.9075144508670521,-0.028901734104046173
D555,TVAE,R3,0.9881305637982196,0.9364161849710982,0.9075144508670521,-0.028901734104046173
D555,CART,R1,0.930835734870317,0.9364161849710982,0.9075144508670521,-0.028901734104046173
D555,CART,R2,0.930835734870317,0.9364161849710982,0.9075144508670521,-0.028901734104046173
D555,CART,R3,0.9088319088319088,0.9364161849710982,0.9075144508670521,-0.028901734104046173
D556,TVAE,R1,0.8457300275482094,0.9648093841642229,0.9879518072289156,0.02314242306469272
D556,TVAE,R2,0.850828729281768,0.9648093841642229,0.9879518072289156,0.02314242306469272
D556,TVAE,R3,0.8662952646239555,0.9648093841642229,0.9879518072289156,0.02314242306469272
D556,CART,R1,0.9420289855072463,0.9648093841642229,0.9879518072289156,0.02314242306469272
D556,CART,R2,0.930835734870317,0.9648093841642229,0.9879518072289156,0.02314242306469272
D556,CART,R3,0.9088319088319088,0.9648093841642229,0.9879518072289156,0.02314242306469272
D557,TVAE,R1,0.9420289855072463,0.9648093841642229,0.9298245614035088,-0.03498482276071413
D557,TVAE,R2,0.8873239436619719,0.9648093841642229,0.9298245614035088,-0.03498482276071413
D557,TVAE,R3,0.9252873563218391,0.9648093841642229,0.9298245614035088,-0.03498482276071413
D557,CART,R1,0.7402597402597403,0.9648093841642229,0.9298245614035088,-0.03498482276071413
D557,CART,R2,0.8157181571815718,0.9648093841642229,0.9298245614035088,-0.03498482276071413
D557,CART,R3,0.8206521739130435,0.9648093841642229,0.9298245614035088,-0.03498482276071413
D558,TVAE,R1,0.7493472584856397,0.9252873563218391,0.864406779661017,-0.06088057666082214
D558,TVAE,R2,0.9252873563218391,0.9252873563218391,0.864406779661017,-0.06088057666082214
D558,TVAE,R3,0.9252873563218391,0.9252873563218391,0.864406779661017,-0.06088057666082214
D558,CART,R1,0.9034090909090909,0.9252873563218391,0.864406779661017,-0.06088057666082214
D558,CART,R2,0.9364161849710982,0.9252873563218391,0.864406779661017,-0.06088057666082214
D558,CART,R3,0.876750700280112,0.9252873563218391,0.864406779661017,-0.06088057666082214
D559,TVAE,R1,0.9822485207100592,1.0,0.8032786885245902,-0.19672131147540983
D559,TVAE,R2,0.9881305637982196,1.0,0.8032786885245902,-0.19672131147540983
D559,TVAE,R3,0.9881305637982196,1.0,0.8032786885245902,-0.19672131147540983
D559,CART,R1,0.8662952646239555,1.0,0.8032786885245902,-0.19672131147540983
D559,CART,R2,0.850828729281768,1.0,0.8032786885245902,-0.19672131147540983
D559,CART,R3,0.8306010928961749,1.0,0.8032786885245902,-0.19672131147540983
D56,TVAE,R1,0.9252873563218391,0.9364161849710982,0.9186046511627907,-0.017811533808307578
D56,TVAE,R2,0.7631578947368421,0.9364161849710982,0.9186046511627907,-0.017811533808307578
D56,TVAE,R3,0.7819148936170213,0.9364161849710982,0.9186046511627907,-0.017811533808307578
D56,CART,R1,0.850828729281768,0.9364161849710982,0.9186046511627907,-0.017811533808307578
D56,CART,R2,0.8406593406593407,0.9364161849710982,0.9186046511627907,-0.017811533808307578
D56,CART,R3,0.9034090909090909,0.9364161849710982,0.9186046511627907,-0.017811533808307578
D560,TVAE,R1,0.9364161849710982,0.9533527696793003,0.9186046511627907,-0.03474811851650961
D560,TVAE,R2,0.9364161849710982,0.9533527696793003,0.9186046511627907,-0.03474811851650961
D560,TVAE,R3,0.9364161849710982,0.9533527696793003,0.9186046511627907,-0.03474811851650961
D560,CART,R1,0.9881305637982196,0.9533527696793003,0.9186046511627907,-0.03474811851650961
D560,CART,R2,0.9476744186046512,0.9533527696793003,0.9186046511627907,-0.03474811851650961
D560,CART,R3,0.9822485207100592,0.9533527696793003,0.9186046511627907,-0.03474811851650961
D561,TVAE,R1,0.9476744186046512,0.9420289855072463,0.8857142857142857,-0.056314699792960665
D561,TVAE,R2,0.9881305637982196,0.9420289855072463,0.8857142857142857,-0.056314699792960665
D561,TVAE,R3,0.9590643274853801,0.9420289855072463,0.8857142857142857,-0.056314699792960665
D561,CART,R1,0.850828729281768,0.9420289855072463,0.8857142857142857,-0.056314699792960665
D561,CART,R2,0.850828729281768,0.9420289855072463,0.8857142857142857,-0.056314699792960665
D561,CART,R3,0.850828729281768,0.9420289855072463,0.8857142857142857,-0.056314699792960665
D562,TVAE,R1,0.930835734870317,0.9590643274853801,0.9642857142857143,0.005221386800334238
D562,TVAE,R2,0.9590643274853801,0.9590643274853801,0.9642857142857143,0.005221386800334238
D562,TVAE,R3,0.9088319088319088,0.9590643274853801,0.9642857142857143,0.005221386800334238
D562,CART,R1,0.976401179941003,0.9590643274853801,0.9642857142857143,0.005221386800334238
D562,CART,R2,0.9705882352941176,0.9590643274853801,0.9642857142857143,0.005221386800334238
D562,CART,R3,0.976401179941003,0.9590643274853801,0.9642857142857143,0.005221386800334238
D563,TVAE,R1,0.8457300275482094,1.0,0.8131868131868132,-0.18681318681318682
D563,TVAE,R2,0.8256130790190735,1.0,0.8131868131868132,-0.18681318681318682
D563,TVAE,R3,0.930835734870317,1.0,0.8131868131868132,-0.18681318681318682
D563,CART,R1,0.9881305637982196,1.0,0.8131868131868132,-0.18681318681318682
D563,CART,R2,0.9940476190476191,1.0,0.8131868131868132,-0.18681318681318682
D563,CART,R3,0.9533527696793003,1.0,0.8131868131868132,-0.18681318681318682
D564,TVAE,R1,0.9476744186046512,0.9940476190476191,0.8131868131868132,-0.18086080586080588
D564,TVAE,R2,0.850828729281768,0.9940476190476191,0.8131868131868132,-0.18086080586080588
D564,TVAE,R3,1.0,0.9940476190476191,0.8131868131868132,-0.18086080586080588
D564,CART,R1,0.9034090909090909,0.9940476190476191,0.8131868131868132,-0.18086080586080588
D564,CART,R2,0.9197707736389685,0.9940476190476191,0.8131868131868132,-0.18086080586080588
D564,CART,R3,0.9420289855072463,0.9940476190476191,0.8131868131868132,-0.18086080586080588
D565,TVAE,R1,0.9648093841642229,0.9822485207100592,0.9642857142857143,-0.01796280642434489
D565,TVAE,R2,0.8662952646239555,0.9822485207100592,0.9642857142857143,-0.01796280642434489
D565,TVAE,R3,0.8926553672316384,0.9822485207100592,0.9642857142857143,-0.01796280642434489
D565,CART,R1,0.9476744186046512,0.9822485207100592,0.9642857142857143,-0.01796280642434489
D565,CART,R2,0.9590643274853801,0.9822485207100592,0.9642857142857143,-0.01796280642434489
D565,CART,R3,0.9533527696793003,0.9822485207100592,0.9642857142857143,-0.01796280642434489
D566,TVAE,R1,0.9940476190476191,0.9364161849710982,0.9075144508670521,-0.028901734104046173
D566,TVAE,R2,0.9648093841642229,0.9364161849710982,0.9075144508670521,-0.028901734104046173
D566,TVAE,R3,0.8926553672316384,0.9364161849710982,0.9075144508670521,-0.028901734104046173
D566,CART,R1,0.9420289855072463,0.9364161849710982,0.9075144508670521,-0.028901734104046173
D566,CART,R2,0.9533527696793003,0.9364161849710982,0.9075144508670521,-0.028901734104046173
D566,CART,R3,0.930835734870317,0.9364161849710982,0.9075144508670521,-0.028901734104046173
D567,TVAE,R1,0.9252873563218391,0.9940476190476191,0.9075144508670521,-0.086533168180567
D567,TVAE,R2,0.8406593406593407,0.9940476190476191,0.9075144508670521,-0.086533168180567
D567,TVAE,R3,0.7962466487935657,0.9940476190476191,0.9075144508670521,-0.086533168180567
D567,CART,R1,0.9142857142857143,0.9940476190476191,0.9075144508670521,-0.086533168180567
D567,CART,R2,0.930835734870317,0.9940476190476191,0.9075144508670521,-0.086533168180567
D567,CART,R3,0.9197707736389685,0.9940476190476191,0.9075144508670521,-0.086533168180567
D568,TVAE,R1,0.8715083798882681,0.9648093841642229,0.9642857142857143,-0.0005236698785086036
D568,TVAE,R2,0.9364161849710982,0.9648093841642229,0.9642857142857143,-0.0005236698785086036
D568,TVAE,R3,0.976401179941003,0.9648093841642229,0.9642857142857143,-0.0005236698785086036
D568,CART,R1,0.9881305637982196,0.9648093841642229,0.9642857142857143,-0.0005236698785086036
D568,CART,R2,0.9590643274853801,0.9648093841642229,0.9642857142857143,-0.0005236698785086036
D568,CART,R3,0.9822485207100592,0.9648093841642229,0.9642857142857143,-0.0005236698785086036
D569,TVAE,R1,0.9590643274853801,0.9881305637982196,0.9760479041916168,-0.012082659606602819
D569,TVAE,R2,0.9197707736389685,0.9881305637982196,0.9760479041916168,-0.012082659606602819
D569,TVAE,R3,0.9420289855072463,0.9881305637982196,0.9760479041916168,-0.012082659606602819
D569,CART,R1,0.9252873563218391,0.9881305637982196,0.9760479041916168,-0.012082659606602819
D569,CART,R2,0.9142857142857143,0.9881305637982196,0.9760479041916168,-0.012082659606602819
D569,CART,R3,0.9197707736389685,0.9881305637982196,0.9760479041916168,-0.012082659606602819
D57,TVAE,R1,0.9705882352941176,0.9705882352941176,0.9411764705882353,-0.02941176470588236
D57,TVAE,R2,0.9252873563218391,0.9705882352941176,0.9411764705882353,-0.02941176470588236
D57,TVAE,R3,0.7631578947368421,0.9705882352941176,0.9411764705882353,-0.02941176470588236
D57,CART,R1,0.8206521739130435,0.9705882352941176,0.9411764705882353,-0.02941176470588236
D57,CART,R2,0.8611111111111112,0.9705882352941176,0.9411764705882353,-0.02941176470588236
D57,CART,R3,0.8306010928961749,0.9705882352941176,0.9411764705882353,-0.02941176470588236
D570,TVAE,R1,0.976401179941003,0.9705882352941176,0.9760479041916168,0.005459668897499159
D570,TVAE,R2,0.9822485207100592,0.9705882352941176,0.9760479041916168,0.005459668897499159
D570,TVAE,R3,0.8256130790190735,0.9705882352941176,0.9760479041916168,0.005459668897499159
D570,CART,R1,1.0,0.9705882352941176,0.9760479041916168,0.005459668897499159
D570,CART,R2,0.9822485207100592,0.9705882352941176,0.9760479041916168,0.005459668897499159
D570,CART,R3,1.0,0.9705882352941176,0.9760479041916168,0.005459668897499159
D571,TVAE,R1,0.8559556786703602,0.9940476190476191,0.7934782608695652,-0.20056935817805388
D571,TVAE,R2,0.8926553672316384,0.9940476190476191,0.7934782608695652,-0.20056935817805388
D571,TVAE,R3,1.0,0.9940476190476191,0.7934782608695652,-0.20056935817805388
D571,CART,R1,0.9822485207100592,0.9940476190476191,0.7934782608695652,-0.20056935817805388
D571,CART,R2,0.9705882352941176,0.9940476190476191,0.7934782608695652,-0.20056935817805388
D571,CART,R3,0.930835734870317,0.9940476190476191,0.7934782608695652,-0.20056935817805388
D572,TVAE,R1,0.9476744186046512,0.9648093841642229,0.864406779661017,-0.10040260450320593
D572,TVAE,R2,0.976401179941003,0.9648093841642229,0.864406779661017,-0.10040260450320593
D572,TVAE,R3,0.9197707736389685,0.9648093841642229,0.864406779661017,-0.10040260450320593
D572,CART,R1,0.9420289855072463,0.9648093841642229,0.864406779661017,-0.10040260450320593
D572,CART,R2,0.9034090909090909,0.9648093841642229,0.864406779661017,-0.10040260450320593
D572,CART,R3,0.8926553672316384,0.9648093841642229,0.864406779661017,-0.10040260450320593
D573,TVAE,R1,0.9476744186046512,0.976401179941003,0.9526627218934911,-0.023738458047511846
D573,TVAE,R2,0.9822485207100592,0.976401179941003,0.9526627218934911,-0.023738458047511846
D573,TVAE,R3,0.9881305637982196,0.976401179941003,0.9526627218934911,-0.023738458047511846
D573,CART,R1,0.8715083798882681,0.976401179941003,0.9526627218934911,-0.023738458047511846
D573,CART,R2,0.9142857142857143,0.976401179941003,0.9526627218934911,-0.023738458047511846
D573,CART,R3,0.8206521739130435,0.976401179941003,0.9526627218934911,-0.023738458047511846
D574,TVAE,R1,0.7585301837270341,0.9476744186046512,0.9186046511627907,-0.029069767441860517
D574,TVAE,R2,0.7493472584856397,0.9476744186046512,0.9186046511627907,-0.029069767441860517
D574,TVAE,R3,0.8611111111111112,0.9476744186046512,0.9186046511627907,-0.029069767441860517
D574,CART,R1,0.9648093841642229,0.9476744186046512,0.9186046511627907,-0.029069767441860517
D574,CART,R2,0.9940476190476191,0.9476744186046512,0.9186046511627907,-0.029069767441860517
D574,CART,R3,0.9940476190476191,0.9476744186046512,0.9186046511627907,-0.029069767441860517
D575,TVAE,R1,0.8059299191374663,0.9940476190476191,0.9879518072289156,-0.006095811818703445
D575,TVAE,R2,0.9648093841642229,0.9940476190476191,0.9879518072289156,-0.006095811818703445
D575,TVAE,R3,0.9420289855072463,0.9940476190476191,0.9879518072289156,-0.006095811818703445
D575,CART,R1,0.9252873563218391,0.9940476190476191,0.9879518072289156,-0.006095811818703445
D575,CART,R2,0.8662952646239555,0.9940476190476191,0.9879518072289156,-0.006095811818703445
D575,CART,R3,0.8820224719101124,0.9940476190476191,0.9879518072289156,-0.006095811818703445
D576,TVAE,R1,0.850828729281768,0.9648093841642229,0.9186046511627907,-0.04620473300143224
D576,TVAE,R2,0.9034090909090909,0.9648093841642229,0.9186046511627907,-0.04620473300143224
D576,TVAE,R3,0.8820224719101124,0.9648093841642229,0.9186046511627907,-0.04620473300143224
D576,CART,R1,0.9940476190476191,0.9648093841642229,0.9186046511627907,-0.04620473300143224
D576,CART,R2,0.9822485207100592,0.9648093841642229,0.9186046511627907,-0.04620473300143224
D576,CART,R3,0.9420289855072463,0.9648093841642229,0.9186046511627907,-0.04620473300143224
D577,TVAE,R1,0.8206521739130435,0.9940476190476191,0.9879518072289156,-0.006095811818703445
D577,TVAE,R2,0.976401179941003,0.9940476190476191,0.9879518072289156,-0.006095811818703445
D577,TVAE,R3,0.9252873563218391,0.9940476190476191,0.9879518072289156,-0.006095811818703445
D577,CART,R1,0.9648093841642229,0.9940476190476191,0.9879518072289156,-0.006095811818703445
D577,CART,R2,0.9648093841642229,0.9940476190476191,0.9879518072289156,-0.006095811818703445
D577,CART,R3,0.9648093841642229,0.9940476190476191,0.9879518072289156,-0.006095811818703445
D578,TVAE,R1,0.9590643274853801,0.976401179941003,1.0,0.02359882005899705
D578,TVAE,R2,0.9420289855072463,0.976401179941003,1.0,0.02359882005899705
D578,TVAE,R3,0.9533527696793003,0.976401179941003,1.0,0.02359882005899705
D578,CART,R1,0.8926553672316384,0.976401179941003,1.0,0.02359882005899705
D578,CART,R2,0.8926553672316384,0.976401179941003,1.0,0.02359882005899705
D578,CART,R3,0.8873239436619719,0.976401179941003,1.0,0.02359882005899705
D579,TVAE,R1,0.9088319088319088,0.9648093841642229,0.9298245614035088,-0.03498482276071413
D579,TVAE,R2,0.976401179941003,0.9648093841642229,0.9298245614035088,-0.03498482276071413
D579,TVAE,R3,0.9940476190476191,0.9648093841642229,0.9298245614035088,-0.03498482276071413
D579,CART,R1,0.9822485207100592,0.9648093841642229,0.9298245614035088,-0.03498482276071413
D579,CART,R2,0.976401179941003,0.9648093841642229,0.9298245614035088,-0.03498482276071413
D579,CART,R3,0.976401179941003,0.9648093841642229,0.9298245614035088,-0.03498482276071413
D58,TVAE,R1,0.8611111111111112,0.9476744186046512,0.875,-0.07267441860465118
D58,TVAE,R2,0.9590643274853801,0.9476744186046512,0.875,-0.07267441860465118
D58,TVAE,R3,0.8820224719101124,0.9476744186046512,0.875,-0.07267441860465118
D58,CART,R1,0.9705882352941176,0.9476744186046512,0.875,-0.07267441860465118
D58,CART,R2,0.9476744186046512,0.9476744186046512,0.875,-0.07267441860465118
D58,CART,R3,0.9142857142857143,0.9476744186046512,0.875,-0.07267441860465118
D580,TVAE,R1,0.9590643274853801,0.9252873563218391,0.9186046511627907,-0.006682705159048452
D580,TVAE,R2,0.7819148936170213,0.9252873563218391,0.9186046511627907,-0.006682705159048452
D580,TVAE,R3,0.9881305637982196,0.9252873563218391,0.9186046511627907,-0.006682705159048452
D580,CART,R1,0.9364161849710982,0.9252873563218391,0.9186046511627907,-0.006682705159048452
D580,CART,R2,0.8980169971671388,0.9252873563218391,0.9186046511627907,-0.006682705159048452
D580,CART,R3,0.930835734870317,0.9252873563218391,0.9186046511627907,-0.006682705159048452
D581,TVAE,R1,0.9648093841642229,0.9476744186046512,0.896551724137931,-0.05112269446672013
D581,TVAE,R2,0.9252873563218391,0.9476744186046512,0.896551724137931,-0.05112269446672013
D581,TVAE,R3,0.9142857142857143,0.9476744186046512,0.896551724137931,-0.05112269446672013
D581,CART,R1,0.8980169971671388,0.9476744186046512,0.896551724137931,-0.05112269446672013
D581,CART,R2,0.8980169971671388,0.9476744186046512,0.896551724137931,-0.05112269446672013
D581,CART,R3,0.8980169971671388,0.9476744186046512,0.896551724137931,-0.05112269446672013
D582,TVAE,R1,0.9705882352941176,0.9940476190476191,0.9879518072289156,-0.006095811818703445
D582,TVAE,R2,0.8662952646239555,0.9940476190476191,0.9879518072289156,-0.006095811818703445
D582,TVAE,R3,0.8611111111111112,0.9940476190476191,0.9879518072289156,-0.006095811818703445
D582,CART,R1,0.9420289855072463,0.9940476190476191,0.9879518072289156,-0.006095811818703445
D582,CART,R2,0.930835734870317,0.9940476190476191,0.9879518072289156,-0.006095811818703445
D582,CART,R3,0.9420289855072463,0.9940476190476191,0.9879518072289156,-0.006095811818703445
D583,TVAE,R1,0.9881305637982196,0.8980169971671388,0.9526627218934911,0.05464572472635232
D583,TVAE,R2,0.8715083798882681,0.8980169971671388,0.9526627218934911,0.05464572472635232
D583,TVAE,R3,0.7914438502673797,0.8980169971671388,0.9526627218934911,0.05464572472635232
D583,CART,R1,0.9476744186046512,0.8980169971671388,0.9526627218934911,0.05464572472635232
D583,CART,R2,0.9420289855072463,0.8980169971671388,0.9526627218934911,0.05464572472635232
D583,CART,R3,0.9648093841642229,0.8980169971671388,0.9526627218934911,0.05464572472635232
D584,TVAE,R1,0.8256130790190735,0.9705882352941176,0.9760479041916168,0.005459668897499159
D584,TVAE,R2,0.8256130790190735,0.9705882352941176,0.9760479041916168,0.005459668897499159
D584,TVAE,R3,0.9364161849710982,0.9705882352941176,0.9760479041916168,0.005459668897499159
D584,CART,R1,0.9197707736389685,0.9705882352941176,0.9760479041916168,0.005459668897499159
D584,CART,R2,0.9420289855072463,0.9705882352941176,0.9760479041916168,0.005459668897499159
D584,CART,R3,0.976401179941003,0.9705882352941176,0.9760479041916168,0.005459668897499159
D585,TVAE,R1,0.8611111111111112,0.976401179941003,0.9526627218934911,-0.023738458047511846
D585,TVAE,R2,0.9197707736389685,0.976401179941003,0.9526627218934911,-0.023738458047511846
D585,TVAE,R3,0.9648093841642229,0.976401179941003,0.9526627218934911,-0.023738458047511846
D585,CART,R1,0.9142857142857143,0.976401179941003,0.9526627218934911,-0.023738458047511846
D585,CART,R2,0.9142857142857143,0.976401179941003,0.9526627218934911,-0.023738458047511846
D585,CART,R3,0.9142857142857143,0.976401179941003,0.9526627218934911,-0.023738458047511846
D586,TVAE,R1,0.9590643274853801,0.9590643274853801,0.9760479041916168,0.016983576706236736
D586,TVAE,R2,0.9364161849710982,0.9590643274853801,0.9760479041916168,0.016983576706236736
D586,TVAE,R3,0.8820224719101124,0.9590643274853801,0.9760479041916168,0.016983576706236736
D586,CART,R1,0.9590643274853801,0.9590643274853801,0.9760479041916168,0.016983576706236736
D586,CART,R2,0.9533527696793003,0.9590643274853801,0.9760479041916168,0.016983576706236736
D586,CART,R3,0.9252873563218391,0.9590643274853801,0.9760479041916168,0.016983576706236736
D587,TVAE,R1,0.8256130790190735,0.9364161849710982,0.9075144508670521,-0.028901734104046173
D587,TVAE,R2,0.7771883289124668,0.9364161849710982,0.9075144508670521,-0.028901734104046173
D587,TVAE,R3,0.7585301837270341,0.9364161849710982,0.9075144508670521,-0.028901734104046173
D587,CART,R1,0.8926553672316384,0.9364161849710982,0.9075144508670521,-0.028901734104046173
D587,CART,R2,0.9197707736389685,0.9364161849710982,0.9075144508670521,-0.028901734104046173
D587,CART,R3,0.8873239436619719,0.9364161849710982,0.9075144508670521,-0.028901734104046173
D588,TVAE,R1,0.9705882352941176,0.9648093841642229,0.9879518072289156,0.02314242306469272
D588,TVAE,R2,0.9648093841642229,0.9648093841642229,0.9879518072289156,0.02314242306469272
D588,TVAE,R3,0.9940476190476191,0.9648093841642229,0.9879518072289156,0.02314242306469272
D588,CART,R1,0.976401179941003,0.9648093841642229,0.9879518072289156,0.02314242306469272
D588,CART,R2,0.9364161849710982,0.9648093841642229,0.9879518072289156,0.02314242306469272
D588,CART,R3,0.9197707736389685,0.9648093841642229,0.9879518072289156,0.02314242306469272
D589,TVAE,R1,0.9705882352941176,0.9648093841642229,0.9298245614035088,-0.03498482276071413
D589,TVAE,R2,0.8611111111111112,0.9648093841642229,0.9298245614035088,-0.03498482276071413
D589,TVAE,R3,0.9705882352941176,0.9648093841642229,0.9298245614035088,-0.03498482276071413
D589,CART,R1,0.7962466487935657,0.9648093841642229,0.9298245614035088,-0.03498482276071413
D589,CART,R2,0.7962466487935657,0.9648093841642229,0.9298245614035088,-0.03498482276071413
D589,CART,R3,0.8010752688172043,0.9648093841642229,0.9298245614035088,-0.03498482276071413
D59,TVAE,R1,0.8715083798882681,0.9590643274853801,0.896551724137931,-0.06251260334744901
D59,TVAE,R2,0.9364161849710982,0.9590643274853801,0.896551724137931,-0.06251260334744901
D59,TVAE,R3,0.9940476190476191,0.9590643274853801,0.896551724137931,-0.06251260334744901
D59,CART,R1,0.9940476190476191,0.9590643274853801,0.896551724137931,-0.06251260334744901
D59,CART,R2,0.9705882352941176,0.9590643274853801,0.896551724137931,-0.06251260334744901
D59,CART,R3,0.9822485207100592,0.9590643274853801,0.896551724137931,-0.06251260334744901
D590,TVAE,R1,0.9252873563218391,0.9252873563218391,0.864406779661017,-0.06088057666082214
D590,TVAE,R2,0.9533527696793003,0.9252873563218391,0.864406779661017,-0.06088057666082214
D590,TVAE,R3,0.9881305637982196,0.9252873563218391,0.864406779661017,-0.06088057666082214
D590,CART,R1,0.9252873563218391,0.9252873563218391,0.864406779661017,-0.06088057666082214
D590,CART,R2,0.9364161849710982,0.9252873563218391,0.864406779661017,-0.06088057666082214
D590,CART,R3,0.9252873563218391,0.9252873563218391,0.864406779661017,-0.06088057666082214
D591,TVAE,R1,0.9476744186046512,1.0,0.8032786885245902,-0.19672131147540983
D591,TVAE,R2,0.9364161849710982,1.0,0.8032786885245902,-0.19672131147540983
D591,TVAE,R3,0.8206521739130435,1.0,0.8032786885245902,-0.19672131147540983
D591,CART,R1,0.8206521739130435,1.0,0.8032786885245902,-0.19672131147540983
D591,CART,R2,0.8157181571815718,1.0,0.8032786885245902,-0.19672131147540983
D591,CART,R3,0.8059299191374663,1.0,0.8032786885245902,-0.19672131147540983
D592,TVAE,R1,0.9648093841642229,0.9533527696793003,0.9186046511627907,-0.03474811851650961
D592,TVAE,R2,0.8559556786703602,0.9533527696793003,0.9186046511627907,-0.03474811851650961
D592,TVAE,R3,0.9420289855072463,0.9533527696793003,0.9186046511627907,-0.03474811851650961
D592,CART,R1,0.9940476190476191,0.9533527696793003,0.9186046511627907,-0.03474811851650961
D592,CART,R2,0.9822485207100592,0.9533527696793003,0.9186046511627907,-0.03474811851650961
D592,CART,R3,0.9648093841642229,0.9533527696793003,0.9186046511627907,-0.03474811851650961
D593,TVAE,R1,0.7866666666666666,0.9420289855072463,0.8857142857142857,-0.056314699792960665
D593,TVAE,R2,0.930835734870317,0.9420289855072463,0.8857142857142857,-0.056314699792960665
D593,TVAE,R3,0.7724867724867724,0.9420289855072463,0.8857142857142857,-0.056314699792960665
D593,CART,R1,0.850828729281768,0.9420289855072463,0.8857142857142857,-0.056314699792960665
D593,CART,R2,0.850828729281768,0.9420289855072463,0.8857142857142857,-0.056314699792960665
D593,CART,R3,0.850828729281768,0.9420289855072463,0.8857142857142857,-0.056314699792960665
D594,TVAE,R1,0.8108108108108109,0.9590643274853801,0.9642857142857143,0.005221386800334238
D594,TVAE,R2,0.876750700280112,0.9590643274853801,0.9642857142857143,0.005221386800334238
D594,TVAE,R3,0.8980169971671388,0.9590643274853801,0.9642857142857143,0.005221386800334238
D594,CART,R1,0.976401179941003,0.9590643274853801,0.9642857142857143,0.005221386800334238
D594,CART,R2,0.9705882352941176,0.9590643274853801,0.9642857142857143,0.005221386800334238
D594,CART,R3,0.9705882352941176,0.9590643274853801,0.9642857142857143,0.005221386800334238
D595,TVAE,R1,0.8820224719101124,1.0,0.8131868131868132,-0.18681318681318682
D595,TVAE,R2,0.9142857142857143,1.0,0.8131868131868132,-0.18681318681318682
D595,TVAE,R3,0.8306010928961749,1.0,0.8131868131868132,-0.18681318681318682
D595,CART,R1,0.9940476190476191,1.0,0.8131868131868132,-0.18681318681318682
D595,CART,R2,0.9940476190476191,1.0,0.8131868131868132,-0.18681318681318682
D595,CART,R3,0.9822485207100592,1.0,0.8131868131868132,-0.18681318681318682
D596,TVAE,R1,0.8406593406593407,0.9940476190476191,0.8131868131868132,-0.18086080586080588
D596,TVAE,R2,0.8662952646239555,0.9940476190476191,0.8131868131868132,-0.18086080586080588
D596,TVAE,R3,0.7678100263852242,0.9940476190476191,0.8131868131868132,-0.18086080586080588
D596,CART,R1,0.9088319088319088,0.9940476190476191,0.8131868131868132,-0.18086080586080588
D596,CART,R2,0.930835734870317,0.9940476190476191,0.8131868131868132,-0.18086080586080588
D596,CART,R3,0.9034090909090909,0.9940476190476191,0.8131868131868132,-0.18086080586080588
D597,TVAE,R1,0.8662952646239555,0.9822485207100592,0.9642857142857143,-0.01796280642434489
D597,TVAE,R2,0.8457300275482094,0.9822485207100592,0.9642857142857143,-0.01796280642434489
D597,TVAE,R3,0.930835734870317,0.9822485207100592,0.9642857142857143,-0.01796280642434489
D597,CART,R1,0.9590643274853801,0.9822485207100592,0.9642857142857143,-0.01796280642434489
D597,CART,R2,0.9590643274853801,0.9822485207100592,0.9642857142857143,-0.01796280642434489
D597,CART,R3,0.9590643274853801,0.9822485207100592,0.9642857142857143,-0.01796280642434489
D598,TVAE,R1,0.7962466487935657,0.9364161849710982,0.9075144508670521,-0.028901734104046173
D598,TVAE,R2,0.7631578947368421,0.9364161849710982,0.9075144508670521,-0.028901734104046173
D598,TVAE,R3,0.8306010928961749,0.9364161849710982,0.9075144508670521,-0.028901734104046173
D598,CART,R1,0.9364161849710982,0.9364161849710982,0.9075144508670521,-0.028901734104046173
D598,CART,R2,0.930835734870317,0.9364161849710982,0.9075144508670521,-0.028901734104046173
D598,CART,R3,0.9197707736389685,0.9364161849710982,0.9075144508670521,-0.028901734104046173
D599,TVAE,R1,0.9034090909090909,0.9940476190476191,0.9075144508670521,-0.086533168180567
D599,TVAE,R2,0.9420289855072463,0.9940476190476191,0.9075144508670521,-0.086533168180567
D599,TVAE,R3,0.9088319088319088,0.9940476190476191,0.9075144508670521,-0.086533168180567
D599,CART,R1,0.9533527696793003,0.9940476190476191,0.9075144508670521,-0.086533168180567
D599,CART,R2,0.9197707736389685,0.9940476190476191,0.9075144508670521,-0.086533168180567
D599,CART,R3,0.9088319088319088,0.9940476190476191,0.9075144508670521,-0.086533168180567
D6,TVAE,R1,0.7724867724867724,0.9142857142857143,0.8333333333333334,-0.08095238095238089
D6,TVAE,R2,0.8206521739130435,0.9142857142857143,0.8333333333333334,-0.08095238095238089
D6,TVAE,R3,0.9034090909090909,0.9142857142857143,0.8333333333333334,-0.08095238095238089
D6,CART,R1,0.8306010928961749,0.9142857142857143,0.8333333333333334,-0.08095238095238089
D6,CART,R2,0.9476744186046512,0.9142857142857143,0.8333333333333334,-0.08095238095238089
D6,CART,R3,0.9034090909090909,0.9142857142857143,0.8333333333333334,-0.08095238095238089
D60,TVAE,R1,0.8108108108108109,0.8715083798882681,0.8131868131868132,-0.05832156670145494
D60,TVAE,R2,0.9705882352941176,0.8715083798882681,0.8131868131868132,-0.05832156670145494
D60,TVAE,R3,0.9822485207100592,0.8715083798882681,0.8131868131868132,-0.05832156670145494
D60,CART,R1,0.8715083798882681,0.8715083798882681,0.8131868131868132,-0.05832156670145494
D60,CART,R2,0.8611111111111112,0.8715083798882681,0.8131868131868132,-0.05832156670145494
D60,CART,R3,0.8926553672316384,0.8715083798882681,0.8131868131868132,-0.05832156670145494
D600,TVAE,R1,0.9364161849710982,0.9648093841642229,0.9642857142857143,-0.0005236698785086036
D600,TVAE,R2,0.9476744186046512,0.9648093841642229,0.9642857142857143,-0.0005236698785086036
D600,TVAE,R3,0.9088319088319088,0.9648093841642229,0.9642857142857143,-0.0005236698785086036
D600,CART,R1,0.930835734870317,0.9648093841642229,0.9642857142857143,-0.0005236698785086036
D600,CART,R2,0.9940476190476191,0.9648093841642229,0.9642857142857143,-0.0005236698785086036
D600,CART,R3,0.976401179941003,0.9648093841642229,0.9642857142857143,-0.0005236698785086036
D601,TVAE,R1,0.8662952646239555,0.9881305637982196,0.9760479041916168,-0.012082659606602819
D601,TVAE,R2,0.9364161849710982,0.9881305637982196,0.9760479041916168,-0.012082659606602819
D601,TVAE,R3,0.8820224719101124,0.9881305637982196,0.9760479041916168,-0.012082659606602819
D601,CART,R1,0.9197707736389685,0.9881305637982196,0.9760479041916168,-0.012082659606602819
D601,CART,R2,0.9197707736389685,0.9881305637982196,0.9760479041916168,-0.012082659606602819
D601,CART,R3,0.9197707736389685,0.9881305637982196,0.9760479041916168,-0.012082659606602819
D602,TVAE,R1,0.7962466487935657,0.9705882352941176,0.9760479041916168,0.005459668897499159
D602,TVAE,R2,0.850828729281768,0.9705882352941176,0.9760479041916168,0.005459668897499159
D602,TVAE,R3,0.8820224719101124,0.9705882352941176,0.9760479041916168,0.005459668897499159
D602,CART,R1,0.9705882352941176,0.9705882352941176,0.9760479041916168,0.005459668897499159
D602,CART,R2,0.9940476190476191,0.9705882352941176,0.9760479041916168,0.005459668897499159
D602,CART,R3,0.9590643274853801,0.9705882352941176,0.9760479041916168,0.005459668897499159
D603,TVAE,R1,0.930835734870317,0.9940476190476191,0.7934782608695652,-0.20056935817805388
D603,TVAE,R2,0.9590643274853801,0.9940476190476191,0.7934782608695652,-0.20056935817805388
D603,TVAE,R3,0.8559556786703602,0.9940476190476191,0.7934782608695652,-0.20056935817805388
D603,CART,R1,0.976401179941003,0.9940476190476191,0.7934782608695652,-0.20056935817805388
D603,CART,R2,0.9881305637982196,0.9940476190476191,0.7934782608695652,-0.20056935817805388
D603,CART,R3,0.9705882352941176,0.9940476190476191,0.7934782608695652,-0.20056935817805388
D604,TVAE,R1,0.9476744186046512,0.9648093841642229,0.864406779661017,-0.10040260450320593
D604,TVAE,R2,1.0,0.9648093841642229,0.864406779661017,-0.10040260450320593
D604,TVAE,R3,0.9881305637982196,0.9648093841642229,0.864406779661017,-0.10040260450320593
D604,CART,R1,0.9590643274853801,0.9648093841642229,0.864406779661017,-0.10040260450320593
D604,CART,R2,0.8559556786703602,0.9648093841642229,0.864406779661017,-0.10040260450320593
D604,CART,R3,0.8715083798882681,0.9648093841642229,0.864406779661017,-0.10040260450320593
D605,TVAE,R1,0.8356164383561644,0.976401179941003,0.9526627218934911,-0.023738458047511846
D605,TVAE,R2,0.9476744186046512,0.976401179941003,0.9526627218934911,-0.023738458047511846
D605,TVAE,R3,0.8256130790190735,0.976401179941003,0.9526627218934911,-0.023738458047511846
D605,CART,R1,0.876750700280112,0.976401179941003,0.9526627218934911,-0.023738458047511846
D605,CART,R2,0.8662952646239555,0.976401179941003,0.9526627218934911,-0.023738458047511846
D605,CART,R3,0.8662952646239555,0.976401179941003,0.9526627218934911,-0.023738458047511846
D606,TVAE,R1,0.8256130790190735,0.9476744186046512,0.9186046511627907,-0.029069767441860517
D606,TVAE,R2,0.7724867724867724,0.9476744186046512,0.9186046511627907,-0.029069767441860517
D606,TVAE,R3,0.8980169971671388,0.9476744186046512,0.9186046511627907,-0.029069767441860517
D606,CART,R1,0.9940476190476191,0.9476744186046512,0.9186046511627907,-0.029069767441860517
D606,CART,R2,0.9822485207100592,0.9476744186046512,0.9186046511627907,-0.029069767441860517
D606,CART,R3,0.9940476190476191,0.9476744186046512,0.9186046511627907,-0.029069767441860517
D607,TVAE,R1,0.9590643274853801,0.9940476190476191,0.9879518072289156,-0.006095811818703445
D607,TVAE,R2,0.9940476190476191,0.9940476190476191,0.9879518072289156,-0.006095811818703445
D607,TVAE,R3,0.9142857142857143,0.9940476190476191,0.9879518072289156,-0.006095811818703445
D607,CART,R1,0.9364161849710982,0.9940476190476191,0.9879518072289156,-0.006095811818703445
D607,CART,R2,0.930835734870317,0.9940476190476191,0.9879518072289156,-0.006095811818703445
D607,CART,R3,0.930835734870317,0.9940476190476191,0.9879518072289156,-0.006095811818703445
D608,TVAE,R1,0.7819148936170213,0.9648093841642229,0.9186046511627907,-0.04620473300143224
D608,TVAE,R2,0.8356164383561644,0.9648093841642229,0.9186046511627907,-0.04620473300143224
D608,TVAE,R3,0.7402597402597403,0.9648093841642229,0.9186046511627907,-0.04620473300143224
D608,CART,R1,0.9881305637982196,0.9648093841642229,0.9186046511627907,-0.04620473300143224
D608,CART,R2,0.9476744186046512,0.9648093841642229,0.9186046511627907,-0.04620473300143224
D608,CART,R3,0.9705882352941176,0.9648093841642229,0.9186046511627907,-0.04620473300143224
D609,TVAE,R1,0.9940476190476191,0.9940476190476191,0.9879518072289156,-0.006095811818703445
D609,TVAE,R2,0.9364161849710982,0.9940476190476191,0.9879518072289156,-0.006095811818703445
D609,TVAE,R3,0.9476744186046512,0.9940476190476191,0.9879518072289156,-0.006095811818703445
D609,CART,R1,0.9648093841642229,0.9940476190476191,0.9879518072289156,-0.006095811818703445
D609,CART,R2,0.9648093841642229,0.9940476190476191,0.9879518072289156,-0.006095811818703445
D609,CART,R3,0.9648093841642229,0.9940476190476191,0.9879518072289156,-0.006095811818703445
D61,TVAE,R1,0.850828729281768,0.9364161849710982,0.875,-0.06141618497109824
D61,TVAE,R2,0.9590643274853801,0.9364161849710982,0.875,-0.06141618497109824
D61,TVAE,R3,0.9940476190476191,0.9364161849710982,0.875,-0.06141618497109824
D61,CART,R1,0.8820224719101124,0.9364161849710982,0.875,-0.06141618497109824
D61,CART,R2,0.8715083798882681,0.9364161849710982,0.875,-0.06141618497109824
D61,CART,R3,0.850828729281768,0.9364161849710982,0.875,-0.06141618497109824
D610,TVAE,R1,0.9881305637982196,0.976401179941003,1.0,0.02359882005899705
D610,TVAE,R2,0.976401179941003,0.976401179941003,1.0,0.02359882005899705
D610,TVAE,R3,0.8611111111111112,0.976401179941003,1.0,0.02359882005899705
D610,CART,R1,0.8980169971671388,0.976401179941003,1.0,0.02359882005899705
D610,CART,R2,0.8926553672316384,0.976401179941003,1.0,0.02359882005899705
D610,CART,R3,0.8926553672316384,0.976401179941003,1.0,0.02359882005899705
D611,TVAE,R1,0.8559556786703602,0.9648093841642229,0.9298245614035088,-0.03498482276071413
D611,TVAE,R2,0.8108108108108109,0.9648093841642229,0.9298245614035088,-0.03498482276071413
D611,TVAE,R3,0.9881305637982196,0.9648093841642229,0.9298245614035088,-0.03498482276071413
D611,CART,R1,0.9533527696793003,0.9648093841642229,0.9298245614035088,-0.03498482276071413
D611,CART,R2,1.0,0.9648093841642229,0.9298245614035088,-0.03498482276071413
D611,CART,R3,0.9533527696793003,0.9648093841642229,0.9298245614035088,-0.03498482276071413
D612,TVAE,R1,0.8559556786703602,0.9252873563218391,0.9186046511627907,-0.006682705159048452
D612,TVAE,R2,0.8356164383561644,0.9252873563218391,0.9186046511627907,-0.006682705159048452
D612,TVAE,R3,0.876750700280112,0.9252873563218391,0.9186046511627907,-0.006682705159048452
D612,CART,R1,0.9533527696793003,0.9252873563218391,0.9186046511627907,-0.006682705159048452
D612,CART,R2,0.9252873563218391,0.9252873563218391,0.9186046511627907,-0.006682705159048452
D612,CART,R3,0.8873239436619719,0.9252873563218391,0.9186046511627907,-0.006682705159048452
D613,TVAE,R1,0.9533527696793003,0.9476744186046512,0.896551724137931,-0.05112269446672013
D613,TVAE,R2,0.9705882352941176,0.9476744186046512,0.896551724137931,-0.05112269446672013
D613,TVAE,R3,0.9252873563218391,0.9476744186046512,0.896551724137931,-0.05112269446672013
D613,CART,R1,0.8980169971671388,0.9476744186046512,0.896551724137931,-0.05112269446672013
D613,CART,R2,0.8980169971671388,0.9476744186046512,0.896551724137931,-0.05112269446672013
D613,CART,R3,0.8980169971671388,0.9476744186046512,0.896551724137931,-0.05112269446672013
D614,TVAE,R1,0.8820224719101124,0.9940476190476191,0.9879518072289156,-0.006095811818703445
D614,TVAE,R2,0.8926553672316384,0.9940476190476191,0.9879518072289156,-0.006095811818703445
D614,TVAE,R3,0.8457300275482094,0.9940476190476191,0.9879518072289156,-0.006095811818703445
D614,CART,R1,0.9364161849710982,0.9940476190476191,0.9879518072289156,-0.006095811818703445
D614,CART,R2,0.930835734870317,0.9940476190476191,0.9879518072289156,-0.006095811818703445
D614,CART,R3,0.9364161849710982,0.9940476190476191,0.9879518072289156,-0.006095811818703445
D615,TVAE,R1,0.8306010928961749,0.8980169971671388,0.9526627218934911,0.05464572472635232
D615,TVAE,R2,0.7585301837270341,0.8980169971671388,0.9526627218934911,0.05464572472635232
D615,TVAE,R3,0.7724867724867724,0.8980169971671388,0.9526627218934911,0.05464572472635232
D615,CART,R1,0.976401179941003,0.8980169971671388,0.9526627218934911,0.05464572472635232
D615,CART,R2,0.9705882352941176,0.8980169971671388,0.9526627218934911,0.05464572472635232
D615,CART,R3,0.9364161849710982,0.8980169971671388,0.9526627218934911,0.05464572472635232
D616,TVAE,R1,0.9364161849710982,0.9705882352941176,0.9760479041916168,0.005459668897499159
D616,TVAE,R2,0.9034090909090909,0.9705882352941176,0.9760479041916168,0.005459668897499159
D616,TVAE,R3,0.9881305637982196,0.9705882352941176,0.9760479041916168,0.005459668897499159
D616,CART,R1,0.976401179941003,0.9705882352941176,0.9760479041916168,0.005459668897499159
D616,CART,R2,0.9420289855072463,0.9705882352941176,0.9760479041916168,0.005459668897499159
D616,CART,R3,0.976401179941003,0.9705882352941176,0.9760479041916168,0.005459668897499159
D617,TVAE,R1,0.9881305637982196,0.976401179941003,0.9526627218934911,-0.023738458047511846
D617,TVAE,R2,0.9476744186046512,0.976401179941003,0.9526627218934911,-0.023738458047511846
D617,TVAE,R3,0.9197707736389685,0.976401179941003,0.9526627218934911,-0.023738458047511846
D617,CART,R1,0.9142857142857143,0.976401179941003,0.9526627218934911,-0.023738458047511846
D617,CART,R2,0.9142857142857143,0.976401179941003,0.9526627218934911,-0.023738458047511846
D617,CART,R3,0.9142857142857143,0.976401179941003,0.9526627218934911,-0.023738458047511846
D618,TVAE,R1,0.9088319088319088,0.9590643274853801,0.9760479041916168,0.016983576706236736
D618,TVAE,R2,0.9252873563218391,0.9590643274853801,0.9760479041916168,0.016983576706236736
D618,TVAE,R3,0.9533527696793003,0.9590643274853801,0.9760479041916168,0.016983576706236736
D618,CART,R1,0.9590643274853801,0.9590643274853801,0.9760479041916168,0.016983576706236736
D618,CART,R2,0.9476744186046512,0.9590643274853801,0.9760479041916168,0.016983576706236736
D618,CART,R3,0.9420289855072463,0.9590643274853801,0.9760479041916168,0.016983576706236736
D619,TVAE,R1,0.850828729281768,0.9364161849710982,0.9075144508670521,-0.028901734104046173
D619,TVAE,R2,0.8356164383561644,0.9364161849710982,0.9075144508670521,-0.028901734104046173
D619,TVAE,R3,0.8873239436619719,0.9364161849710982,0.9075144508670521,-0.028901734104046173
D619,CART,R1,0.8926553672316384,0.9364161849710982,0.9075144508670521,-0.028901734104046173
D619,CART,R2,0.930835734870317,0.9364161849710982,0.9075144508670521,-0.028901734104046173
D619,CART,R3,0.9197707736389685,0.9364161849710982,0.9075144508670521,-0.028901734104046173
D62,TVAE,R1,0.8611111111111112,0.9590643274853801,0.896551724137931,-0.06251260334744901
D62,TVAE,R2,0.9252873563218391,0.9590643274853801,0.896551724137931,-0.06251260334744901
D62,TVAE,R3,0.8010752688172043,0.9590643274853801,0.896551724137931,-0.06251260334744901
D62,CART,R1,0.9590643274853801,0.9590643274853801,0.896551724137931,-0.06251260334744901
D62,CART,R2,0.9252873563218391,0.9590643274853801,0.896551724137931,-0.06251260334744901
D62,CART,R3,0.9822485207100592,0.9590643274853801,0.896551724137931,-0.06251260334744901
D620,TVAE,R1,0.9476744186046512,0.9648093841642229,0.9879518072289156,0.02314242306469272
D620,TVAE,R2,0.9822485207100592,0.9648093841642229,0.9879518072289156,0.02314242306469272
D620,TVAE,R3,0.9533527696793003,0.9648093841642229,0.9879518072289156,0.02314242306469272
D620,CART,R1,0.8820224719101124,0.9648093841642229,0.9879518072289156,0.02314242306469272
D620,CART,R2,0.9822485207100592,0.9648093841642229,0.9879518072289156,0.02314242306469272
D620,CART,R3,0.9197707736389685,0.9648093841642229,0.9879518072289156,0.02314242306469272
D621,TVAE,R1,0.9590643274853801,0.9648093841642229,0.9298245614035088,-0.03498482276071413
D621,TVAE,R2,0.8662952646239555,0.9648093841642229,0.9298245614035088,-0.03498482276071413
D621,TVAE,R3,0.8980169971671388,0.9648093841642229,0.9298245614035088,-0.03498482276071413
D621,CART,R1,0.8059299191374663,0.9648093841642229,0.9298245614035088,-0.03498482276071413
D621,CART,R2,0.8059299191374663,0.9648093841642229,0.9298245614035088,-0.03498482276071413
D621,CART,R3,0.8059299191374663,0.9648093841642229,0.9298245614035088,-0.03498482276071413
D622,TVAE,R1,0.9940476190476191,0.9252873563218391,0.864406779661017,-0.06088057666082214
D622,TVAE,R2,1.0,0.9252873563218391,0.864406779661017,-0.06088057666082214
D622,TVAE,R3,0.7585301837270341,0.9252873563218391,0.864406779661017,-0.06088057666082214
D622,CART,R1,0.930835734870317,0.9252873563218391,0.864406779661017,-0.06088057666082214
D622,CART,R2,0.9088319088319088,0.9252873563218391,0.864406779661017,-0.06088057666082214
D622,CART,R3,0.9197707736389685,0.9252873563218391,0.864406779661017,-0.06088057666082214
D623,TVAE,R1,0.9705882352941176,1.0,0.8032786885245902,-0.19672131147540983
D623,TVAE,R2,0.8108108108108109,1.0,0.8032786885245902,-0.19672131147540983
D623,TVAE,R3,0.7631578947368421,1.0,0.8032786885245902,-0.19672131147540983
D623,CART,R1,0.8108108108108109,1.0,0.8032786885245902,-0.19672131147540983
D623,CART,R2,0.8157181571815718,1.0,0.8032786885245902,-0.19672131147540983
D623,CART,R3,0.8059299191374663,1.0,0.8032786885245902,-0.19672131147540983
D624,TVAE,R1,0.7135549872122762,0.9533527696793003,0.9186046511627907,-0.03474811851650961
D624,TVAE,R2,0.7724867724867724,0.9533527696793003,0.9186046511627907,-0.03474811851650961
D624,TVAE,R3,0.717948717948718,0.9533527696793003,0.9186046511627907,-0.03474811851650961
D624,CART,R1,0.9476744186046512,0.9533527696793003,0.9186046511627907,-0.03474811851650961
D624,CART,R2,0.976401179941003,0.9533527696793003,0.9186046511627907,-0.03474811851650961
D624,CART,R3,0.9881305637982196,0.9533527696793003,0.9186046511627907,-0.03474811851650961
D625,TVAE,R1,0.8980169971671388,0.9420289855072463,0.8857142857142857,-0.056314699792960665
D625,TVAE,R2,0.9364161849710982,0.9420289855072463,0.8857142857142857,-0.056314699792960665
D625,TVAE,R3,0.8457300275482094,0.9420289855072463,0.8857142857142857,-0.056314699792960665
D625,CART,R1,0.850828729281768,0.9420289855072463,0.8857142857142857,-0.056314699792960665
D625,CART,R2,0.850828729281768,0.9420289855072463,0.8857142857142857,-0.056314699792960665
D625,CART,R3,0.850828729281768,0.9420289855072463,0.8857142857142857,-0.056314699792960665
D626,TVAE,R1,0.7866666666666666,0.9590643274853801,0.9642857142857143,0.005221386800334238
D626,TVAE,R2,0.8306010928961749,0.9590643274853801,0.9642857142857143,0.005221386800334238
D626,TVAE,R3,0.8108108108108109,0.9590643274853801,0.9642857142857143,0.005221386800334238
D626,CART,R1,0.9705882352941176,0.9590643274853801,0.9642857142857143,0.005221386800334238
D626,CART,R2,0.9705882352941176,0.9590643274853801,0.9642857142857143,0.005221386800334238
D626,CART,R3,0.9705882352941176,0.9590643274853801,0.9642857142857143,0.005221386800334238
D627,TVAE,R1,0.8256130790190735,1.0,0.8131868131868132,-0.18681318681318682
D627,TVAE,R2,0.9881305637982196,1.0,0.8131868131868132,-0.18681318681318682
D627,TVAE,R3,0.8306010928961749,1.0,0.8131868131868132,-0.18681318681318682
D627,CART,R1,0.976401179941003,1.0,0.8131868131868132,-0.18681318681318682
D627,CART,R2,0.9940476190476191,1.0,0.8131868131868132,-0.18681318681318682
D627,CART,R3,0.976401179941003,1.0,0.8131868131868132,-0.18681318681318682
D628,TVAE,R1,0.9476744186046512,0.9940476190476191,0.8131868131868132,-0.18086080586080588
D628,TVAE,R2,0.8926553672316384,0.9940476190476191,0.8131868131868132,-0.18086080586080588
D628,TVAE,R3,0.9364161849710982,0.9940476190476191,0.8131868131868132,-0.18086080586080588
D628,CART,R1,0.9476744186046512,0.9940476190476191,0.8131868131868132,-0.18086080586080588
D628,CART,R2,0.8820224719101124,0.9940476190476191,0.8131868131868132,-0.18086080586080588
D628,CART,R3,0.9142857142857143,0.9940476190476191,0.8131868131868132,-0.18086080586080588
D629,TVAE,R1,0.9705882352941176,0.9822485207100592,0.9642857142857143,-0.01796280642434489
D629,TVAE,R2,0.9197707736389685,0.9822485207100592,0.9642857142857143,-0.01796280642434489
D629,TVAE,R3,0.9252873563218391,0.9822485207100592,0.9642857142857143,-0.01796280642434489
D629,CART,R1,0.9590643274853801,0.9822485207100592,0.9642857142857143,-0.01796280642434489
D629,CART,R2,0.9590643274853801,0.9822485207100592,0.9642857142857143,-0.01796280642434489
D629,CART,R3,0.9590643274853801,0.9822485207100592,0.9642857142857143,-0.01796280642434489
D63,TVAE,R1,0.7819148936170213,0.9705882352941176,0.9879518072289156,0.017363571934797983
D63,TVAE,R2,0.7091836734693877,0.9705882352941176,0.9879518072289156,0.017363571934797983
D63,TVAE,R3,0.717948717948718,0.9705882352941176,0.9879518072289156,0.017363571934797983
D63,CART,R1,0.8306010928961749,0.9705882352941176,0.9879518072289156,0.017363571934797983
D63,CART,R2,0.8010752688172043,0.9705882352941176,0.9879518072289156,0.017363571934797983
D63,CART,R3,0.850828729281768,0.9705882352941176,0.9879518072289156,0.017363571934797983
D630,TVAE,R1,0.8559556786703602,0.9364161849710982,0.9075144508670521,-0.028901734104046173
D630,TVAE,R2,0.9420289855072463,0.9364161849710982,0.9075144508670521,-0.028901734104046173
D630,TVAE,R3,0.8108108108108109,0.9364161849710982,0.9075144508670521,-0.028901734104046173
D630,CART,R1,0.9364161849710982,0.9364161849710982,0.9075144508670521,-0.028901734104046173
D630,CART,R2,0.9252873563218391,0.9364161849710982,0.9075144508670521,-0.028901734104046173
D630,CART,R3,0.9364161849710982,0.9364161849710982,0.9075144508670521,-0.028901734104046173
D631,TVAE,R1,0.8306010928961749,0.9940476190476191,0.9075144508670521,-0.086533168180567
D631,TVAE,R2,0.9364161849710982,0.9940476190476191,0.9075144508670521,-0.086533168180567
D631,TVAE,R3,0.876750700280112,0.9940476190476191,0.9075144508670521,-0.086533168180567
D631,CART,R1,0.9034090909090909,0.9940476190476191,0.9075144508670521,-0.086533168180567
D631,CART,R2,0.930835734870317,0.9940476190476191,0.9075144508670521,-0.086533168180567
D631,CART,R3,0.9420289855072463,0.9940476190476191,0.9075144508670521,-0.086533168180567
D632,TVAE,R1,0.8356164383561644,0.9648093841642229,0.9642857142857143,-0.0005236698785086036
D632,TVAE,R2,0.8356164383561644,0.9648093841642229,0.9642857142857143,-0.0005236698785086036
D632,TVAE,R3,0.9705882352941176,0.9648093841642229,0.9642857142857143,-0.0005236698785086036
D632,CART,R1,0.9252873563218391,0.9648093841642229,0.9642857142857143,-0.0005236698785086036
D632,CART,R2,0.976401179941003,0.9648093841642229,0.9642857142857143,-0.0005236698785086036
D632,CART,R3,0.9940476190476191,0.9648093841642229,0.9642857142857143,-0.0005236698785086036
D633,TVAE,R1,0.9533527696793003,0.9881305637982196,0.9760479041916168,-0.012082659606602819
D633,TVAE,R2,0.8873239436619719,0.9881305637982196,0.9760479041916168,-0.012082659606602819
D633,TVAE,R3,0.9142857142857143,0.9881305637982196,0.9760479041916168,-0.012082659606602819
D633,CART,R1,0.9197707736389685,0.9881305637982196,0.9760479041916168,-0.012082659606602819
D633,CART,R2,0.9197707736389685,0.9881305637982196,0.9760479041916168,-0.012082659606602819
D633,CART,R3,0.9197707736389685,0.9881305637982196,0.9760479041916168,-0.012082659606602819
D634,TVAE,R1,0.9705882352941176,0.9705882352941176,0.9760479041916168,0.005459668897499159
D634,TVAE,R2,0.876750700280112,0.9705882352941176,0.9760479041916168,0.005459668897499159
D634,TVAE,R3,0.9034090909090909,0.9705882352941176,0.9760479041916168,0.005459668897499159
D634,CART,R1,0.9822485207100592,0.9705882352941176,0.9760479041916168,0.005459668897499159
D634,CART,R2,0.9940476190476191,0.9705882352941176,0.9760479041916168,0.005459668897499159
D634,CART,R3,0.9940476190476191,0.9705882352941176,0.9760479041916168,0.005459668897499159
D635,TVAE,R1,0.9533527696793003,0.9940476190476191,0.7934782608695652,-0.20056935817805388
D635,TVAE,R2,0.8611111111111112,0.9940476190476191,0.7934782608695652,-0.20056935817805388
D635,TVAE,R3,0.9252873563218391,0.9940476190476191,0.7934782608695652,-0.20056935817805388
D635,CART,R1,1.0,0.9940476190476191,0.7934782608695652,-0.20056935817805388
D635,CART,R2,0.9822485207100592,0.9940476190476191,0.7934782608695652,-0.20056935817805388
D635,CART,R3,0.9648093841642229,0.9940476190476191,0.7934782608695652,-0.20056935817805388
D636,TVAE,R1,0.876750700280112,0.9648093841642229,0.864406779661017,-0.10040260450320593
D636,TVAE,R2,0.9420289855072463,0.9648093841642229,0.864406779661017,-0.10040260450320593
D636,TVAE,R3,0.7447916666666666,0.9648093841642229,0.864406779661017,-0.10040260450320593
D636,CART,R1,0.9142857142857143,0.9648093841642229,0.864406779661017,-0.10040260450320593
D636,CART,R2,0.8662952646239555,0.9648093841642229,0.864406779661017,-0.10040260450320593
D636,CART,R3,0.930835734870317,0.9648093841642229,0.864406779661017,-0.10040260450320593
D637,TVAE,R1,0.9088319088319088,0.976401179941003,0.9526627218934911,-0.023738458047511846
D637,TVAE,R2,0.8873239436619719,0.976401179941003,0.9526627218934911,-0.023738458047511846
D637,TVAE,R3,0.9705882352941176,0.976401179941003,0.9526627218934911,-0.023738458047511846
D637,CART,R1,0.8662952646239555,0.976401179941003,0.9526627218934911,-0.023738458047511846
D637,CART,R2,0.8662952646239555,0.976401179941003,0.9526627218934911,-0.023738458047511846
D637,CART,R3,0.8662952646239555,0.976401179941003,0.9526627218934911,-0.023738458047511846
D638,TVAE,R1,0.7678100263852242,0.9476744186046512,0.9186046511627907,-0.029069767441860517
D638,TVAE,R2,0.7402597402597403,0.9476744186046512,0.9186046511627907,-0.029069767441860517
D638,TVAE,R3,0.6461916461916462,0.9476744186046512,0.9186046511627907,-0.029069767441860517
D638,CART,R1,0.9881305637982196,0.9476744186046512,0.9186046511627907,-0.029069767441860517
D638,CART,R2,0.9940476190476191,0.9476744186046512,0.9186046511627907,-0.029069767441860517
D638,CART,R3,0.9940476190476191,0.9476744186046512,0.9186046511627907,-0.029069767441860517
D639,TVAE,R1,0.8980169971671388,0.9940476190476191,0.9879518072289156,-0.006095811818703445
D639,TVAE,R2,0.8010752688172043,0.9940476190476191,0.9879518072289156,-0.006095811818703445
D639,TVAE,R3,0.7631578947368421,0.9940476190476191,0.9879518072289156,-0.006095811818703445
D639,CART,R1,0.9088319088319088,0.9940476190476191,0.9879518072289156,-0.006095811818703445
D639,CART,R2,0.8980169971671388,0.9940476190476191,0.9879518072289156,-0.006095811818703445
D639,CART,R3,0.930835734870317,0.9940476190476191,0.9879518072289156,-0.006095811818703445
D64,TVAE,R1,0.9476744186046512,0.9590643274853801,0.9411764705882353,-0.017887856897144783
D64,TVAE,R2,0.8010752688172043,0.9590643274853801,0.9411764705882353,-0.017887856897144783
D64,TVAE,R3,0.9705882352941176,0.9590643274853801,0.9411764705882353,-0.017887856897144783
D64,CART,R1,0.9705882352941176,0.9590643274853801,0.9411764705882353,-0.017887856897144783
D64,CART,R2,0.9252873563218391,0.9590643274853801,0.9411764705882353,-0.017887856897144783
D64,CART,R3,0.9940476190476191,0.9590643274853801,0.9411764705882353,-0.017887856897144783
D640,TVAE,R1,0.8206521739130435,0.9648093841642229,0.9186046511627907,-0.04620473300143224
D640,TVAE,R2,0.8356164383561644,0.9648093841642229,0.9186046511627907,-0.04620473300143224
D640,TVAE,R3,0.9252873563218391,0.9648093841642229,0.9186046511627907,-0.04620473300143224
D640,CART,R1,0.976401179941003,0.9648093841642229,0.9186046511627907,-0.04620473300143224
D640,CART,R2,0.9476744186046512,0.9648093841642229,0.9186046511627907,-0.04620473300143224
D640,CART,R3,0.9940476190476191,0.9648093841642229,0.9186046511627907,-0.04620473300143224
D641,TVAE,R1,0.7631578947368421,0.9940476190476191,0.9879518072289156,-0.006095811818703445
D641,TVAE,R2,0.8181818181818182,0.9940476190476191,0.9879518072289156,-0.006095811818703445
D641,TVAE,R3,0.8331053351573188,0.9940476190476191,0.9879518072289156,-0.006095811818703445
D641,CART,R1,0.9197707736389685,0.9940476190476191,0.9879518072289156,-0.006095811818703445
D641,CART,R2,0.9225251076040172,0.9940476190476191,0.9879518072289156,-0.006095811818703445
D641,CART,R3,0.9197707736389685,0.9940476190476191,0.9879518072289156,-0.006095811818703445
D642,TVAE,R1,0.9420289855072463,0.9734904270986745,0.9298245614035088,-0.04366586569516573
D642,TVAE,R2,0.950509461426492,0.9734904270986745,0.9298245614035088,-0.04366586569516573
D642,TVAE,R3,0.9822485207100592,0.9734904270986745,0.9298245614035088,-0.04366586569516573
D642,CART,R1,0.9225251076040172,0.9734904270986745,0.9298245614035088,-0.04366586569516573
D642,CART,R2,0.9420289855072463,0.9734904270986745,0.9298245614035088,-0.04366586569516573
D642,CART,R3,0.9392185238784371,0.9734904270986745,0.9298245614035088,-0.04366586569516573
D643,TVAE,R1,0.9940476190476191,0.9705882352941176,0.9526627218934911,-0.017925513400626536
D643,TVAE,R2,0.9476744186046512,0.9705882352941176,0.9526627218934911,-0.017925513400626536
D643,TVAE,R3,0.9225251076040172,0.9705882352941176,0.9526627218934911,-0.017925513400626536
D643,CART,R1,0.8688981868898187,0.9705882352941176,0.9526627218934911,-0.017925513400626536
D643,CART,R2,0.8611111111111112,0.9705882352941176,0.9526627218934911,-0.017925513400626536
D643,CART,R3,0.8688981868898187,0.9705882352941176,0.9526627218934911,-0.017925513400626536
D644,TVAE,R1,0.9420289855072463,0.9851851851851852,0.9186046511627907,-0.0665805340223945
D644,TVAE,R2,0.9225251076040172,0.9851851851851852,0.9186046511627907,-0.0665805340223945
D644,TVAE,R3,0.9336219336219336,0.9851851851851852,0.9186046511627907,-0.0665805340223945
D644,CART,R1,0.9822485207100592,0.9851851851851852,0.9186046511627907,-0.0665805340223945
D644,CART,R2,0.9881305637982196,0.9851851851851852,0.9186046511627907,-0.0665805340223945
D644,CART,R3,0.9280575539568345,0.9851851851851852,0.9186046511627907,-0.0665805340223945
D645,TVAE,R1,0.8873239436619719,0.9533527696793003,0.9075144508670521,-0.0458383188122482
D645,TVAE,R2,0.9970193740685543,0.9533527696793003,0.9075144508670521,-0.0458383188122482
D645,TVAE,R3,0.9793205317577548,0.9533527696793003,0.9075144508670521,-0.0458383188122482
D645,CART,R1,0.8873239436619719,0.9533527696793003,0.9075144508670521,-0.0458383188122482
D645,CART,R2,0.850828729281768,0.9533527696793003,0.9075144508670521,-0.0458383188122482
D645,CART,R3,0.850828729281768,0.9533527696793003,0.9075144508670521,-0.0458383188122482
D646,TVAE,R1,0.9676945668135095,0.9676945668135095,0.9469026548672567,-0.02079191194625285
D646,TVAE,R2,0.8585298196948682,0.9676945668135095,0.9469026548672567,-0.02079191194625285
D646,TVAE,R3,0.9970193740685543,0.9676945668135095,0.9469026548672567,-0.02079191194625285
D646,CART,R1,0.9793205317577548,0.9676945668135095,0.9469026548672567,-0.02079191194625285
D646,CART,R2,0.9851851851851852,0.9676945668135095,0.9469026548672567,-0.02079191194625285
D646,CART,R3,0.9562043795620438,0.9676945668135095,0.9469026548672567,-0.02079191194625285
D647,TVAE,R1,0.9590643274853801,0.9280575539568345,0.8232044198895028,-0.10485313406733177
D647,TVAE,R2,0.8533886583679114,0.9280575539568345,0.8232044198895028,-0.10485313406733177
D647,TVAE,R3,0.9392185238784371,0.9280575539568345,0.8232044198895028,-0.10485313406733177
D647,CART,R1,0.9061166429587483,0.9280575539568345,0.8232044198895028,-0.10485313406733177
D647,CART,R2,0.9225251076040172,0.9280575539568345,0.8232044198895028,-0.10485313406733177
D647,CART,R3,0.9676945668135095,0.9280575539568345,0.8232044198895028,-0.10485313406733177
D648,TVAE,R1,0.9734904270986745,0.9476744186046512,0.9411764705882353,-0.0064979480164159
D648,TVAE,R2,0.9881305637982196,0.9476744186046512,0.9411764705882353,-0.0064979480164159
D648,TVAE,R3,0.9705882352941176,0.9476744186046512,0.9411764705882353,-0.0064979480164159
D648,CART,R1,0.8331053351573188,0.9476744186046512,0.9411764705882353,-0.0064979480164159
D648,CART,R2,0.8533886583679114,0.9476744186046512,0.9411764705882353,-0.0064979480164159
D648,CART,R3,0.8306010928961749,0.9476744186046512,0.9411764705882353,-0.0064979480164159
D649,TVAE,R1,0.9705882352941176,0.9940476190476191,0.9879518072289156,-0.006095811818703445
D649,TVAE,R2,0.9252873563218391,0.9940476190476191,0.9879518072289156,-0.006095811818703445
D649,TVAE,R3,0.9705882352941176,0.9940476190476191,0.9879518072289156,-0.006095811818703445
D649,CART,R1,0.9822485207100592,0.9940476190476191,0.9879518072289156,-0.006095811818703445
D649,CART,R2,0.9562043795620438,0.9940476190476191,0.9879518072289156,-0.006095811818703445
D649,CART,R3,0.9734904270986745,0.9940476190476191,0.9879518072289156,-0.006095811818703445
D65,TVAE,R1,0.8406593406593407,0.9476744186046512,0.896551724137931,-0.05112269446672013
D65,TVAE,R2,0.8206521739130435,0.9476744186046512,0.896551724137931,-0.05112269446672013
D65,TVAE,R3,0.7631578947368421,0.9476744186046512,0.896551724137931,-0.05112269446672013
D65,CART,R1,0.9252873563218391,0.9476744186046512,0.896551724137931,-0.05112269446672013
D65,CART,R2,0.9590643274853801,0.9476744186046512,0.896551724137931,-0.05112269446672013
D65,CART,R3,0.9364161849710982,0.9476744186046512,0.896551724137931,-0.05112269446672013
D650,TVAE,R1,0.950509461426492,0.9793205317577548,0.9642857142857143,-0.015034817472040496
D650,TVAE,R2,0.9088319088319088,0.9793205317577548,0.9642857142857143,-0.015034817472040496
D650,TVAE,R3,0.9142857142857143,0.9793205317577548,0.9642857142857143,-0.015034817472040496
D650,CART,R1,0.900709219858156,0.9793205317577548,0.9642857142857143,-0.015034817472040496
D650,CART,R2,0.8585298196948682,0.9793205317577548,0.9642857142857143,-0.015034817472040496
D650,CART,R3,0.8820224719101124,0.9793205317577548,0.9642857142857143,-0.015034817472040496
D651,TVAE,R1,0.879382889200561,0.9676945668135095,0.9819819819819819,0.014287415168472428
D651,TVAE,R2,0.9034090909090909,0.9676945668135095,0.9819819819819819,0.014287415168472428
D651,TVAE,R3,0.8980169971671388,0.9676945668135095,0.9819819819819819,0.014287415168472428
D651,CART,R1,0.9420289855072463,0.9676945668135095,0.9819819819819819,0.014287415168472428
D651,CART,R2,0.9851851851851852,0.9676945668135095,0.9819819819819819,0.014287415168472428
D651,CART,R3,0.9590643274853801,0.9676945668135095,0.9819819819819819,0.014287415168472428
D652,TVAE,R1,0.8926553672316384,0.9225251076040172,0.8857142857142857,-0.036810821889731504
D652,TVAE,R2,0.876750700280112,0.9225251076040172,0.8857142857142857,-0.036810821889731504
D652,TVAE,R3,0.8688981868898187,0.9225251076040172,0.8857142857142857,-0.036810821889731504
D652,CART,R1,0.900709219858156,0.9225251076040172,0.8857142857142857,-0.036810821889731504
D652,CART,R2,0.9142857142857143,0.9225251076040172,0.8857142857142857,-0.036810821889731504
D652,CART,R3,0.9061166429587483,0.9225251076040172,0.8857142857142857,-0.036810821889731504
D653,TVAE,R1,0.9170243204577968,0.9910846953937593,0.9819819819819819,-0.009102713411777374
D653,TVAE,R2,0.9619326500732065,0.9910846953937593,0.9819819819819819,-0.009102713411777374
D653,TVAE,R3,0.879382889200561,0.9910846953937593,0.9819819819819819,-0.009102713411777374
D653,CART,R1,0.9676945668135095,0.9910846953937593,0.9819819819819819,-0.009102713411777374
D653,CART,R2,0.9476744186046512,0.9910846953937593,0.9819819819819819,-0.009102713411777374
D653,CART,R3,0.9648093841642229,0.9910846953937593,0.9819819819819819,-0.009102713411777374
D654,TVAE,R1,0.8741258741258742,0.9364161849710982,0.9020172910662824,-0.034398893904815875
D654,TVAE,R2,0.9252873563218391,0.9364161849710982,0.9020172910662824,-0.034398893904815875
D654,TVAE,R3,0.8533886583679114,0.9364161849710982,0.9020172910662824,-0.034398893904815875
D654,CART,R1,0.9252873563218391,0.9364161849710982,0.9020172910662824,-0.034398893904815875
D654,CART,R2,0.8953323903818954,0.9364161849710982,0.9020172910662824,-0.034398893904815875
D654,CART,R3,0.9280575539568345,0.9364161849710982,0.9020172910662824,-0.034398893904815875
D655,TVAE,R1,0.7701453104359313,0.9705882352941176,0.9879518072289156,0.017363571934797983
D655,TVAE,R2,0.8899858956276445,0.9705882352941176,0.9879518072289156,0.017363571934797983
D655,TVAE,R3,0.8820224719101124,0.9705882352941176,0.9879518072289156,0.017363571934797983
D655,CART,R1,0.9970193740685543,0.9705882352941176,0.9879518072289156,0.017363571934797983
D655,CART,R2,0.9881305637982196,0.9705882352941176,0.9879518072289156,0.017363571934797983
D655,CART,R3,0.976401179941003,0.9705882352941176,0.9879518072289156,0.017363571934797983
D656,TVAE,R1,0.876750700280112,0.9793205317577548,0.9584569732937686,-0.020863558463986243
D656,TVAE,R2,0.8636995827538247,0.9793205317577548,0.9584569732937686,-0.020863558463986243
D656,TVAE,R3,0.8926553672316384,0.9793205317577548,0.9584569732937686,-0.020863558463986243
D656,CART,R1,0.9476744186046512,0.9793205317577548,0.9584569732937686,-0.020863558463986243
D656,CART,R2,0.9420289855072463,0.9793205317577548,0.9584569732937686,-0.020863558463986243
D656,CART,R3,0.9225251076040172,0.9793205317577548,0.9584569732937686,-0.020863558463986243
D657,TVAE,R1,0.9280575539568345,0.9851851851851852,0.9701492537313433,-0.015035931453841855
D657,TVAE,R2,0.9562043795620438,0.9851851851851852,0.9701492537313433,-0.015035931453841855
D657,TVAE,R3,0.9619326500732065,0.9851851851851852,0.9701492537313433,-0.015035931453841855
D657,CART,R1,0.9562043795620438,0.9851851851851852,0.9701492537313433,-0.015035931453841855
D657,CART,R2,0.9533527696793003,0.9851851851851852,0.9701492537313433,-0.015035931453841855
D657,CART,R3,0.9336219336219336,0.9851851851851852,0.9701492537313433,-0.015035931453841855
D658,TVAE,R1,0.9225251076040172,0.9793205317577548,0.9701492537313433,-0.009171278026411489
D658,TVAE,R2,0.9851851851851852,0.9793205317577548,0.9701492537313433,-0.009171278026411489
D658,TVAE,R3,0.9676945668135095,0.9793205317577548,0.9701492537313433,-0.009171278026411489
D658,CART,R1,0.9940476190476191,0.9793205317577548,0.9701492537313433,-0.009171278026411489
D658,CART,R2,0.9940476190476191,0.9793205317577548,0.9701492537313433,-0.009171278026411489
D658,CART,R3,0.9940476190476191,0.9793205317577548,0.9701492537313433,-0.009171278026411489
D659,TVAE,R1,0.9280575539568345,0.9822485207100592,0.9411764705882353,-0.04107205012182391
D659,TVAE,R2,0.930835734870317,0.9822485207100592,0.9411764705882353,-0.04107205012182391
D659,TVAE,R3,0.8820224719101124,0.9822485207100592,0.9411764705882353,-0.04107205012182391
D659,CART,R1,0.976401179941003,0.9822485207100592,0.9411764705882353,-0.04107205012182391
D659,CART,R2,0.9252873563218391,0.9822485207100592,0.9411764705882353,-0.04107205012182391
D659,CART,R3,0.9562043795620438,0.9822485207100592,0.9411764705882353,-0.04107205012182391
D66,TVAE,R1,0.9142857142857143,0.9034090909090909,0.8333333333333334,-0.07007575757575757
D66,TVAE,R2,0.8010752688172043,0.9034090909090909,0.8333333333333334,-0.07007575757575757
D66,TVAE,R3,0.9476744186046512,0.9034090909090909,0.8333333333333334,-0.07007575757575757
D66,CART,R1,0.9705882352941176,0.9034090909090909,0.8333333333333334,-0.07007575757575757
D66,CART,R2,0.9705882352941176,0.9034090909090909,0.8333333333333334,-0.07007575757575757
D66,CART,R3,0.9705882352941176,0.9034090909090909,0.8333333333333334,-0.07007575757575757
D660,TVAE,R1,0.9088319088319088,0.9476744186046512,0.9075144508670521,-0.04015996773759911
D660,TVAE,R2,0.9705882352941176,0.9476744186046512,0.9075144508670521,-0.04015996773759911
D660,TVAE,R3,0.850828729281768,0.9476744186046512,0.9075144508670521,-0.04015996773759911
D660,CART,R1,0.9170243204577968,0.9476744186046512,0.9075144508670521,-0.04015996773759911
D660,CART,R2,0.9619326500732065,0.9476744186046512,0.9075144508670521,-0.04015996773759911
D660,CART,R3,0.9364161849710982,0.9476744186046512,0.9075144508670521,-0.04015996773759911
D661,TVAE,R1,0.9392185238784371,0.9851851851851852,0.9701492537313433,-0.015035931453841855
D661,TVAE,R2,0.9793205317577548,0.9851851851851852,0.9701492537313433,-0.015035931453841855
D661,TVAE,R3,0.9061166429587483,0.9851851851851852,0.9701492537313433,-0.015035931453841855
D661,CART,R1,0.9197707736389685,0.9851851851851852,0.9701492537313433,-0.015035931453841855
D661,CART,R2,0.930835734870317,0.9851851851851852,0.9701492537313433,-0.015035931453841855
D661,CART,R3,0.9142857142857143,0.9851851851851852,0.9701492537313433,-0.015035931453841855
D662,TVAE,R1,0.9142857142857143,0.9940476190476191,1.0,0.005952380952380931
D662,TVAE,R2,0.9793205317577548,0.9940476190476191,1.0,0.005952380952380931
D662,TVAE,R3,0.9705882352941176,0.9940476190476191,1.0,0.005952380952380931
D662,CART,R1,0.9793205317577548,0.9940476190476191,1.0,0.005952380952380931
D662,CART,R2,0.9619326500732065,0.9940476190476191,1.0,0.005952380952380931
D662,CART,R3,0.9336219336219336,0.9940476190476191,1.0,0.005952380952380931
D663,TVAE,R1,0.9476744186046512,0.9676945668135095,0.9819819819819819,0.014287415168472428
D663,TVAE,R2,0.9115549215406562,0.9676945668135095,0.9819819819819819,0.014287415168472428
D663,TVAE,R3,0.9822485207100592,0.9676945668135095,0.9819819819819819,0.014287415168472428
D663,CART,R1,0.9392185238784371,0.9676945668135095,0.9819819819819819,0.014287415168472428
D663,CART,R2,0.9562043795620438,0.9676945668135095,0.9819819819819819,0.014287415168472428
D663,CART,R3,0.9648093841642229,0.9676945668135095,0.9819819819819819,0.014287415168472428
D664,TVAE,R1,0.950509461426492,0.9336219336219336,0.8435754189944135,-0.09004651462752011
D664,TVAE,R2,0.9705882352941176,0.9336219336219336,0.8435754189944135,-0.09004651462752011
D664,TVAE,R3,0.9648093841642229,0.9336219336219336,0.8435754189944135,-0.09004651462752011
D664,CART,R1,0.8953323903818954,0.9336219336219336,0.8435754189944135,-0.09004651462752011
D664,CART,R2,0.9197707736389685,0.9336219336219336,0.8435754189944135,-0.09004651462752011
D664,CART,R3,0.950509461426492,0.9336219336219336,0.8435754189944135,-0.09004651462752011
D665,TVAE,R1,0.9088319088319088,0.9970193740685543,0.9939577039274925,-0.003061670141061845
D665,TVAE,R2,0.9881305637982196,0.9970193740685543,0.9939577039274925,-0.003061670141061845
D665,TVAE,R3,0.9034090909090909,0.9970193740685543,0.9939577039274925,-0.003061670141061845
D665,CART,R1,0.9676945668135095,0.9970193740685543,0.9939577039274925,-0.003061670141061845
D665,CART,R2,0.976401179941003,0.9970193740685543,0.9939577039274925,-0.003061670141061845
D665,CART,R3,0.9910846953937593,0.9970193740685543,0.9939577039274925,-0.003061670141061845
D666,TVAE,R1,0.9448476052249637,0.9705882352941176,0.9642857142857143,-0.006302521008403339
D666,TVAE,R2,0.8899858956276445,0.9705882352941176,0.9642857142857143,-0.006302521008403339
D666,TVAE,R3,0.9336219336219336,0.9705882352941176,0.9642857142857143,-0.006302521008403339
D666,CART,R1,0.9881305637982196,0.9705882352941176,0.9642857142857143,-0.006302521008403339
D666,CART,R2,0.9970193740685543,0.9705882352941176,0.9642857142857143,-0.006302521008403339
D666,CART,R3,0.9940476190476191,0.9705882352941176,0.9642857142857143,-0.006302521008403339
D667,TVAE,R1,0.9448476052249637,0.9910846953937593,0.9701492537313433,-0.02093544166241601
D667,TVAE,R2,0.9562043795620438,0.9910846953937593,0.9701492537313433,-0.02093544166241601
D667,TVAE,R3,0.9533527696793003,0.9910846953937593,0.9701492537313433,-0.02093544166241601
D667,CART,R1,0.9590643274853801,0.9910846953937593,0.9701492537313433,-0.02093544166241601
D667,CART,R2,0.9940476190476191,0.9910846953937593,0.9701492537313433,-0.02093544166241601
D667,CART,R3,0.9420289855072463,0.9910846953937593,0.9701492537313433,-0.02093544166241601
D668,TVAE,R1,0.9533527696793003,0.976401179941003,0.9879518072289156,0.011550627287912674
D668,TVAE,R2,0.9910846953937593,0.976401179941003,0.9879518072289156,0.011550627287912674
D668,TVAE,R3,0.8953323903818954,0.976401179941003,0.9879518072289156,0.011550627287912674
D668,CART,R1,0.9562043795620438,0.976401179941003,0.9879518072289156,0.011550627287912674
D668,CART,R2,0.9590643274853801,0.976401179941003,0.9879518072289156,0.011550627287912674
D668,CART,R3,0.9910846953937593,0.976401179941003,0.9879518072289156,0.011550627287912674
D669,TVAE,R1,0.8231292517006803,1.0,1.0,0.0
D669,TVAE,R2,0.8356164383561644,1.0,1.0,0.0
D669,TVAE,R3,0.8181818181818182,1.0,1.0,0.0
D669,CART,R1,0.9851851851851852,1.0,1.0,0.0
D669,CART,R2,0.976401179941003,1.0,1.0,0.0
D669,CART,R3,1.0,1.0,1.0,0.0
D67,TVAE,R1,0.8206521739130435,0.9590643274853801,0.9642857142857143,0.005221386800334238
D67,TVAE,R2,0.9476744186046512,0.9590643274853801,0.9642857142857143,0.005221386800334238
D67,TVAE,R3,0.9364161849710982,0.9590643274853801,0.9642857142857143,0.005221386800334238
D67,CART,R1,0.9590643274853801,0.9590643274853801,0.9642857142857143,0.005221386800334238
D67,CART,R2,0.9034090909090909,0.9590643274853801,0.9642857142857143,0.005221386800334238
D67,CART,R3,0.9142857142857143,0.9590643274853801,0.9642857142857143,0.005221386800334238
D670,TVAE,R1,0.900709219858156,0.9881305637982196,0.9819819819819819,-0.006148581816237675
D670,TVAE,R2,0.9562043795620438,0.9881305637982196,0.9819819819819819,-0.006148581816237675
D670,TVAE,R3,0.9088319088319088,0.9881305637982196,0.9819819819819819,-0.006148581816237675
D670,CART,R1,0.8846694796061885,0.9881305637982196,0.9819819819819819,-0.006148581816237675
D670,CART,R2,0.8953323903818954,0.9881305637982196,0.9819819819819819,-0.006148581816237675
D670,CART,R3,0.8899858956276445,0.9881305637982196,0.9819819819819819,-0.006148581816237675
D671,TVAE,R1,0.9851851851851852,0.9822485207100592,0.9186046511627907,-0.06364386954726853
D671,TVAE,R2,0.9619326500732065,0.9822485207100592,0.9186046511627907,-0.06364386954726853
D671,TVAE,R3,0.9225251076040172,0.9822485207100592,0.9186046511627907,-0.06364386954726853
D671,CART,R1,0.9252873563218391,0.9822485207100592,0.9186046511627907,-0.06364386954726853
D671,CART,R2,0.9392185238784371,0.9822485207100592,0.9186046511627907,-0.06364386954726853
D671,CART,R3,0.9676945668135095,0.9822485207100592,0.9186046511627907,-0.06364386954726853
D672,TVAE,R1,0.9881305637982196,0.9533527696793003,0.896551724137931,-0.05680104554136922
D672,TVAE,R2,0.976401179941003,0.9533527696793003,0.896551724137931,-0.05680104554136922
D672,TVAE,R3,0.9648093841642229,0.9533527696793003,0.896551724137931,-0.05680104554136922
D672,CART,R1,0.9910846953937593,0.9533527696793003,0.896551724137931,-0.05680104554136922
D672,CART,R2,0.9851851851851852,0.9533527696793003,0.896551724137931,-0.05680104554136922
D672,CART,R3,0.9822485207100592,0.9533527696793003,0.896551724137931,-0.05680104554136922
D673,TVAE,R1,0.7493472584856397,0.9940476190476191,0.9879518072289156,-0.006095811818703445
D673,TVAE,R2,0.8034993270524899,0.9940476190476191,0.9879518072289156,-0.006095811818703445
D673,TVAE,R3,0.7701453104359313,0.9940476190476191,0.9879518072289156,-0.006095811818703445
D673,CART,R1,0.9061166429587483,0.9940476190476191,0.9879518072289156,-0.006095811818703445
D673,CART,R2,0.9115549215406562,0.9940476190476191,0.9879518072289156,-0.006095811818703445
D673,CART,R3,0.9170243204577968,0.9940476190476191,0.9879518072289156,-0.006095811818703445
D674,TVAE,R1,0.8533886583679114,0.9734904270986745,0.9298245614035088,-0.04366586569516573
D674,TVAE,R2,0.9420289855072463,0.9734904270986745,0.9298245614035088,-0.04366586569516573
D674,TVAE,R3,0.9088319088319088,0.9734904270986745,0.9298245614035088,-0.04366586569516573
D674,CART,R1,0.9619326500732065,0.9734904270986745,0.9298245614035088,-0.04366586569516573
D674,CART,R2,0.9476744186046512,0.9734904270986745,0.9298245614035088,-0.04366586569516573
D674,CART,R3,0.9533527696793003,0.9734904270986745,0.9298245614035088,-0.04366586569516573
D675,TVAE,R1,0.8980169971671388,0.9705882352941176,0.9526627218934911,-0.017925513400626536
D675,TVAE,R2,0.9533527696793003,0.9705882352941176,0.9526627218934911,-0.017925513400626536
D675,TVAE,R3,0.9793205317577548,0.9705882352941176,0.9526627218934911,-0.017925513400626536
D675,CART,R1,0.8381344307270233,0.9705882352941176,0.9526627218934911,-0.017925513400626536
D675,CART,R2,0.8585298196948682,0.9705882352941176,0.9526627218934911,-0.017925513400626536
D675,CART,R3,0.8846694796061885,0.9705882352941176,0.9526627218934911,-0.017925513400626536
D676,TVAE,R1,0.8899858956276445,0.9851851851851852,0.9186046511627907,-0.0665805340223945
D676,TVAE,R2,0.9448476052249637,0.9851851851851852,0.9186046511627907,-0.0665805340223945
D676,TVAE,R3,0.8611111111111112,0.9851851851851852,0.9186046511627907,-0.0665805340223945
D676,CART,R1,0.976401179941003,0.9851851851851852,0.9186046511627907,-0.0665805340223945
D676,CART,R2,0.9734904270986745,0.9851851851851852,0.9186046511627907,-0.0665805340223945
D676,CART,R3,0.9793205317577548,0.9851851851851852,0.9186046511627907,-0.0665805340223945
D677,TVAE,R1,0.9533527696793003,0.9533527696793003,0.9075144508670521,-0.0458383188122482
D677,TVAE,R2,0.9280575539568345,0.9533527696793003,0.9075144508670521,-0.0458383188122482
D677,TVAE,R3,0.9392185238784371,0.9533527696793003,0.9075144508670521,-0.0458383188122482
D677,CART,R1,0.8457300275482094,0.9533527696793003,0.9075144508670521,-0.0458383188122482
D677,CART,R2,0.8688981868898187,0.9533527696793003,0.9075144508670521,-0.0458383188122482
D677,CART,R3,0.8715083798882681,0.9533527696793003,0.9075144508670521,-0.0458383188122482
D678,TVAE,R1,0.9170243204577968,0.9676945668135095,0.9469026548672567,-0.02079191194625285
D678,TVAE,R2,0.9420289855072463,0.9676945668135095,0.9469026548672567,-0.02079191194625285
D678,TVAE,R3,0.9851851851851852,0.9676945668135095,0.9469026548672567,-0.02079191194625285
D678,CART,R1,0.9910846953937593,0.9676945668135095,0.9469026548672567,-0.02079191194625285
D678,CART,R2,0.9648093841642229,0.9676945668135095,0.9469026548672567,-0.02079191194625285
D678,CART,R3,0.9705882352941176,0.9676945668135095,0.9469026548672567,-0.02079191194625285
D679,TVAE,R1,0.8611111111111112,0.9280575539568345,0.8232044198895028,-0.10485313406733177
D679,TVAE,R2,0.9061166429587483,0.9280575539568345,0.8232044198895028,-0.10485313406733177
D679,TVAE,R3,0.8662952646239555,0.9280575539568345,0.8232044198895028,-0.10485313406733177
D679,CART,R1,0.9034090909090909,0.9280575539568345,0.8232044198895028,-0.10485313406733177
D679,CART,R2,0.8846694796061885,0.9280575539568345,0.8232044198895028,-0.10485313406733177
D679,CART,R3,0.8980169971671388,0.9280575539568345,0.8232044198895028,-0.10485313406733177
D68,TVAE,R1,0.8306010928961749,0.8611111111111112,0.9186046511627907,0.057493540051679504
D68,TVAE,R2,0.9252873563218391,0.8611111111111112,0.9186046511627907,0.057493540051679504
D68,TVAE,R3,0.6834170854271356,0.8611111111111112,0.9186046511627907,0.057493540051679504
D68,CART,R1,0.8926553672316384,0.8611111111111112,0.9186046511627907,0.057493540051679504
D68,CART,R2,0.8206521739130435,0.8611111111111112,0.9186046511627907,0.057493540051679504
D68,CART,R3,0.850828729281768,0.8611111111111112,0.9186046511627907,0.057493540051679504
D680,TVAE,R1,0.9448476052249637,0.9476744186046512,0.9411764705882353,-0.0064979480164159
D680,TVAE,R2,0.9705882352941176,0.9476744186046512,0.9411764705882353,-0.0064979480164159
D680,TVAE,R3,0.9734904270986745,0.9476744186046512,0.9411764705882353,-0.0064979480164159
D680,CART,R1,0.8059299191374663,0.9476744186046512,0.9411764705882353,-0.0064979480164159
D680,CART,R2,0.8331053351573188,0.9476744186046512,0.9411764705882353,-0.0064979480164159
D680,CART,R3,0.8611111111111112,0.9476744186046512,0.9411764705882353,-0.0064979480164159
D681,TVAE,R1,0.9034090909090909,0.9940476190476191,0.9879518072289156,-0.006095811818703445
D681,TVAE,R2,0.9142857142857143,0.9940476190476191,0.9879518072289156,-0.006095811818703445
D681,TVAE,R3,0.9088319088319088,0.9940476190476191,0.9879518072289156,-0.006095811818703445
D681,CART,R1,0.9851851851851852,0.9940476190476191,0.9879518072289156,-0.006095811818703445
D681,CART,R2,0.9851851851851852,0.9940476190476191,0.9879518072289156,-0.006095811818703445
D681,CART,R3,0.9910846953937593,0.9940476190476191,0.9879518072289156,-0.006095811818703445
D682,TVAE,R1,0.8953323903818954,0.9793205317577548,0.9642857142857143,-0.015034817472040496
D682,TVAE,R2,0.9336219336219336,0.9793205317577548,0.9642857142857143,-0.015034817472040496
D682,TVAE,R3,0.9648093841642229,0.9793205317577548,0.9642857142857143,-0.015034817472040496
D682,CART,R1,0.900709219858156,0.9793205317577548,0.9642857142857143,-0.015034817472040496
D682,CART,R2,0.8953323903818954,0.9793205317577548,0.9642857142857143,-0.015034817472040496
D682,CART,R3,0.8980169971671388,0.9793205317577548,0.9642857142857143,-0.015034817472040496
D683,TVAE,R1,0.9280575539568345,0.9676945668135095,0.9819819819819819,0.014287415168472428
D683,TVAE,R2,0.9448476052249637,0.9676945668135095,0.9819819819819819,0.014287415168472428
D683,TVAE,R3,0.9734904270986745,0.9676945668135095,0.9819819819819819,0.014287415168472428
D683,CART,R1,0.9793205317577548,0.9676945668135095,0.9819819819819819,0.014287415168472428
D683,CART,R2,0.9822485207100592,0.9676945668135095,0.9819819819819819,0.014287415168472428
D683,CART,R3,0.9970193740685543,0.9676945668135095,0.9819819819819819,0.014287415168472428
D684,TVAE,R1,0.9280575539568345,0.9225251076040172,0.8857142857142857,-0.036810821889731504
D684,TVAE,R2,0.8381344307270233,0.9225251076040172,0.8857142857142857,-0.036810821889731504
D684,TVAE,R3,0.976401179941003,0.9225251076040172,0.8857142857142857,-0.036810821889731504
D684,CART,R1,0.9364161849710982,0.9225251076040172,0.8857142857142857,-0.036810821889731504
D684,CART,R2,0.9252873563218391,0.9225251076040172,0.8857142857142857,-0.036810821889731504
D684,CART,R3,0.9088319088319088,0.9225251076040172,0.8857142857142857,-0.036810821889731504
D685,TVAE,R1,0.8846694796061885,0.9910846953937593,0.9819819819819819,-0.009102713411777374
D685,TVAE,R2,0.8059299191374663,0.9910846953937593,0.9819819819819819,-0.009102713411777374
D685,TVAE,R3,0.9676945668135095,0.9910846953937593,0.9819819819819819,-0.009102713411777374
D685,CART,R1,0.976401179941003,0.9910846953937593,0.9819819819819819,-0.009102713411777374
D685,CART,R2,0.9851851851851852,0.9910846953937593,0.9819819819819819,-0.009102713411777374
D685,CART,R3,0.9734904270986745,0.9910846953937593,0.9819819819819819,-0.009102713411777374
D686,TVAE,R1,0.850828729281768,0.9364161849710982,0.9020172910662824,-0.034398893904815875
D686,TVAE,R2,0.8533886583679114,0.9364161849710982,0.9020172910662824,-0.034398893904815875
D686,TVAE,R3,0.8059299191374663,0.9364161849710982,0.9020172910662824,-0.034398893904815875
D686,CART,R1,0.9420289855072463,0.9364161849710982,0.9020172910662824,-0.034398893904815875
D686,CART,R2,0.9088319088319088,0.9364161849710982,0.9020172910662824,-0.034398893904815875
D686,CART,R3,0.9170243204577968,0.9364161849710982,0.9020172910662824,-0.034398893904815875
D687,TVAE,R1,0.9881305637982196,0.9705882352941176,0.9879518072289156,0.017363571934797983
D687,TVAE,R2,0.9734904270986745,0.9705882352941176,0.9879518072289156,0.017363571934797983
D687,TVAE,R3,0.9793205317577548,0.9705882352941176,0.9879518072289156,0.017363571934797983
D687,CART,R1,0.9533527696793003,0.9705882352941176,0.9879518072289156,0.017363571934797983
D687,CART,R2,0.9676945668135095,0.9705882352941176,0.9879518072289156,0.017363571934797983
D687,CART,R3,0.9851851851851852,0.9705882352941176,0.9879518072289156,0.017363571934797983
D688,TVAE,R1,0.9533527696793003,0.9793205317577548,0.9584569732937686,-0.020863558463986243
D688,TVAE,R2,0.9115549215406562,0.9793205317577548,0.9584569732937686,-0.020863558463986243
D688,TVAE,R3,0.9851851851851852,0.9793205317577548,0.9584569732937686,-0.020863558463986243
D688,CART,R1,0.9648093841642229,0.9793205317577548,0.9584569732937686,-0.020863558463986243
D688,CART,R2,0.9252873563218391,0.9793205317577548,0.9584569732937686,-0.020863558463986243
D688,CART,R3,0.9061166429587483,0.9793205317577548,0.9584569732937686,-0.020863558463986243
D689,TVAE,R1,0.9392185238784371,0.9851851851851852,0.9701492537313433,-0.015035931453841855
D689,TVAE,R2,0.8457300275482094,0.9851851851851852,0.9701492537313433,-0.015035931453841855
D689,TVAE,R3,0.7701453104359313,0.9851851851851852,0.9701492537313433,-0.015035931453841855
D689,CART,R1,0.9392185238784371,0.9851851851851852,0.9701492537313433,-0.015035931453841855
D689,CART,R2,0.9648093841642229,0.9851851851851852,0.9701492537313433,-0.015035931453841855
D689,CART,R3,0.9448476052249637,0.9851851851851852,0.9701492537313433,-0.015035931453841855
D69,TVAE,R1,0.9590643274853801,0.9476744186046512,0.896551724137931,-0.05112269446672013
D69,TVAE,R2,0.8611111111111112,0.9476744186046512,0.896551724137931,-0.05112269446672013
D69,TVAE,R3,0.9590643274853801,0.9476744186046512,0.896551724137931,-0.05112269446672013
D69,CART,R1,0.9252873563218391,0.9476744186046512,0.896551724137931,-0.05112269446672013
D69,CART,R2,0.9364161849710982,0.9476744186046512,0.896551724137931,-0.05112269446672013
D69,CART,R3,0.9034090909090909,0.9476744186046512,0.896551724137931,-0.05112269446672013
D690,TVAE,R1,0.7654808959156785,0.9793205317577548,0.9701492537313433,-0.009171278026411489
D690,TVAE,R2,0.850828729281768,0.9793205317577548,0.9701492537313433,-0.009171278026411489
D690,TVAE,R3,0.9619326500732065,0.9793205317577548,0.9701492537313433,-0.009171278026411489
D690,CART,R1,0.9910846953937593,0.9793205317577548,0.9701492537313433,-0.009171278026411489
D690,CART,R2,0.9851851851851852,0.9793205317577548,0.9701492537313433,-0.009171278026411489
D690,CART,R3,1.0,0.9793205317577548,0.9701492537313433,-0.009171278026411489
D691,TVAE,R1,0.7701453104359313,0.9822485207100592,0.9411764705882353,-0.04107205012182391
D691,TVAE,R2,0.8132611637347767,0.9822485207100592,0.9411764705882353,-0.04107205012182391
D691,TVAE,R3,0.8306010928961749,0.9822485207100592,0.9411764705882353,-0.04107205012182391
D691,CART,R1,0.976401179941003,0.9822485207100592,0.9411764705882353,-0.04107205012182391
D691,CART,R2,0.9793205317577548,0.9822485207100592,0.9411764705882353,-0.04107205012182391
D691,CART,R3,0.950509461426492,0.9822485207100592,0.9411764705882353,-0.04107205012182391
D692,TVAE,R1,0.8873239436619719,0.9476744186046512,0.9075144508670521,-0.04015996773759911
D692,TVAE,R2,0.9392185238784371,0.9476744186046512,0.9075144508670521,-0.04015996773759911
D692,TVAE,R3,0.9793205317577548,0.9476744186046512,0.9075144508670521,-0.04015996773759911
D692,CART,R1,0.930835734870317,0.9476744186046512,0.9075144508670521,-0.04015996773759911
D692,CART,R2,0.9676945668135095,0.9476744186046512,0.9075144508670521,-0.04015996773759911
D692,CART,R3,0.9280575539568345,0.9476744186046512,0.9075144508670521,-0.04015996773759911
D693,TVAE,R1,0.9910846953937593,0.9851851851851852,0.9701492537313433,-0.015035931453841855
D693,TVAE,R2,0.9034090909090909,0.9851851851851852,0.9701492537313433,-0.015035931453841855
D693,TVAE,R3,0.9252873563218391,0.9851851851851852,0.9701492537313433,-0.015035931453841855
D693,CART,R1,0.9170243204577968,0.9851851851851852,0.9701492537313433,-0.015035931453841855
D693,CART,R2,0.9392185238784371,0.9851851851851852,0.9701492537313433,-0.015035931453841855
D693,CART,R3,0.9170243204577968,0.9851851851851852,0.9701492537313433,-0.015035931453841855
D694,TVAE,R1,0.930835734870317,0.9940476190476191,1.0,0.005952380952380931
D694,TVAE,R2,0.9910846953937593,0.9940476190476191,1.0,0.005952380952380931
D694,TVAE,R3,0.9225251076040172,0.9940476190476191,1.0,0.005952380952380931
D694,CART,R1,0.9793205317577548,0.9940476190476191,1.0,0.005952380952380931
D694,CART,R2,0.9705882352941176,0.9940476190476191,1.0,0.005952380952380931
D694,CART,R3,0.9851851851851852,0.9940476190476191,1.0,0.005952380952380931
D695,TVAE,R1,0.9562043795620438,0.9676945668135095,0.9819819819819819,0.014287415168472428
D695,TVAE,R2,0.900709219858156,0.9676945668135095,0.9819819819819819,0.014287415168472428
D695,TVAE,R3,0.9590643274853801,0.9676945668135095,0.9819819819819819,0.014287415168472428
D695,CART,R1,0.9590643274853801,0.9676945668135095,0.9819819819819819,0.014287415168472428
D695,CART,R2,0.9881305637982196,0.9676945668135095,0.9819819819819819,0.014287415168472428
D695,CART,R3,0.9793205317577548,0.9676945668135095,0.9819819819819819,0.014287415168472428
D696,TVAE,R1,0.9881305637982196,0.9336219336219336,0.8435754189944135,-0.09004651462752011
D696,TVAE,R2,0.9822485207100592,0.9336219336219336,0.8435754189944135,-0.09004651462752011
D696,TVAE,R3,0.9676945668135095,0.9336219336219336,0.8435754189944135,-0.09004651462752011
D696,CART,R1,0.9448476052249637,0.9336219336219336,0.8435754189944135,-0.09004651462752011
D696,CART,R2,0.9115549215406562,0.9336219336219336,0.8435754189944135,-0.09004651462752011
D696,CART,R3,0.9252873563218391,0.9336219336219336,0.8435754189944135,-0.09004651462752011
D697,TVAE,R1,0.9533527696793003,0.9970193740685543,0.9939577039274925,-0.003061670141061845
D697,TVAE,R2,0.9822485207100592,0.9970193740685543,0.9939577039274925,-0.003061670141061845
D697,TVAE,R3,0.9676945668135095,0.9970193740685543,0.9939577039274925,-0.003061670141061845
D697,CART,R1,0.9734904270986745,0.9970193740685543,0.9939577039274925,-0.003061670141061845
D697,CART,R2,0.976401179941003,0.9970193740685543,0.9939577039274925,-0.003061670141061845
D697,CART,R3,0.9590643274853801,0.9970193740685543,0.9939577039274925,-0.003061670141061845
D698,TVAE,R1,0.9225251076040172,0.9705882352941176,0.9642857142857143,-0.006302521008403339
D698,TVAE,R2,0.9476744186046512,0.9705882352941176,0.9642857142857143,-0.006302521008403339
D698,TVAE,R3,0.9676945668135095,0.9705882352941176,0.9642857142857143,-0.006302521008403339
D698,CART,R1,0.9793205317577548,0.9705882352941176,0.9642857142857143,-0.006302521008403339
D698,CART,R2,0.9822485207100592,0.9705882352941176,0.9642857142857143,-0.006302521008403339
D698,CART,R3,0.9851851851851852,0.9705882352941176,0.9642857142857143,-0.006302521008403339
D699,TVAE,R1,0.9533527696793003,0.9910846953937593,0.9701492537313433,-0.02093544166241601
D699,TVAE,R2,0.9910846953937593,0.9910846953937593,0.9701492537313433,-0.02093544166241601
D699,TVAE,R3,0.9619326500732065,0.9910846953937593,0.9701492537313433,-0.02093544166241601
D699,CART,R1,1.0,0.9910846953937593,0.9701492537313433,-0.02093544166241601
D699,CART,R2,0.9822485207100592,0.9910846953937593,0.9701492537313433,-0.02093544166241601
D699,CART,R3,0.9705882352941176,0.9910846953937593,0.9701492537313433,-0.02093544166241601
D7,TVAE,R1,0.7539267015706806,0.9940476190476191,0.9879518072289156,-0.006095811818703445
D7,TVAE,R2,0.7724867724867724,0.9940476190476191,0.9879518072289156,-0.006095811818703445
D7,TVAE,R3,0.6421568627450981,0.9940476190476191,0.9879518072289156,-0.006095811818703445
D7,CART,R1,0.9142857142857143,0.9940476190476191,0.9879518072289156,-0.006095811818703445
D7,CART,R2,0.9364161849710982,0.9940476190476191,0.9879518072289156,-0.006095811818703445
D7,CART,R3,0.9476744186046512,0.9940476190476191,0.9879518072289156,-0.006095811818703445
D70,TVAE,R1,0.8010752688172043,0.9142857142857143,0.8333333333333334,-0.08095238095238089
D70,TVAE,R2,0.9705882352941176,0.9142857142857143,0.8333333333333334,-0.08095238095238089
D70,TVAE,R3,0.8820224719101124,0.9142857142857143,0.8333333333333334,-0.08095238095238089
D70,CART,R1,0.850828729281768,0.9142857142857143,0.8333333333333334,-0.08095238095238089
D70,CART,R2,0.8715083798882681,0.9142857142857143,0.8333333333333334,-0.08095238095238089
D70,CART,R3,0.8820224719101124,0.9142857142857143,0.8333333333333334,-0.08095238095238089
D700,TVAE,R1,0.8715083798882681,0.976401179941003,0.9879518072289156,0.011550627287912674
D700,TVAE,R2,0.9476744186046512,0.976401179941003,0.9879518072289156,0.011550627287912674
D700,TVAE,R3,0.976401179941003,0.976401179941003,0.9879518072289156,0.011550627287912674
D700,CART,R1,1.0,0.976401179941003,0.9879518072289156,0.011550627287912674
D700,CART,R2,0.9910846953937593,0.976401179941003,0.9879518072289156,0.011550627287912674
D700,CART,R3,0.9822485207100592,0.976401179941003,0.9879518072289156,0.011550627287912674
D701,TVAE,R1,0.9533527696793003,1.0,1.0,0.0
D701,TVAE,R2,0.8953323903818954,1.0,1.0,0.0
D701,TVAE,R3,0.9364161849710982,1.0,1.0,0.0
D701,CART,R1,0.9881305637982196,1.0,1.0,0.0
D701,CART,R2,0.9648093841642229,1.0,1.0,0.0
D701,CART,R3,0.9448476052249637,1.0,1.0,0.0
D702,TVAE,R1,0.8157181571815718,0.9881305637982196,0.9819819819819819,-0.006148581816237675
D702,TVAE,R2,0.976401179941003,0.9881305637982196,0.9819819819819819,-0.006148581816237675
D702,TVAE,R3,0.9619326500732065,0.9881305637982196,0.9819819819819819,-0.006148581816237675
D702,CART,R1,0.8926553672316384,0.9881305637982196,0.9819819819819819,-0.006148581816237675
D702,CART,R2,0.879382889200561,0.9881305637982196,0.9819819819819819,-0.006148581816237675
D702,CART,R3,0.9034090909090909,0.9881305637982196,0.9819819819819819,-0.006148581816237675
D703,TVAE,R1,0.8034993270524899,0.9822485207100592,0.9186046511627907,-0.06364386954726853
D703,TVAE,R2,0.8533886583679114,0.9822485207100592,0.9186046511627907,-0.06364386954726853
D703,TVAE,R3,0.9197707736389685,0.9822485207100592,0.9186046511627907,-0.06364386954726853
D703,CART,R1,0.976401179941003,0.9822485207100592,0.9186046511627907,-0.06364386954726853
D703,CART,R2,0.9562043795620438,0.9822485207100592,0.9186046511627907,-0.06364386954726853
D703,CART,R3,0.9448476052249637,0.9822485207100592,0.9186046511627907,-0.06364386954726853
D704,TVAE,R1,0.9088319088319088,0.9533527696793003,0.896551724137931,-0.05680104554136922
D704,TVAE,R2,0.9170243204577968,0.9533527696793003,0.896551724137931,-0.05680104554136922
D704,TVAE,R3,0.8611111111111112,0.9533527696793003,0.896551724137931,-0.05680104554136922
D704,CART,R1,0.9822485207100592,0.9533527696793003,0.896551724137931,-0.05680104554136922
D704,CART,R2,0.9734904270986745,0.9533527696793003,0.896551724137931,-0.05680104554136922
D704,CART,R3,0.9881305637982196,0.9533527696793003,0.896551724137931,-0.05680104554136922
D705,TVAE,R1,0.8662952646239555,0.9940476190476191,0.9879518072289156,-0.006095811818703445
D705,TVAE,R2,0.9793205317577548,0.9940476190476191,0.9879518072289156,-0.006095811818703445
D705,TVAE,R3,0.9940476190476191,0.9940476190476191,0.9879518072289156,-0.006095811818703445
D705,CART,R1,0.9142857142857143,0.9940476190476191,0.9879518072289156,-0.006095811818703445
D705,CART,R2,0.9142857142857143,0.9940476190476191,0.9879518072289156,-0.006095811818703445
D705,CART,R3,0.9142857142857143,0.9940476190476191,0.9879518072289156,-0.006095811818703445
D706,TVAE,R1,0.8457300275482094,0.9734904270986745,0.9298245614035088,-0.04366586569516573
D706,TVAE,R2,0.9280575539568345,0.9734904270986745,0.9298245614035088,-0.04366586569516573
D706,TVAE,R3,0.9705882352941176,0.9734904270986745,0.9298245614035088,-0.04366586569516573
D706,CART,R1,0.9562043795620438,0.9734904270986745,0.9298245614035088,-0.04366586569516573
D706,CART,R2,0.950509461426492,0.9734904270986745,0.9298245614035088,-0.04366586569516573
D706,CART,R3,0.9676945668135095,0.9734904270986745,0.9298245614035088,-0.04366586569516573
D707,TVAE,R1,0.9252873563218391,0.9705882352941176,0.9526627218934911,-0.017925513400626536
D707,TVAE,R2,0.9793205317577548,0.9705882352941176,0.9526627218934911,-0.017925513400626536
D707,TVAE,R3,0.9476744186046512,0.9705882352941176,0.9526627218934911,-0.017925513400626536
D707,CART,R1,0.8662952646239555,0.9705882352941176,0.9526627218934911,-0.017925513400626536
D707,CART,R2,0.8662952646239555,0.9705882352941176,0.9526627218934911,-0.017925513400626536
D707,CART,R3,0.8457300275482094,0.9705882352941176,0.9526627218934911,-0.017925513400626536
D708,TVAE,R1,0.976401179941003,0.9851851851851852,0.9186046511627907,-0.0665805340223945
D708,TVAE,R2,0.9061166429587483,0.9851851851851852,0.9186046511627907,-0.0665805340223945
D708,TVAE,R3,0.8846694796061885,0.9851851851851852,0.9186046511627907,-0.0665805340223945
D708,CART,R1,0.950509461426492,0.9851851851851852,0.9186046511627907,-0.0665805340223945
D708,CART,R2,0.9590643274853801,0.9851851851851852,0.9186046511627907,-0.0665805340223945
D708,CART,R3,0.9822485207100592,0.9851851851851852,0.9186046511627907,-0.0665805340223945
D709,TVAE,R1,0.9252873563218391,0.9533527696793003,0.9075144508670521,-0.0458383188122482
D709,TVAE,R2,0.8873239436619719,0.9533527696793003,0.9075144508670521,-0.0458383188122482
D709,TVAE,R3,0.950509461426492,0.9533527696793003,0.9075144508670521,-0.0458383188122482
D709,CART,R1,0.8688981868898187,0.9533527696793003,0.9075144508670521,-0.0458383188122482
D709,CART,R2,0.8662952646239555,0.9533527696793003,0.9075144508670521,-0.0458383188122482
D709,CART,R3,0.8662952646239555,0.9533527696793003,0.9075144508670521,-0.0458383188122482
D71,TVAE,R1,0.9705882352941176,0.9940476190476191,0.9879518072289156,-0.006095811818703445
D71,TVAE,R2,0.8926553672316384,0.9940476190476191,0.9879518072289156,-0.006095811818703445
D71,TVAE,R3,0.9364161849710982,0.9940476190476191,0.9879518072289156,-0.006095811818703445
D71,CART,R1,0.9590643274853801,0.9940476190476191,0.9879518072289156,-0.006095811818703445
D71,CART,R2,0.9476744186046512,0.9940476190476191,0.9879518072289156,-0.006095811818703445
D71,CART,R3,0.9590643274853801,0.9940476190476191,0.9879518072289156,-0.006095811818703445
D710,TVAE,R1,0.9648093841642229,0.9676945668135095,0.9469026548672567,-0.02079191194625285
D710,TVAE,R2,0.9970193740685543,0.9676945668135095,0.9469026548672567,-0.02079191194625285
D710,TVAE,R3,0.9676945668135095,0.9676945668135095,0.9469026548672567,-0.02079191194625285
D710,CART,R1,0.9705882352941176,0.9676945668135095,0.9469026548672567,-0.02079191194625285
D710,CART,R2,0.9793205317577548,0.9676945668135095,0.9469026548672567,-0.02079191194625285
D710,CART,R3,0.9705882352941176,0.9676945668135095,0.9469026548672567,-0.02079191194625285
D711,TVAE,R1,0.9142857142857143,0.9280575539568345,0.8232044198895028,-0.10485313406733177
D711,TVAE,R2,0.8083670715249662,0.9280575539568345,0.8232044198895028,-0.10485313406733177
D711,TVAE,R3,0.8256130790190735,0.9280575539568345,0.8232044198895028,-0.10485313406733177
D711,CART,R1,0.8980169971671388,0.9280575539568345,0.8232044198895028,-0.10485313406733177
D711,CART,R2,0.9115549215406562,0.9280575539568345,0.8232044198895028,-0.10485313406733177
D711,CART,R3,0.9061166429587483,0.9280575539568345,0.8232044198895028,-0.10485313406733177
D712,TVAE,R1,0.930835734870317,0.9476744186046512,0.9411764705882353,-0.0064979480164159
D712,TVAE,R2,0.9910846953937593,0.9476744186046512,0.9411764705882353,-0.0064979480164159
D712,TVAE,R3,0.9910846953937593,0.9476744186046512,0.9411764705882353,-0.0064979480164159
D712,CART,R1,0.8281036834924966,0.9476744186046512,0.9411764705882353,-0.0064979480164159
D712,CART,R2,0.8381344307270233,0.9476744186046512,0.9411764705882353,-0.0064979480164159
D712,CART,R3,0.8356164383561644,0.9476744186046512,0.9411764705882353,-0.0064979480164159
D713,TVAE,R1,0.9448476052249637,0.9940476190476191,0.9879518072289156,-0.006095811818703445
D713,TVAE,R2,0.9420289855072463,0.9940476190476191,0.9879518072289156,-0.006095811818703445
D713,TVAE,R3,0.9705882352941176,0.9940476190476191,0.9879518072289156,-0.006095811818703445
D713,CART,R1,0.9822485207100592,0.9940476190476191,0.9879518072289156,-0.006095811818703445
D713,CART,R2,0.9881305637982196,0.9940476190476191,0.9879518072289156,-0.006095811818703445
D713,CART,R3,0.9881305637982196,0.9940476190476191,0.9879518072289156,-0.006095811818703445
D714,TVAE,R1,0.9533527696793003,0.9793205317577548,0.9642857142857143,-0.015034817472040496
D714,TVAE,R2,0.950509461426492,0.9793205317577548,0.9642857142857143,-0.015034817472040496
D714,TVAE,R3,0.9822485207100592,0.9793205317577548,0.9642857142857143,-0.015034817472040496
D714,CART,R1,0.9061166429587483,0.9793205317577548,0.9642857142857143,-0.015034817472040496
D714,CART,R2,0.8873239436619719,0.9793205317577548,0.9642857142857143,-0.015034817472040496
D714,CART,R3,0.8820224719101124,0.9793205317577548,0.9642857142857143,-0.015034817472040496
D715,TVAE,R1,0.9448476052249637,0.9676945668135095,0.9819819819819819,0.014287415168472428
D715,TVAE,R2,0.9448476052249637,0.9676945668135095,0.9819819819819819,0.014287415168472428
D715,TVAE,R3,0.9648093841642229,0.9676945668135095,0.9819819819819819,0.014287415168472428
D715,CART,R1,0.9705882352941176,0.9676945668135095,0.9819819819819819,0.014287415168472428
D715,CART,R2,0.976401179941003,0.9676945668135095,0.9819819819819819,0.014287415168472428
D715,CART,R3,0.9851851851851852,0.9676945668135095,0.9819819819819819,0.014287415168472428
D716,TVAE,R1,0.9034090909090909,0.9225251076040172,0.8857142857142857,-0.036810821889731504
D716,TVAE,R2,0.9115549215406562,0.9225251076040172,0.8857142857142857,-0.036810821889731504
D716,TVAE,R3,0.9392185238784371,0.9225251076040172,0.8857142857142857,-0.036810821889731504
D716,CART,R1,0.9336219336219336,0.9225251076040172,0.8857142857142857,-0.036810821889731504
D716,CART,R2,0.9061166429587483,0.9225251076040172,0.8857142857142857,-0.036810821889731504
D716,CART,R3,0.9088319088319088,0.9225251076040172,0.8857142857142857,-0.036810821889731504
D717,TVAE,R1,0.9476744186046512,0.9910846953937593,0.9819819819819819,-0.009102713411777374
D717,TVAE,R2,0.8688981868898187,0.9910846953937593,0.9819819819819819,-0.009102713411777374
D717,TVAE,R3,0.9142857142857143,0.9910846953937593,0.9819819819819819,-0.009102713411777374
D717,CART,R1,0.9734904270986745,0.9910846953937593,0.9819819819819819,-0.009102713411777374
D717,CART,R2,0.976401179941003,0.9910846953937593,0.9819819819819819,-0.009102713411777374
D717,CART,R3,0.9822485207100592,0.9910846953937593,0.9819819819819819,-0.009102713411777374
D718,TVAE,R1,0.8406593406593407,0.9364161849710982,0.9020172910662824,-0.034398893904815875
D718,TVAE,R2,0.8132611637347767,0.9364161849710982,0.9020172910662824,-0.034398893904815875
D718,TVAE,R3,0.8281036834924966,0.9364161849710982,0.9020172910662824,-0.034398893904815875
D718,CART,R1,0.9061166429587483,0.9364161849710982,0.9020172910662824,-0.034398893904815875
D718,CART,R2,0.9197707736389685,0.9364161849710982,0.9020172910662824,-0.034398893904815875
D718,CART,R3,0.9280575539568345,0.9364161849710982,0.9020172910662824,-0.034398893904815875
D719,TVAE,R1,0.9793205317577548,0.9705882352941176,0.9879518072289156,0.017363571934797983
D719,TVAE,R2,0.9881305637982196,0.9705882352941176,0.9879518072289156,0.017363571934797983
D719,TVAE,R3,0.9280575539568345,0.9705882352941176,0.9879518072289156,0.017363571934797983
D719,CART,R1,0.9881305637982196,0.9705882352941176,0.9879518072289156,0.017363571934797983
D719,CART,R2,0.9822485207100592,0.9705882352941176,0.9879518072289156,0.017363571934797983
D719,CART,R3,0.9705882352941176,0.9705882352941176,0.9879518072289156,0.017363571934797983
D72,TVAE,R1,0.8306010928961749,0.9252873563218391,0.896551724137931,-0.028735632183908066
D72,TVAE,R2,0.7268041237113402,0.9252873563218391,0.896551724137931,-0.028735632183908066
D72,TVAE,R3,0.675,0.9252873563218391,0.896551724137931,-0.028735632183908066
D72,CART,R1,0.8306010928961749,0.9252873563218391,0.896551724137931,-0.028735632183908066
D72,CART,R2,0.8306010928961749,0.9252873563218391,0.896551724137931,-0.028735632183908066
D72,CART,R3,0.8926553672316384,0.9252873563218391,0.896551724137931,-0.028735632183908066
D720,TVAE,R1,0.9619326500732065,0.9793205317577548,0.9584569732937686,-0.020863558463986243
D720,TVAE,R2,0.9734904270986745,0.9793205317577548,0.9584569732937686,-0.020863558463986243
D720,TVAE,R3,0.9590643274853801,0.9793205317577548,0.9584569732937686,-0.020863558463986243
D720,CART,R1,0.9252873563218391,0.9793205317577548,0.9584569732937686,-0.020863558463986243
D720,CART,R2,0.9142857142857143,0.9793205317577548,0.9584569732937686,-0.020863558463986243
D720,CART,R3,0.9088319088319088,0.9793205317577548,0.9584569732937686,-0.020863558463986243
D721,TVAE,R1,0.9970193740685543,0.9851851851851852,0.9701492537313433,-0.015035931453841855
D721,TVAE,R2,0.9448476052249637,0.9851851851851852,0.9701492537313433,-0.015035931453841855
D721,TVAE,R3,0.9619326500732065,0.9851851851851852,0.9701492537313433,-0.015035931453841855
D721,CART,R1,0.950509461426492,0.9851851851851852,0.9701492537313433,-0.015035931453841855
D721,CART,R2,0.950509461426492,0.9851851851851852,0.9701492537313433,-0.015035931453841855
D721,CART,R3,0.950509461426492,0.9851851851851852,0.9701492537313433,-0.015035931453841855
D722,TVAE,R1,0.9881305637982196,0.9793205317577548,0.9701492537313433,-0.009171278026411489
D722,TVAE,R2,0.9793205317577548,0.9793205317577548,0.9701492537313433,-0.009171278026411489
D722,TVAE,R3,0.9280575539568345,0.9793205317577548,0.9701492537313433,-0.009171278026411489
D722,CART,R1,0.9881305637982196,0.9793205317577548,0.9701492537313433,-0.009171278026411489
D722,CART,R2,1.0,0.9793205317577548,0.9701492537313433,-0.009171278026411489
D722,CART,R3,0.9881305637982196,0.9793205317577548,0.9701492537313433,-0.009171278026411489
D723,TVAE,R1,0.9476744186046512,0.9822485207100592,0.9411764705882353,-0.04107205012182391
D723,TVAE,R2,0.8559556786703602,0.9822485207100592,0.9411764705882353,-0.04107205012182391
D723,TVAE,R3,0.9851851851851852,0.9822485207100592,0.9411764705882353,-0.04107205012182391
D723,CART,R1,0.9476744186046512,0.9822485207100592,0.9411764705882353,-0.04107205012182391
D723,CART,R2,0.9562043795620438,0.9822485207100592,0.9411764705882353,-0.04107205012182391
D723,CART,R3,0.976401179941003,0.9822485207100592,0.9411764705882353,-0.04107205012182391
D724,TVAE,R1,0.8559556786703602,0.9476744186046512,0.9075144508670521,-0.04015996773759911
D724,TVAE,R2,0.9562043795620438,0.9476744186046512,0.9075144508670521,-0.04015996773759911
D724,TVAE,R3,0.850828729281768,0.9476744186046512,0.9075144508670521,-0.04015996773759911
D724,CART,R1,0.9280575539568345,0.9476744186046512,0.9075144508670521,-0.04015996773759911
D724,CART,R2,0.9392185238784371,0.9476744186046512,0.9075144508670521,-0.04015996773759911
D724,CART,R3,0.9142857142857143,0.9476744186046512,0.9075144508670521,-0.04015996773759911
D725,TVAE,R1,0.9448476052249637,0.9851851851851852,0.9701492537313433,-0.015035931453841855
D725,TVAE,R2,0.9252873563218391,0.9851851851851852,0.9701492537313433,-0.015035931453841855
D725,TVAE,R3,0.9225251076040172,0.9851851851851852,0.9701492537313433,-0.015035931453841855
D725,CART,R1,0.9170243204577968,0.9851851851851852,0.9701492537313433,-0.015035931453841855
D725,CART,R2,0.9170243204577968,0.9851851851851852,0.9701492537313433,-0.015035931453841855
D725,CART,R3,0.9170243204577968,0.9851851851851852,0.9701492537313433,-0.015035931453841855
D726,TVAE,R1,0.976401179941003,0.9940476190476191,1.0,0.005952380952380931
D726,TVAE,R2,0.976401179941003,0.9940476190476191,1.0,0.005952380952380931
D726,TVAE,R3,0.976401179941003,0.9940476190476191,1.0,0.005952380952380931
D726,CART,R1,0.9793205317577548,0.9940476190476191,1.0,0.005952380952380931
D726,CART,R2,0.9734904270986745,0.9940476190476191,1.0,0.005952380952380931
D726,CART,R3,0.9822485207100592,0.9940476190476191,1.0,0.005952380952380931
D727,TVAE,R1,0.9280575539568345,0.9676945668135095,0.9819819819819819,0.014287415168472428
D727,TVAE,R2,0.9533527696793003,0.9676945668135095,0.9819819819819819,0.014287415168472428
D727,TVAE,R3,0.9940476190476191,0.9676945668135095,0.9819819819819819,0.014287415168472428
D727,CART,R1,0.9822485207100592,0.9676945668135095,0.9819819819819819,0.014287415168472428
D727,CART,R2,0.9822485207100592,0.9676945668135095,0.9819819819819819,0.014287415168472428
D727,CART,R3,0.9619326500732065,0.9676945668135095,0.9819819819819819,0.014287415168472428
D728,TVAE,R1,0.9420289855072463,0.9336219336219336,0.8435754189944135,-0.09004651462752011
D728,TVAE,R2,0.8559556786703602,0.9336219336219336,0.8435754189944135,-0.09004651462752011
D728,TVAE,R3,0.9280575539568345,0.9336219336219336,0.8435754189944135,-0.09004651462752011
D728,CART,R1,0.9448476052249637,0.9336219336219336,0.8435754189944135,-0.09004651462752011
D728,CART,R2,0.9061166429587483,0.9336219336219336,0.8435754189944135,-0.09004651462752011
D728,CART,R3,0.8953323903818954,0.9336219336219336,0.8435754189944135,-0.09004651462752011
D729,TVAE,R1,0.8953323903818954,0.9970193740685543,0.9939577039274925,-0.003061670141061845
D729,TVAE,R2,0.8953323903818954,0.9970193740685543,0.9939577039274925,-0.003061670141061845
D729,TVAE,R3,0.9061166429587483,0.9970193740685543,0.9939577039274925,-0.003061670141061845
D729,CART,R1,0.9619326500732065,0.9970193740685543,0.9939577039274925,-0.003061670141061845
D729,CART,R2,0.9619326500732065,0.9970193740685543,0.9939577039274925,-0.003061670141061845
D729,CART,R3,0.9705882352941176,0.9970193740685543,0.9939577039274925,-0.003061670141061845
D73,TVAE,R1,0.8010752688172043,0.9590643274853801,0.9186046511627907,-0.0404596763225894
D73,TVAE,R2,0.7914438502673797,0.9590643274853801,0.9186046511627907,-0.0404596763225894
D73,TVAE,R3,0.850828729281768,0.9590643274853801,0.9186046511627907,-0.0404596763225894
D73,CART,R1,0.9822485207100592,0.9590643274853801,0.9186046511627907,-0.0404596763225894
D73,CART,R2,0.9822485207100592,0.9590643274853801,0.9186046511627907,-0.0404596763225894
D73,CART,R3,0.9364161849710982,0.9590643274853801,0.9186046511627907,-0.0404596763225894
D730,TVAE,R1,0.9648093841642229,0.9705882352941176,0.9642857142857143,-0.006302521008403339
D730,TVAE,R2,0.9476744186046512,0.9705882352941176,0.9642857142857143,-0.006302521008403339
D730,TVAE,R3,0.9910846953937593,0.9705882352941176,0.9642857142857143,-0.006302521008403339
D730,CART,R1,0.9793205317577548,0.9705882352941176,0.9642857142857143,-0.006302521008403339
D730,CART,R2,0.9910846953937593,0.9705882352941176,0.9642857142857143,-0.006302521008403339
D730,CART,R3,0.976401179941003,0.9705882352941176,0.9642857142857143,-0.006302521008403339
D731,TVAE,R1,0.9392185238784371,0.9910846953937593,0.9701492537313433,-0.02093544166241601
D731,TVAE,R2,0.930835734870317,0.9910846953937593,0.9701492537313433,-0.02093544166241601
D731,TVAE,R3,0.9822485207100592,0.9910846953937593,0.9701492537313433,-0.02093544166241601
D731,CART,R1,0.9881305637982196,0.9910846953937593,0.9701492537313433,-0.02093544166241601
D731,CART,R2,0.9590643274853801,0.9910846953937593,0.9701492537313433,-0.02093544166241601
D731,CART,R3,0.9970193740685543,0.9910846953937593,0.9701492537313433,-0.02093544166241601
D732,TVAE,R1,0.9910846953937593,0.976401179941003,0.9879518072289156,0.011550627287912674
D732,TVAE,R2,0.9851851851851852,0.976401179941003,0.9879518072289156,0.011550627287912674
D732,TVAE,R3,0.9619326500732065,0.976401179941003,0.9879518072289156,0.011550627287912674
D732,CART,R1,1.0,0.976401179941003,0.9879518072289156,0.011550627287912674
D732,CART,R2,1.0,0.976401179941003,0.9879518072289156,0.011550627287912674
D732,CART,R3,1.0,0.976401179941003,0.9879518072289156,0.011550627287912674
D733,TVAE,R1,0.9364161849710982,1.0,1.0,0.0
D733,TVAE,R2,0.9970193740685543,1.0,1.0,0.0
D733,TVAE,R3,0.9734904270986745,1.0,1.0,0.0
D733,CART,R1,0.976401179941003,1.0,1.0,0.0
D733,CART,R2,0.9851851851851852,1.0,1.0,0.0
D733,CART,R3,0.9676945668135095,1.0,1.0,0.0
D734,TVAE,R1,0.9061166429587483,0.9881305637982196,0.9819819819819819,-0.006148581816237675
D734,TVAE,R2,0.9533527696793003,0.9881305637982196,0.9819819819819819,-0.006148581816237675
D734,TVAE,R3,0.9088319088319088,0.9881305637982196,0.9819819819819819,-0.006148581816237675
D734,CART,R1,0.8873239436619719,0.9881305637982196,0.9819819819819819,-0.006148581816237675
D734,CART,R2,0.900709219858156,0.9881305637982196,0.9819819819819819,-0.006148581816237675
D734,CART,R3,0.8899858956276445,0.9881305637982196,0.9819819819819819,-0.006148581816237675
D735,TVAE,R1,0.876750700280112,0.9822485207100592,0.9186046511627907,-0.06364386954726853
D735,TVAE,R2,0.850828729281768,0.9822485207100592,0.9186046511627907,-0.06364386954726853
D735,TVAE,R3,0.8406593406593407,0.9822485207100592,0.9186046511627907,-0.06364386954726853
D735,CART,R1,0.9336219336219336,0.9822485207100592,0.9186046511627907,-0.06364386954726853
D735,CART,R2,0.9420289855072463,0.9822485207100592,0.9186046511627907,-0.06364386954726853
D735,CART,R3,0.9619326500732065,0.9822485207100592,0.9186046511627907,-0.06364386954726853
D736,TVAE,R1,0.9034090909090909,0.9533527696793003,0.896551724137931,-0.05680104554136922
D736,TVAE,R2,0.8306010928961749,0.9533527696793003,0.896551724137931,-0.05680104554136922
D736,TVAE,R3,0.850828729281768,0.9533527696793003,0.896551724137931,-0.05680104554136922
D736,CART,R1,0.9970193740685543,0.9533527696793003,0.896551724137931,-0.05680104554136922
D736,CART,R2,0.9910846953937593,0.9533527696793003,0.896551724137931,-0.05680104554136922
D736,CART,R3,0.9822485207100592,0.9533527696793003,0.896551724137931,-0.05680104554136922
D737,TVAE,R1,0.8356164383561644,0.9940476190476191,0.9879518072289156,-0.006095811818703445
D737,TVAE,R2,0.976401179941003,0.9940476190476191,0.9879518072289156,-0.006095811818703445
D737,TVAE,R3,0.9910846953937593,0.9940476190476191,0.9879518072289156,-0.006095811818703445
D737,CART,R1,0.9142857142857143,0.9940476190476191,0.9879518072289156,-0.006095811818703445
D737,CART,R2,0.9142857142857143,0.9940476190476191,0.9879518072289156,-0.006095811818703445
D737,CART,R3,0.9142857142857143,0.9940476190476191,0.9879518072289156,-0.006095811818703445
D738,TVAE,R1,0.9590643274853801,0.9734904270986745,0.9298245614035088,-0.04366586569516573
D738,TVAE,R2,0.9533527696793003,0.9734904270986745,0.9298245614035088,-0.04366586569516573
D738,TVAE,R3,0.9034090909090909,0.9734904270986745,0.9298245614035088,-0.04366586569516573
D738,CART,R1,0.9619326500732065,0.9734904270986745,0.9298245614035088,-0.04366586569516573
D738,CART,R2,0.950509461426492,0.9734904270986745,0.9298245614035088,-0.04366586569516573
D738,CART,R3,0.9562043795620438,0.9734904270986745,0.9298245614035088,-0.04366586569516573
D739,TVAE,R1,0.879382889200561,0.9705882352941176,0.9526627218934911,-0.017925513400626536
D739,TVAE,R2,0.9170243204577968,0.9705882352941176,0.9526627218934911,-0.017925513400626536
D739,TVAE,R3,0.9420289855072463,0.9705882352941176,0.9526627218934911,-0.017925513400626536
D739,CART,R1,0.8688981868898187,0.9705882352941176,0.9526627218934911,-0.017925513400626536
D739,CART,R2,0.8741258741258742,0.9705882352941176,0.9526627218934911,-0.017925513400626536
D739,CART,R3,0.876750700280112,0.9705882352941176,0.9526627218934911,-0.017925513400626536
D74,TVAE,R1,0.9476744186046512,0.9822485207100592,0.9879518072289156,0.005703286518856432
D74,TVAE,R2,0.7539267015706806,0.9822485207100592,0.9879518072289156,0.005703286518856432
D74,TVAE,R3,0.8406593406593407,0.9822485207100592,0.9879518072289156,0.005703286518856432
D74,CART,R1,0.9142857142857143,0.9822485207100592,0.9879518072289156,0.005703286518856432
D74,CART,R2,0.9476744186046512,0.9822485207100592,0.9879518072289156,0.005703286518856432
D74,CART,R3,0.9364161849710982,0.9822485207100592,0.9879518072289156,0.005703286518856432
D740,TVAE,R1,0.9851851851851852,0.9851851851851852,0.9186046511627907,-0.0665805340223945
D740,TVAE,R2,0.9225251076040172,0.9851851851851852,0.9186046511627907,-0.0665805340223945
D740,TVAE,R3,0.9734904270986745,0.9851851851851852,0.9186046511627907,-0.0665805340223945
D740,CART,R1,0.9392185238784371,0.9851851851851852,0.9186046511627907,-0.0665805340223945
D740,CART,R2,0.9793205317577548,0.9851851851851852,0.9186046511627907,-0.0665805340223945
D740,CART,R3,0.9970193740685543,0.9851851851851852,0.9186046511627907,-0.0665805340223945
D741,TVAE,R1,0.9940476190476191,0.9533527696793003,0.9075144508670521,-0.0458383188122482
D741,TVAE,R2,0.9280575539568345,0.9533527696793003,0.9075144508670521,-0.0458383188122482
D741,TVAE,R3,0.9648093841642229,0.9533527696793003,0.9075144508670521,-0.0458383188122482
D741,CART,R1,0.8662952646239555,0.9533527696793003,0.9075144508670521,-0.0458383188122482
D741,CART,R2,0.8662952646239555,0.9533527696793003,0.9075144508670521,-0.0458383188122482
D741,CART,R3,0.8662952646239555,0.9533527696793003,0.9075144508670521,-0.0458383188122482
D742,TVAE,R1,0.9115549215406562,0.9676945668135095,0.9469026548672567,-0.02079191194625285
D742,TVAE,R2,0.950509461426492,0.9676945668135095,0.9469026548672567,-0.02079191194625285
D742,TVAE,R3,0.930835734870317,0.9676945668135095,0.9469026548672567,-0.02079191194625285
D742,CART,R1,0.9676945668135095,0.9676945668135095,0.9469026548672567,-0.02079191194625285
D742,CART,R2,0.9734904270986745,0.9676945668135095,0.9469026548672567,-0.02079191194625285
D742,CART,R3,0.9822485207100592,0.9676945668135095,0.9469026548672567,-0.02079191194625285
D743,TVAE,R1,0.8406593406593407,0.9280575539568345,0.8232044198895028,-0.10485313406733177
D743,TVAE,R2,0.9364161849710982,0.9280575539568345,0.8232044198895028,-0.10485313406733177
D743,TVAE,R3,0.7819148936170213,0.9280575539568345,0.8232044198895028,-0.10485313406733177
D743,CART,R1,0.9142857142857143,0.9280575539568345,0.8232044198895028,-0.10485313406733177
D743,CART,R2,0.8926553672316384,0.9280575539568345,0.8232044198895028,-0.10485313406733177
D743,CART,R3,0.9336219336219336,0.9280575539568345,0.8232044198895028,-0.10485313406733177
D744,TVAE,R1,0.9115549215406562,0.9476744186046512,0.9411764705882353,-0.0064979480164159
D744,TVAE,R2,0.8980169971671388,0.9476744186046512,0.9411764705882353,-0.0064979480164159
D744,TVAE,R3,0.8741258741258742,0.9476744186046512,0.9411764705882353,-0.0064979480164159
D744,CART,R1,0.8406593406593407,0.9476744186046512,0.9411764705882353,-0.0064979480164159
D744,CART,R2,0.8281036834924966,0.9476744186046512,0.9411764705882353,-0.0064979480164159
D744,CART,R3,0.8231292517006803,0.9476744186046512,0.9411764705882353,-0.0064979480164159
D745,TVAE,R1,0.9970193740685543,0.9940476190476191,0.9879518072289156,-0.006095811818703445
D745,TVAE,R2,0.900709219858156,0.9940476190476191,0.9879518072289156,-0.006095811818703445
D745,TVAE,R3,0.9392185238784371,0.9940476190476191,0.9879518072289156,-0.006095811818703445
D745,CART,R1,0.9851851851851852,0.9940476190476191,0.9879518072289156,-0.006095811818703445
D745,CART,R2,0.9851851851851852,0.9940476190476191,0.9879518072289156,-0.006095811818703445
D745,CART,R3,0.9851851851851852,0.9940476190476191,0.9879518072289156,-0.006095811818703445
D746,TVAE,R1,0.8980169971671388,0.9793205317577548,0.9642857142857143,-0.015034817472040496
D746,TVAE,R2,0.9590643274853801,0.9793205317577548,0.9642857142857143,-0.015034817472040496
D746,TVAE,R3,0.8406593406593407,0.9793205317577548,0.9642857142857143,-0.015034817472040496
D746,CART,R1,0.8980169971671388,0.9793205317577548,0.9642857142857143,-0.015034817472040496
D746,CART,R2,0.8899858956276445,0.9793205317577548,0.9642857142857143,-0.015034817472040496
D746,CART,R3,0.8926553672316384,0.9793205317577548,0.9642857142857143,-0.015034817472040496
D747,TVAE,R1,0.9115549215406562,0.9676945668135095,0.9819819819819819,0.014287415168472428
D747,TVAE,R2,0.9676945668135095,0.9676945668135095,0.9819819819819819,0.014287415168472428
D747,TVAE,R3,0.9225251076040172,0.9676945668135095,0.9819819819819819,0.014287415168472428
D747,CART,R1,0.950509461426492,0.9676945668135095,0.9819819819819819,0.014287415168472428
D747,CART,R2,0.9734904270986745,0.9676945668135095,0.9819819819819819,0.014287415168472428
D747,CART,R3,0.9734904270986745,0.9676945668135095,0.9819819819819819,0.014287415168472428
D748,TVAE,R1,0.9676945668135095,0.9225251076040172,0.8857142857142857,-0.036810821889731504
D748,TVAE,R2,0.9280575539568345,0.9225251076040172,0.8857142857142857,-0.036810821889731504
D748,TVAE,R3,0.9170243204577968,0.9225251076040172,0.8857142857142857,-0.036810821889731504
D748,CART,R1,0.8741258741258742,0.9225251076040172,0.8857142857142857,-0.036810821889731504
D748,CART,R2,0.9280575539568345,0.9225251076040172,0.8857142857142857,-0.036810821889731504
D748,CART,R3,0.9142857142857143,0.9225251076040172,0.8857142857142857,-0.036810821889731504
D749,TVAE,R1,0.9364161849710982,0.9910846953937593,0.9819819819819819,-0.009102713411777374
D749,TVAE,R2,0.9676945668135095,0.9910846953937593,0.9819819819819819,-0.009102713411777374
D749,TVAE,R3,0.8899858956276445,0.9910846953937593,0.9819819819819819,-0.009102713411777374
D749,CART,R1,0.9705882352941176,0.9910846953937593,0.9819819819819819,-0.009102713411777374
D749,CART,R2,0.9705882352941176,0.9910846953937593,0.9819819819819819,-0.009102713411777374
D749,CART,R3,0.9705882352941176,0.9910846953937593,0.9819819819819819,-0.009102713411777374
D75,TVAE,R1,0.9705882352941176,0.9476744186046512,0.9879518072289156,0.04027738862426444
D75,TVAE,R2,0.9364161849710982,0.9476744186046512,0.9879518072289156,0.04027738862426444
D75,TVAE,R3,0.8010752688172043,0.9476744186046512,0.9879518072289156,0.04027738862426444
D75,CART,R1,0.8306010928961749,0.9476744186046512,0.9879518072289156,0.04027738862426444
D75,CART,R2,0.8108108108108109,0.9476744186046512,0.9879518072289156,0.04027738862426444
D75,CART,R3,0.7914438502673797,0.9476744186046512,0.9879518072289156,0.04027738862426444
D750,TVAE,R1,0.8926553672316384,0.9364161849710982,0.9020172910662824,-0.034398893904815875
D750,TVAE,R2,0.8281036834924966,0.9364161849710982,0.9020172910662824,-0.034398893904815875
D750,TVAE,R3,0.8820224719101124,0.9364161849710982,0.9020172910662824,-0.034398893904815875
D750,CART,R1,0.9061166429587483,0.9364161849710982,0.9020172910662824,-0.034398893904815875
D750,CART,R2,0.9088319088319088,0.9364161849710982,0.9020172910662824,-0.034398893904815875
D750,CART,R3,0.9197707736389685,0.9364161849710982,0.9020172910662824,-0.034398893904815875
D751,TVAE,R1,0.950509461426492,0.9705882352941176,0.9879518072289156,0.017363571934797983
D751,TVAE,R2,0.9590643274853801,0.9705882352941176,0.9879518072289156,0.017363571934797983
D751,TVAE,R3,0.976401179941003,0.9705882352941176,0.9879518072289156,0.017363571934797983
D751,CART,R1,0.9851851851851852,0.9705882352941176,0.9879518072289156,0.017363571934797983
D751,CART,R2,0.9881305637982196,0.9705882352941176,0.9879518072289156,0.017363571934797983
D751,CART,R3,0.9970193740685543,0.9705882352941176,0.9879518072289156,0.017363571934797983
D752,TVAE,R1,0.8953323903818954,0.9793205317577548,0.9584569732937686,-0.020863558463986243
D752,TVAE,R2,0.8381344307270233,0.9793205317577548,0.9584569732937686,-0.020863558463986243
D752,TVAE,R3,0.9420289855072463,0.9793205317577548,0.9584569732937686,-0.020863558463986243
D752,CART,R1,0.9115549215406562,0.9793205317577548,0.9584569732937686,-0.020863558463986243
D752,CART,R2,0.9142857142857143,0.9793205317577548,0.9584569732937686,-0.020863558463986243
D752,CART,R3,0.9392185238784371,0.9793205317577548,0.9584569732937686,-0.020863558463986243
D753,TVAE,R1,0.9061166429587483,0.9851851851851852,0.9701492537313433,-0.015035931453841855
D753,TVAE,R2,0.9851851851851852,0.9851851851851852,0.9701492537313433,-0.015035931453841855
D753,TVAE,R3,1.0,0.9851851851851852,0.9701492537313433,-0.015035931453841855
D753,CART,R1,0.950509461426492,0.9851851851851852,0.9701492537313433,-0.015035931453841855
D753,CART,R2,0.950509461426492,0.9851851851851852,0.9701492537313433,-0.015035931453841855
D753,CART,R3,0.950509461426492,0.9851851851851852,0.9701492537313433,-0.015035931453841855
D754,TVAE,R1,0.9225251076040172,0.9793205317577548,0.9701492537313433,-0.009171278026411489
D754,TVAE,R2,0.8533886583679114,0.9793205317577548,0.9701492537313433,-0.009171278026411489
D754,TVAE,R3,0.9793205317577548,0.9793205317577548,0.9701492537313433,-0.009171278026411489
D754,CART,R1,1.0,0.9793205317577548,0.9701492537313433,-0.009171278026411489
D754,CART,R2,0.9910846953937593,0.9793205317577548,0.9701492537313433,-0.009171278026411489
D754,CART,R3,0.9822485207100592,0.9793205317577548,0.9701492537313433,-0.009171278026411489
D755,TVAE,R1,0.9822485207100592,0.9822485207100592,0.9411764705882353,-0.04107205012182391
D755,TVAE,R2,0.9910846953937593,0.9822485207100592,0.9411764705882353,-0.04107205012182391
D755,TVAE,R3,0.9793205317577548,0.9822485207100592,0.9411764705882353,-0.04107205012182391
D755,CART,R1,0.9881305637982196,0.9822485207100592,0.9411764705882353,-0.04107205012182391
D755,CART,R2,0.9734904270986745,0.9822485207100592,0.9411764705882353,-0.04107205012182391
D755,CART,R3,0.9734904270986745,0.9822485207100592,0.9411764705882353,-0.04107205012182391
D756,TVAE,R1,0.950509461426492,0.9476744186046512,0.9075144508670521,-0.04015996773759911
D756,TVAE,R2,0.9061166429587483,0.9476744186046512,0.9075144508670521,-0.04015996773759911
D756,TVAE,R3,0.900709219858156,0.9476744186046512,0.9075144508670521,-0.04015996773759911
D756,CART,R1,0.9061166429587483,0.9476744186046512,0.9075144508670521,-0.04015996773759911
D756,CART,R2,0.9448476052249637,0.9476744186046512,0.9075144508670521,-0.04015996773759911
D756,CART,R3,0.9280575539568345,0.9476744186046512,0.9075144508670521,-0.04015996773759911
D757,TVAE,R1,0.9910846953937593,0.9851851851851852,0.9701492537313433,-0.015035931453841855
D757,TVAE,R2,0.9420289855072463,0.9851851851851852,0.9701492537313433,-0.015035931453841855
D757,TVAE,R3,0.9448476052249637,0.9851851851851852,0.9701492537313433,-0.015035931453841855
D757,CART,R1,0.9170243204577968,0.9851851851851852,0.9701492537313433,-0.015035931453841855
D757,CART,R2,0.9170243204577968,0.9851851851851852,0.9701492537313433,-0.015035931453841855
D757,CART,R3,0.9170243204577968,0.9851851851851852,0.9701492537313433,-0.015035931453841855
D758,TVAE,R1,0.976401179941003,0.9940476190476191,1.0,0.005952380952380931
D758,TVAE,R2,0.9940476190476191,0.9940476190476191,1.0,0.005952380952380931
D758,TVAE,R3,0.9940476190476191,0.9940476190476191,1.0,0.005952380952380931
D758,CART,R1,0.9793205317577548,0.9940476190476191,1.0,0.005952380952380931
D758,CART,R2,0.9793205317577548,0.9940476190476191,1.0,0.005952380952380931
D758,CART,R3,0.9822485207100592,0.9940476190476191,1.0,0.005952380952380931
D759,TVAE,R1,0.9910846953937593,0.9676945668135095,0.9819819819819819,0.014287415168472428
D759,TVAE,R2,0.9533527696793003,0.9676945668135095,0.9819819819819819,0.014287415168472428
D759,TVAE,R3,0.9619326500732065,0.9676945668135095,0.9819819819819819,0.014287415168472428
D759,CART,R1,0.9734904270986745,0.9676945668135095,0.9819819819819819,0.014287415168472428
D759,CART,R2,0.9734904270986745,0.9676945668135095,0.9819819819819819,0.014287415168472428
D759,CART,R3,0.9420289855072463,0.9676945668135095,0.9819819819819819,0.014287415168472428
D76,TVAE,R1,0.8406593406593407,0.9822485207100592,0.9642857142857143,-0.01796280642434489
D76,TVAE,R2,0.8926553672316384,0.9822485207100592,0.9642857142857143,-0.01796280642434489
D76,TVAE,R3,0.8611111111111112,0.9822485207100592,0.9642857142857143,-0.01796280642434489
D76,CART,R1,0.9252873563218391,0.9822485207100592,0.9642857142857143,-0.01796280642434489
D76,CART,R2,0.9822485207100592,0.9822485207100592,0.9642857142857143,-0.01796280642434489
D76,CART,R3,0.9476744186046512,0.9822485207100592,0.9642857142857143,-0.01796280642434489
D760,TVAE,R1,0.8715083798882681,0.9336219336219336,0.8435754189944135,-0.09004651462752011
D760,TVAE,R2,0.8662952646239555,0.9336219336219336,0.8435754189944135,-0.09004651462752011
D760,TVAE,R3,0.7748344370860927,0.9336219336219336,0.8435754189944135,-0.09004651462752011
D760,CART,R1,0.9115549215406562,0.9336219336219336,0.8435754189944135,-0.09004651462752011
D760,CART,R2,0.9252873563218391,0.9336219336219336,0.8435754189944135,-0.09004651462752011
D760,CART,R3,0.8953323903818954,0.9336219336219336,0.8435754189944135,-0.09004651462752011
D761,TVAE,R1,0.9088319088319088,0.9970193740685543,0.9939577039274925,-0.003061670141061845
D761,TVAE,R2,0.9448476052249637,0.9970193740685543,0.9939577039274925,-0.003061670141061845
D761,TVAE,R3,0.9648093841642229,0.9970193740685543,0.9939577039274925,-0.003061670141061845
D761,CART,R1,0.9705882352941176,0.9970193740685543,0.9939577039274925,-0.003061670141061845
D761,CART,R2,0.9705882352941176,0.9970193740685543,0.9939577039274925,-0.003061670141061845
D761,CART,R3,0.9705882352941176,0.9970193740685543,0.9939577039274925,-0.003061670141061845
D762,TVAE,R1,0.8741258741258742,0.9705882352941176,0.9642857142857143,-0.006302521008403339
D762,TVAE,R2,0.9336219336219336,0.9705882352941176,0.9642857142857143,-0.006302521008403339
D762,TVAE,R3,0.9851851851851852,0.9705882352941176,0.9642857142857143,-0.006302521008403339
D762,CART,R1,0.9822485207100592,0.9705882352941176,0.9642857142857143,-0.006302521008403339
D762,CART,R2,0.9881305637982196,0.9705882352941176,0.9642857142857143,-0.006302521008403339
D762,CART,R3,0.9881305637982196,0.9705882352941176,0.9642857142857143,-0.006302521008403339
D763,TVAE,R1,0.9734904270986745,0.9910846953937593,0.9701492537313433,-0.02093544166241601
D763,TVAE,R2,0.8873239436619719,0.9910846953937593,0.9701492537313433,-0.02093544166241601
D763,TVAE,R3,0.9448476052249637,0.9910846953937593,0.9701492537313433,-0.02093544166241601
D763,CART,R1,0.9940476190476191,0.9910846953937593,0.9701492537313433,-0.02093544166241601
D763,CART,R2,0.9793205317577548,0.9910846953937593,0.9701492537313433,-0.02093544166241601
D763,CART,R3,0.9562043795620438,0.9910846953937593,0.9701492537313433,-0.02093544166241601
D764,TVAE,R1,0.879382889200561,0.976401179941003,0.9879518072289156,0.011550627287912674
D764,TVAE,R2,0.9476744186046512,0.976401179941003,0.9879518072289156,0.011550627287912674
D764,TVAE,R3,0.8688981868898187,0.976401179941003,0.9879518072289156,0.011550627287912674
D764,CART,R1,0.9822485207100592,0.976401179941003,0.9879518072289156,0.011550627287912674
D764,CART,R2,0.9793205317577548,0.976401179941003,0.9879518072289156,0.011550627287912674
D764,CART,R3,0.9910846953937593,0.976401179941003,0.9879518072289156,0.011550627287912674
D765,TVAE,R1,0.9881305637982196,1.0,1.0,0.0
D765,TVAE,R2,0.9336219336219336,1.0,1.0,0.0
D765,TVAE,R3,0.8662952646239555,1.0,1.0,0.0
D765,CART,R1,0.9734904270986745,1.0,1.0,0.0
D765,CART,R2,0.976401179941003,1.0,1.0,0.0
D765,CART,R3,0.9705882352941176,1.0,1.0,0.0
D766,TVAE,R1,0.8741258741258742,0.9881305637982196,0.9819819819819819,-0.006148581816237675
D766,TVAE,R2,0.7795484727755644,0.9881305637982196,0.9819819819819819,-0.006148581816237675
D766,TVAE,R3,0.9225251076040172,0.9881305637982196,0.9819819819819819,-0.006148581816237675
D766,CART,R1,0.8926553672316384,0.9881305637982196,0.9819819819819819,-0.006148581816237675
D766,CART,R2,0.8873239436619719,0.9881305637982196,0.9819819819819819,-0.006148581816237675
D766,CART,R3,0.9034090909090909,0.9881305637982196,0.9819819819819819,-0.006148581816237675
D767,TVAE,R1,0.9881305637982196,0.9822485207100592,0.9186046511627907,-0.06364386954726853
D767,TVAE,R2,0.8741258741258742,0.9822485207100592,0.9186046511627907,-0.06364386954726853
D767,TVAE,R3,0.8741258741258742,0.9822485207100592,0.9186046511627907,-0.06364386954726853
D767,CART,R1,0.9280575539568345,0.9822485207100592,0.9186046511627907,-0.06364386954726853
D767,CART,R2,0.9197707736389685,0.9822485207100592,0.9186046511627907,-0.06364386954726853
D767,CART,R3,0.9336219336219336,0.9822485207100592,0.9186046511627907,-0.06364386954726853
D768,TVAE,R1,0.8132611637347767,0.9533527696793003,0.896551724137931,-0.05680104554136922
D768,TVAE,R2,0.9280575539568345,0.9533527696793003,0.896551724137931,-0.05680104554136922
D768,TVAE,R3,0.8157181571815718,0.9533527696793003,0.896551724137931,-0.05680104554136922
D768,CART,R1,1.0,0.9533527696793003,0.896551724137931,-0.05680104554136922
D768,CART,R2,0.9705882352941176,0.9533527696793003,0.896551724137931,-0.05680104554136922
D768,CART,R3,0.9648093841642229,0.9533527696793003,0.896551724137931,-0.05680104554136922
D769,TVAE,R1,0.9142857142857143,0.9590643274853801,0.9186046511627907,-0.0404596763225894
D769,TVAE,R2,0.8306010928961749,0.9590643274853801,0.9186046511627907,-0.0404596763225894
D769,TVAE,R3,0.8306010928961749,0.9590643274853801,0.9186046511627907,-0.0404596763225894
D769,CART,R1,0.8926553672316384,0.9590643274853801,0.9186046511627907,-0.0404596763225894
D769,CART,R2,0.8611111111111112,0.9590643274853801,0.9186046511627907,-0.0404596763225894
D769,CART,R3,0.8820224719101124,0.9590643274853801,0.9186046511627907,-0.0404596763225894
D77,TVAE,R1,0.6919191919191919,0.9822485207100592,0.9642857142857143,-0.01796280642434489
D77,TVAE,R2,0.8715083798882681,0.9822485207100592,0.9642857142857143,-0.01796280642434489
D77,TVAE,R3,0.8406593406593407,0.9822485207100592,0.9642857142857143,-0.01796280642434489
D77,CART,R1,0.9252873563218391,0.9822485207100592,0.9642857142857143,-0.01796280642434489
D77,CART,R2,0.9034090909090909,0.9822485207100592,0.9642857142857143,-0.01796280642434489
D77,CART,R3,0.8715083798882681,0.9822485207100592,0.9642857142857143,-0.01796280642434489
D770,TVAE,R1,0.9034090909090909,0.9822485207100592,0.9186046511627907,-0.06364386954726853
D770,TVAE,R2,0.9142857142857143,0.9822485207100592,0.9186046511627907,-0.06364386954726853
D770,TVAE,R3,0.9364161849710982,0.9822485207100592,0.9186046511627907,-0.06364386954726853
D770,CART,R1,0.8206521739130435,0.9822485207100592,0.9186046511627907,-0.06364386954726853
D770,CART,R2,0.8820224719101124,0.9822485207100592,0.9186046511627907,-0.06364386954726853
D770,CART,R3,0.8715083798882681,0.9822485207100592,0.9186046511627907,-0.06364386954726853
D771,TVAE,R1,0.7357512953367875,0.9034090909090909,0.9186046511627907,0.015195560253699725
D771,TVAE,R2,0.9476744186046512,0.9034090909090909,0.9186046511627907,0.015195560253699725
D771,TVAE,R3,0.8611111111111112,0.9034090909090909,0.9186046511627907,0.015195560253699725
D771,CART,R1,0.9705882352941176,0.9034090909090909,0.9186046511627907,0.015195560253699725
D771,CART,R2,0.9142857142857143,0.9034090909090909,0.9186046511627907,0.015195560253699725
D771,CART,R3,0.9705882352941176,0.9034090909090909,0.9186046511627907,0.015195560253699725
D772,TVAE,R1,0.9705882352941176,0.9940476190476191,0.875,-0.11904761904761907
D772,TVAE,R2,0.9034090909090909,0.9940476190476191,0.875,-0.11904761904761907
D772,TVAE,R3,0.8820224719101124,0.9940476190476191,0.875,-0.11904761904761907
D772,CART,R1,0.9705882352941176,0.9940476190476191,0.875,-0.11904761904761907
D772,CART,R2,0.9705882352941176,0.9940476190476191,0.875,-0.11904761904761907
D772,CART,R3,0.9590643274853801,0.9940476190476191,0.875,-0.11904761904761907
D773,TVAE,R1,0.850828729281768,0.9590643274853801,0.9186046511627907,-0.0404596763225894
D773,TVAE,R2,0.7724867724867724,0.9590643274853801,0.9186046511627907,-0.0404596763225894
D773,TVAE,R3,0.7631578947368421,0.9590643274853801,0.9186046511627907,-0.0404596763225894
D773,CART,R1,0.9142857142857143,0.9590643274853801,0.9186046511627907,-0.0404596763225894
D773,CART,R2,0.9940476190476191,0.9590643274853801,0.9186046511627907,-0.0404596763225894
D773,CART,R3,0.9705882352941176,0.9590643274853801,0.9186046511627907,-0.0404596763225894
D774,TVAE,R1,0.6834170854271356,0.9705882352941176,0.9642857142857143,-0.006302521008403339
D774,TVAE,R2,0.9034090909090909,0.9705882352941176,0.9642857142857143,-0.006302521008403339
D774,TVAE,R3,0.9590643274853801,0.9705882352941176,0.9642857142857143,-0.006302521008403339
D774,CART,R1,0.7914438502673797,0.9705882352941176,0.9642857142857143,-0.006302521008403339
D774,CART,R2,0.8820224719101124,0.9705882352941176,0.9642857142857143,-0.006302521008403339
D774,CART,R3,0.8206521739130435,0.9705882352941176,0.9642857142857143,-0.006302521008403339
D775,TVAE,R1,0.8206521739130435,0.9364161849710982,0.8131868131868132,-0.12322937178428506
D775,TVAE,R2,0.8611111111111112,0.9364161849710982,0.8131868131868132,-0.12322937178428506
D775,TVAE,R3,0.9590643274853801,0.9364161849710982,0.8131868131868132,-0.12322937178428506
D775,CART,R1,0.9705882352941176,0.9364161849710982,0.8131868131868132,-0.12322937178428506
D775,CART,R2,0.9940476190476191,0.9364161849710982,0.8131868131868132,-0.12322937178428506
D775,CART,R3,0.8715083798882681,0.9364161849710982,0.8131868131868132,-0.12322937178428506
D776,TVAE,R1,0.675,0.9590643274853801,0.9879518072289156,0.02888747974353556
D776,TVAE,R2,0.7091836734693877,0.9590643274853801,0.9879518072289156,0.02888747974353556
D776,TVAE,R3,0.7447916666666666,0.9590643274853801,0.9879518072289156,0.02888747974353556
D776,CART,R1,0.850828729281768,0.9590643274853801,0.9879518072289156,0.02888747974353556
D776,CART,R2,0.9034090909090909,0.9590643274853801,0.9879518072289156,0.02888747974353556
D776,CART,R3,0.9034090909090909,0.9590643274853801,0.9879518072289156,0.02888747974353556
D777,TVAE,R1,0.6183574879227053,0.9940476190476191,0.9879518072289156,-0.006095811818703445
D777,TVAE,R2,0.700507614213198,0.9940476190476191,0.9879518072289156,-0.006095811818703445
D777,TVAE,R3,0.6834170854271356,0.9940476190476191,0.9879518072289156,-0.006095811818703445
D777,CART,R1,0.9142857142857143,0.9940476190476191,0.9879518072289156,-0.006095811818703445
D777,CART,R2,0.9590643274853801,0.9940476190476191,0.9879518072289156,-0.006095811818703445
D777,CART,R3,0.8926553672316384,0.9940476190476191,0.9879518072289156,-0.006095811818703445
D778,TVAE,R1,0.7447916666666666,0.9940476190476191,0.9642857142857143,-0.029761904761904767
D778,TVAE,R2,0.9034090909090909,0.9940476190476191,0.9642857142857143,-0.029761904761904767
D778,TVAE,R3,0.7268041237113402,0.9940476190476191,0.9642857142857143,-0.029761904761904767
D778,CART,R1,0.9822485207100592,0.9940476190476191,0.9642857142857143,-0.029761904761904767
D778,CART,R2,0.9822485207100592,0.9940476190476191,0.9642857142857143,-0.029761904761904767
D778,CART,R3,0.9476744186046512,0.9940476190476191,0.9642857142857143,-0.029761904761904767
D779,TVAE,R1,0.9142857142857143,0.8108108108108109,0.7934782608695652,-0.017332549941245667
D779,TVAE,R2,0.9940476190476191,0.8108108108108109,0.7934782608695652,-0.017332549941245667
D779,TVAE,R3,0.9822485207100592,0.8108108108108109,0.7934782608695652,-0.017332549941245667
D779,CART,R1,0.8611111111111112,0.8108108108108109,0.7934782608695652,-0.017332549941245667
D779,CART,R2,0.8715083798882681,0.8108108108108109,0.7934782608695652,-0.017332549941245667
D779,CART,R3,0.8611111111111112,0.8108108108108109,0.7934782608695652,-0.017332549941245667
D78,TVAE,R1,0.8010752688172043,0.9822485207100592,0.9642857142857143,-0.01796280642434489
D78,TVAE,R2,0.8206521739130435,0.9822485207100592,0.9642857142857143,-0.01796280642434489
D78,TVAE,R3,0.8108108108108109,0.9822485207100592,0.9642857142857143,-0.01796280642434489
D78,CART,R1,0.8820224719101124,0.9822485207100592,0.9642857142857143,-0.01796280642434489
D78,CART,R2,0.8820224719101124,0.9822485207100592,0.9642857142857143,-0.01796280642434489
D78,CART,R3,0.850828729281768,0.9822485207100592,0.9642857142857143,-0.01796280642434489
D780,TVAE,R1,0.9822485207100592,0.9822485207100592,0.896551724137931,-0.08569679657212814
D780,TVAE,R2,0.700507614213198,0.9822485207100592,0.896551724137931,-0.08569679657212814
D780,TVAE,R3,0.7631578947368421,0.9822485207100592,0.896551724137931,-0.08569679657212814
D780,CART,R1,0.9142857142857143,0.9822485207100592,0.896551724137931,-0.08569679657212814
D780,CART,R2,0.8820224719101124,0.9822485207100592,0.896551724137931,-0.08569679657212814
D780,CART,R3,0.9476744186046512,0.9822485207100592,0.896551724137931,-0.08569679657212814
D781,TVAE,R1,0.9590643274853801,0.8926553672316384,0.7934782608695652,-0.09917710636207322
D781,TVAE,R2,0.6834170854271356,0.8926553672316384,0.7934782608695652,-0.09917710636207322
D781,TVAE,R3,0.7724867724867724,0.8926553672316384,0.7934782608695652,-0.09917710636207322
D781,CART,R1,0.7914438502673797,0.8926553672316384,0.7934782608695652,-0.09917710636207322
D781,CART,R2,0.7819148936170213,0.8926553672316384,0.7934782608695652,-0.09917710636207322
D781,CART,R3,0.7631578947368421,0.8926553672316384,0.7934782608695652,-0.09917710636207322
D782,TVAE,R1,0.8820224719101124,0.9822485207100592,0.9879518072289156,0.005703286518856432
D782,TVAE,R2,0.9705882352941176,0.9822485207100592,0.9879518072289156,0.005703286518856432
D782,TVAE,R3,0.9822485207100592,0.9822485207100592,0.9879518072289156,0.005703286518856432
D782,CART,R1,0.8108108108108109,0.9822485207100592,0.9879518072289156,0.005703286518856432
D782,CART,R2,0.8820224719101124,0.9822485207100592,0.9879518072289156,0.005703286518856432
D782,CART,R3,0.9142857142857143,0.9822485207100592,0.9879518072289156,0.005703286518856432
D783,TVAE,R1,0.8715083798882681,0.9822485207100592,0.9642857142857143,-0.01796280642434489
D783,TVAE,R2,0.9940476190476191,0.9822485207100592,0.9642857142857143,-0.01796280642434489
D783,TVAE,R3,0.8820224719101124,0.9822485207100592,0.9642857142857143,-0.01796280642434489
D783,CART,R1,0.9705882352941176,0.9822485207100592,0.9642857142857143,-0.01796280642434489
D783,CART,R2,0.9590643274853801,0.9822485207100592,0.9642857142857143,-0.01796280642434489
D783,CART,R3,0.9705882352941176,0.9822485207100592,0.9642857142857143,-0.01796280642434489
D784,TVAE,R1,0.7357512953367875,0.9364161849710982,0.9642857142857143,0.02786952931461606
D784,TVAE,R2,0.717948717948718,0.9364161849710982,0.9642857142857143,0.02786952931461606
D784,TVAE,R3,0.7914438502673797,0.9364161849710982,0.9642857142857143,0.02786952931461606
D784,CART,R1,0.850828729281768,0.9364161849710982,0.9642857142857143,0.02786952931461606
D784,CART,R2,0.8715083798882681,0.9364161849710982,0.9642857142857143,0.02786952931461606
D784,CART,R3,0.8820224719101124,0.9364161849710982,0.9642857142857143,0.02786952931461606
D785,TVAE,R1,0.9142857142857143,0.9940476190476191,0.9879518072289156,-0.006095811818703445
D785,TVAE,R2,0.8926553672316384,0.9940476190476191,0.9879518072289156,-0.006095811818703445
D785,TVAE,R3,0.8611111111111112,0.9940476190476191,0.9879518072289156,-0.006095811818703445
D785,CART,R1,0.9822485207100592,0.9940476190476191,0.9879518072289156,-0.006095811818703445
D785,CART,R2,0.9476744186046512,0.9940476190476191,0.9879518072289156,-0.006095811818703445
D785,CART,R3,0.9476744186046512,0.9940476190476191,0.9879518072289156,-0.006095811818703445
D786,TVAE,R1,0.7914438502673797,0.9364161849710982,0.9411764705882353,0.004760285617137039
D786,TVAE,R2,0.8611111111111112,0.9364161849710982,0.9411764705882353,0.004760285617137039
D786,TVAE,R3,0.9252873563218391,0.9364161849710982,0.9411764705882353,0.004760285617137039
D786,CART,R1,0.8926553672316384,0.9364161849710982,0.9411764705882353,0.004760285617137039
D786,CART,R2,0.9822485207100592,0.9364161849710982,0.9411764705882353,0.004760285617137039
D786,CART,R3,0.9034090909090909,0.9364161849710982,0.9411764705882353,0.004760285617137039
D787,TVAE,R1,0.9705882352941176,0.9034090909090909,0.9411764705882353,0.03776737967914434
D787,TVAE,R2,0.7447916666666666,0.9034090909090909,0.9411764705882353,0.03776737967914434
D787,TVAE,R3,0.9476744186046512,0.9034090909090909,0.9411764705882353,0.03776737967914434
D787,CART,R1,0.8820224719101124,0.9034090909090909,0.9411764705882353,0.03776737967914434
D787,CART,R2,0.9252873563218391,0.9034090909090909,0.9411764705882353,0.03776737967914434
D787,CART,R3,0.9822485207100592,0.9034090909090909,0.9411764705882353,0.03776737967914434
D788,TVAE,R1,0.9364161849710982,0.9940476190476191,0.8131868131868132,-0.18086080586080588
D788,TVAE,R2,0.9590643274853801,0.9940476190476191,0.8131868131868132,-0.18086080586080588
D788,TVAE,R3,0.9940476190476191,0.9940476190476191,0.8131868131868132,-0.18086080586080588
D788,CART,R1,0.9822485207100592,0.9940476190476191,0.8131868131868132,-0.18086080586080588
D788,CART,R2,0.9034090909090909,0.9940476190476191,0.8131868131868132,-0.18086080586080588
D788,CART,R3,0.9252873563218391,0.9940476190476191,0.8131868131868132,-0.18086080586080588
D789,TVAE,R1,0.7631578947368421,0.9476744186046512,0.896551724137931,-0.05112269446672013
D789,TVAE,R2,0.6421568627450981,0.9476744186046512,0.896551724137931,-0.05112269446672013
D789,TVAE,R3,0.5509259259259259,0.9476744186046512,0.896551724137931,-0.05112269446672013
D789,CART,R1,0.9142857142857143,0.9476744186046512,0.896551724137931,-0.05112269446672013
D789,CART,R2,0.8926553672316384,0.9476744186046512,0.896551724137931,-0.05112269446672013
D789,CART,R3,0.8406593406593407,0.9476744186046512,0.896551724137931,-0.05112269446672013
D79,TVAE,R1,0.9590643274853801,0.9476744186046512,0.8131868131868132,-0.134487605417838
D79,TVAE,R2,0.8715083798882681,0.9476744186046512,0.8131868131868132,-0.134487605417838
D79,TVAE,R3,0.7724867724867724,0.9476744186046512,0.8131868131868132,-0.134487605417838
D79,CART,R1,0.8406593406593407,0.9476744186046512,0.8131868131868132,-0.134487605417838
D79,CART,R2,0.8926553672316384,0.9476744186046512,0.8131868131868132,-0.134487605417838
D79,CART,R3,0.8306010928961749,0.9476744186046512,0.8131868131868132,-0.134487605417838
D790,TVAE,R1,0.7447916666666666,0.9705882352941176,0.9411764705882353,-0.02941176470588236
D790,TVAE,R2,0.8715083798882681,0.9705882352941176,0.9411764705882353,-0.02941176470588236
D790,TVAE,R3,0.9590643274853801,0.9705882352941176,0.9411764705882353,-0.02941176470588236
D790,CART,R1,0.8715083798882681,0.9705882352941176,0.9411764705882353,-0.02941176470588236
D790,CART,R2,0.850828729281768,0.9705882352941176,0.9411764705882353,-0.02941176470588236
D790,CART,R3,0.8010752688172043,0.9705882352941176,0.9411764705882353,-0.02941176470588236
D791,TVAE,R1,0.9822485207100592,0.9476744186046512,0.8131868131868132,-0.134487605417838
D791,TVAE,R2,0.9142857142857143,0.9476744186046512,0.8131868131868132,-0.134487605417838
D791,TVAE,R3,0.9940476190476191,0.9476744186046512,0.8131868131868132,-0.134487605417838
D791,CART,R1,0.9252873563218391,0.9476744186046512,0.8131868131868132,-0.134487605417838
D791,CART,R2,0.9822485207100592,0.9476744186046512,0.8131868131868132,-0.134487605417838
D791,CART,R3,0.9142857142857143,0.9476744186046512,0.8131868131868132,-0.134487605417838
D792,TVAE,R1,0.9142857142857143,0.9364161849710982,0.875,-0.06141618497109824
D792,TVAE,R2,0.6262135922330098,0.9364161849710982,0.875,-0.06141618497109824
D792,TVAE,R3,0.850828729281768,0.9364161849710982,0.875,-0.06141618497109824
D792,CART,R1,0.8715083798882681,0.9364161849710982,0.875,-0.06141618497109824
D792,CART,R2,0.9590643274853801,0.9364161849710982,0.875,-0.06141618497109824
D792,CART,R3,0.9252873563218391,0.9364161849710982,0.875,-0.06141618497109824
D793,TVAE,R1,0.6834170854271356,0.9252873563218391,0.8539325842696629,-0.07135477205217622
D793,TVAE,R2,0.5876777251184834,0.9252873563218391,0.8539325842696629,-0.07135477205217622
D793,TVAE,R3,0.6502463054187192,0.9252873563218391,0.8539325842696629,-0.07135477205217622
D793,CART,R1,0.7539267015706806,0.9252873563218391,0.8539325842696629,-0.07135477205217622
D793,CART,R2,0.7819148936170213,0.9252873563218391,0.8539325842696629,-0.07135477205217622
D793,CART,R3,0.7539267015706806,0.9252873563218391,0.8539325842696629,-0.07135477205217622
D794,TVAE,R1,0.850828729281768,0.9940476190476191,0.9186046511627907,-0.0754429678848284
D794,TVAE,R2,0.8206521739130435,0.9940476190476191,0.9186046511627907,-0.0754429678848284
D794,TVAE,R3,0.9940476190476191,0.9940476190476191,0.9186046511627907,-0.0754429678848284
D794,CART,R1,0.8611111111111112,0.9940476190476191,0.9186046511627907,-0.0754429678848284
D794,CART,R2,0.8926553672316384,0.9940476190476191,0.9186046511627907,-0.0754429678848284
D794,CART,R3,0.8715083798882681,0.9940476190476191,0.9186046511627907,-0.0754429678848284
D795,TVAE,R1,0.8010752688172043,0.9705882352941176,0.875,-0.09558823529411764
D795,TVAE,R2,0.8306010928961749,0.9705882352941176,0.875,-0.09558823529411764
D795,TVAE,R3,0.9252873563218391,0.9705882352941176,0.875,-0.09558823529411764
D795,CART,R1,0.8010752688172043,0.9705882352941176,0.875,-0.09558823529411764
D795,CART,R2,0.8820224719101124,0.9705882352941176,0.875,-0.09558823529411764
D795,CART,R3,0.8108108108108109,0.9705882352941176,0.875,-0.09558823529411764
D796,TVAE,R1,0.7631578947368421,0.8206521739130435,0.8131868131868132,-0.007465360726230275
D796,TVAE,R2,0.8306010928961749,0.8206521739130435,0.8131868131868132,-0.007465360726230275
D796,TVAE,R3,0.8010752688172043,0.8206521739130435,0.8131868131868132,-0.007465360726230275
D796,CART,R1,0.9590643274853801,0.8206521739130435,0.8131868131868132,-0.007465360726230275
D796,CART,R2,0.9940476190476191,0.8206521739130435,0.8131868131868132,-0.007465360726230275
D796,CART,R3,0.9476744186046512,0.8206521739130435,0.8131868131868132,-0.007465360726230275
D797,TVAE,R1,0.8820224719101124,0.9476744186046512,0.896551724137931,-0.05112269446672013
D797,TVAE,R2,0.8108108108108109,0.9476744186046512,0.896551724137931,-0.05112269446672013
D797,TVAE,R3,0.9822485207100592,0.9476744186046512,0.896551724137931,-0.05112269446672013
D797,CART,R1,0.8306010928961749,0.9476744186046512,0.896551724137931,-0.05112269446672013
D797,CART,R2,0.8715083798882681,0.9476744186046512,0.896551724137931,-0.05112269446672013
D797,CART,R3,0.8820224719101124,0.9476744186046512,0.896551724137931,-0.05112269446672013
D798,TVAE,R1,0.850828729281768,0.9705882352941176,0.9879518072289156,0.017363571934797983
D798,TVAE,R2,0.9822485207100592,0.9705882352941176,0.9879518072289156,0.017363571934797983
D798,TVAE,R3,0.7724867724867724,0.9705882352941176,0.9879518072289156,0.017363571934797983
D798,CART,R1,0.9822485207100592,0.9705882352941176,0.9879518072289156,0.017363571934797983
D798,CART,R2,0.9476744186046512,0.9705882352941176,0.9879518072289156,0.017363571934797983
D798,CART,R3,0.9034090909090909,0.9705882352941176,0.9879518072289156,0.017363571934797983
D799,TVAE,R1,0.9476744186046512,0.9822485207100592,0.8539325842696629,-0.1283159364403963
D799,TVAE,R2,0.8611111111111112,0.9822485207100592,0.8539325842696629,-0.1283159364403963
D799,TVAE,R3,0.9142857142857143,0.9822485207100592,0.8539325842696629,-0.1283159364403963
D799,CART,R1,0.9940476190476191,0.9822485207100592,0.8539325842696629,-0.1283159364403963
D799,CART,R2,0.9142857142857143,0.9822485207100592,0.8539325842696629,-0.1283159364403963
D799,CART,R3,0.9940476190476191,0.9822485207100592,0.8539325842696629,-0.1283159364403963
D8,TVAE,R1,0.7447916666666666,0.9252873563218391,0.896551724137931,-0.028735632183908066
D8,TVAE,R2,0.7539267015706806,0.9252873563218391,0.896551724137931,-0.028735632183908066
D8,TVAE,R3,0.6834170854271356,0.9252873563218391,0.896551724137931,-0.028735632183908066
D8,CART,R1,0.8206521739130435,0.9252873563218391,0.896551724137931,-0.028735632183908066
D8,CART,R2,0.9142857142857143,0.9252873563218391,0.896551724137931,-0.028735632183908066
D8,CART,R3,0.8108108108108109,0.9252873563218391,0.896551724137931,-0.028735632183908066
D80,TVAE,R1,0.9034090909090909,0.8820224719101124,0.8539325842696629,-0.028089887640449507
D80,TVAE,R2,0.9705882352941176,0.8820224719101124,0.8539325842696629,-0.028089887640449507
D80,TVAE,R3,0.8715083798882681,0.8820224719101124,0.8539325842696629,-0.028089887640449507
D80,CART,R1,0.8715083798882681,0.8820224719101124,0.8539325842696629,-0.028089887640449507
D80,CART,R2,0.8926553672316384,0.8820224719101124,0.8539325842696629,-0.028089887640449507
D80,CART,R3,0.9364161849710982,0.8820224719101124,0.8539325842696629,-0.028089887640449507
D800,TVAE,R1,0.8611111111111112,0.8611111111111112,0.9879518072289156,0.12684069611780446
D800,TVAE,R2,0.8406593406593407,0.8611111111111112,0.9879518072289156,0.12684069611780446
D800,TVAE,R3,0.8206521739130435,0.8611111111111112,0.9879518072289156,0.12684069611780446
D800,CART,R1,0.8010752688172043,0.8611111111111112,0.9879518072289156,0.12684069611780446
D800,CART,R2,0.8010752688172043,0.8611111111111112,0.9879518072289156,0.12684069611780446
D800,CART,R3,0.8206521739130435,0.8611111111111112,0.9879518072289156,0.12684069611780446
D801,TVAE,R1,0.8108108108108109,0.9590643274853801,0.9186046511627907,-0.0404596763225894
D801,TVAE,R2,0.8926553672316384,0.9590643274853801,0.9186046511627907,-0.0404596763225894
D801,TVAE,R3,0.7631578947368421,0.9590643274853801,0.9186046511627907,-0.0404596763225894
D801,CART,R1,0.8406593406593407,0.9590643274853801,0.9186046511627907,-0.0404596763225894
D801,CART,R2,0.9034090909090909,0.9590643274853801,0.9186046511627907,-0.0404596763225894
D801,CART,R3,0.850828729281768,0.9590643274853801,0.9186046511627907,-0.0404596763225894
D802,TVAE,R1,0.9142857142857143,0.9822485207100592,0.9186046511627907,-0.06364386954726853
D802,TVAE,R2,0.8306010928961749,0.9822485207100592,0.9186046511627907,-0.06364386954726853
D802,TVAE,R3,0.8406593406593407,0.9822485207100592,0.9186046511627907,-0.06364386954726853
D802,CART,R1,0.8715083798882681,0.9822485207100592,0.9186046511627907,-0.06364386954726853
D802,CART,R2,0.9590643274853801,0.9822485207100592,0.9186046511627907,-0.06364386954726853
D802,CART,R3,0.8611111111111112,0.9822485207100592,0.9186046511627907,-0.06364386954726853
D803,TVAE,R1,0.717948717948718,0.9034090909090909,0.9186046511627907,0.015195560253699725
D803,TVAE,R2,0.7631578947368421,0.9034090909090909,0.9186046511627907,0.015195560253699725
D803,TVAE,R3,0.6341463414634146,0.9034090909090909,0.9186046511627907,0.015195560253699725
D803,CART,R1,0.9364161849710982,0.9034090909090909,0.9186046511627907,0.015195560253699725
D803,CART,R2,0.9364161849710982,0.9034090909090909,0.9186046511627907,0.015195560253699725
D803,CART,R3,0.8820224719101124,0.9034090909090909,0.9186046511627907,0.015195560253699725
D804,TVAE,R1,0.8820224719101124,0.9940476190476191,0.875,-0.11904761904761907
D804,TVAE,R2,0.9364161849710982,0.9940476190476191,0.875,-0.11904761904761907
D804,TVAE,R3,0.9822485207100592,0.9940476190476191,0.875,-0.11904761904761907
D804,CART,R1,0.9822485207100592,0.9940476190476191,0.875,-0.11904761904761907
D804,CART,R2,0.9476744186046512,0.9940476190476191,0.875,-0.11904761904761907
D804,CART,R3,0.9590643274853801,0.9940476190476191,0.875,-0.11904761904761907
D805,TVAE,R1,0.9940476190476191,0.9590643274853801,0.9186046511627907,-0.0404596763225894
D805,TVAE,R2,0.9940476190476191,0.9590643274853801,0.9186046511627907,-0.0404596763225894
D805,TVAE,R3,0.850828729281768,0.9590643274853801,0.9186046511627907,-0.0404596763225894
D805,CART,R1,0.9590643274853801,0.9590643274853801,0.9186046511627907,-0.0404596763225894
D805,CART,R2,0.9822485207100592,0.9590643274853801,0.9186046511627907,-0.0404596763225894
D805,CART,R3,0.9822485207100592,0.9590643274853801,0.9186046511627907,-0.0404596763225894
D806,TVAE,R1,0.8820224719101124,0.9705882352941176,0.9642857142857143,-0.006302521008403339
D806,TVAE,R2,0.9476744186046512,0.9705882352941176,0.9642857142857143,-0.006302521008403339
D806,TVAE,R3,0.9252873563218391,0.9705882352941176,0.9642857142857143,-0.006302521008403339
D806,CART,R1,0.8715083798882681,0.9705882352941176,0.9642857142857143,-0.006302521008403339
D806,CART,R2,0.8206521739130435,0.9705882352941176,0.9642857142857143,-0.006302521008403339
D806,CART,R3,0.850828729281768,0.9705882352941176,0.9642857142857143,-0.006302521008403339
D807,TVAE,R1,0.9252873563218391,0.9364161849710982,0.8131868131868132,-0.12322937178428506
D807,TVAE,R2,0.9252873563218391,0.9364161849710982,0.8131868131868132,-0.12322937178428506
D807,TVAE,R3,0.8108108108108109,0.9364161849710982,0.8131868131868132,-0.12322937178428506
D807,CART,R1,0.8715083798882681,0.9364161849710982,0.8131868131868132,-0.12322937178428506
D807,CART,R2,0.8715083798882681,0.9364161849710982,0.8131868131868132,-0.12322937178428506
D807,CART,R3,0.8715083798882681,0.9364161849710982,0.8131868131868132,-0.12322937178428506
D808,TVAE,R1,0.9705882352941176,0.9590643274853801,0.9879518072289156,0.02888747974353556
D808,TVAE,R2,0.9822485207100592,0.9590643274853801,0.9879518072289156,0.02888747974353556
D808,TVAE,R3,0.9476744186046512,0.9590643274853801,0.9879518072289156,0.02888747974353556
D808,CART,R1,0.9590643274853801,0.9590643274853801,0.9879518072289156,0.02888747974353556
D808,CART,R2,0.9252873563218391,0.9590643274853801,0.9879518072289156,0.02888747974353556
D808,CART,R3,0.9364161849710982,0.9590643274853801,0.9879518072289156,0.02888747974353556
D809,TVAE,R1,0.8820224719101124,0.9940476190476191,0.9879518072289156,-0.006095811818703445
D809,TVAE,R2,0.9590643274853801,0.9940476190476191,0.9879518072289156,-0.006095811818703445
D809,TVAE,R3,0.9822485207100592,0.9940476190476191,0.9879518072289156,-0.006095811818703445
D809,CART,R1,0.9822485207100592,0.9940476190476191,0.9879518072289156,-0.006095811818703445
D809,CART,R2,0.9364161849710982,0.9940476190476191,0.9879518072289156,-0.006095811818703445
D809,CART,R3,0.9822485207100592,0.9940476190476191,0.9879518072289156,-0.006095811818703445
D81,TVAE,R1,0.8406593406593407,0.8926553672316384,0.7934782608695652,-0.09917710636207322
D81,TVAE,R2,0.7819148936170213,0.8926553672316384,0.7934782608695652,-0.09917710636207322
D81,TVAE,R3,0.9034090909090909,0.8926553672316384,0.7934782608695652,-0.09917710636207322
D81,CART,R1,0.8611111111111112,0.8926553672316384,0.7934782608695652,-0.09917710636207322
D81,CART,R2,0.850828729281768,0.8926553672316384,0.7934782608695652,-0.09917710636207322
D81,CART,R3,0.8611111111111112,0.8926553672316384,0.7934782608695652,-0.09917710636207322
D810,TVAE,R1,0.8611111111111112,0.9940476190476191,0.9642857142857143,-0.029761904761904767
D810,TVAE,R2,0.9822485207100592,0.9940476190476191,0.9642857142857143,-0.029761904761904767
D810,TVAE,R3,0.9590643274853801,0.9940476190476191,0.9642857142857143,-0.029761904761904767
D810,CART,R1,0.9252873563218391,0.9940476190476191,0.9642857142857143,-0.029761904761904767
D810,CART,R2,0.9940476190476191,0.9940476190476191,0.9642857142857143,-0.029761904761904767
D810,CART,R3,0.9590643274853801,0.9940476190476191,0.9642857142857143,-0.029761904761904767
D811,TVAE,R1,0.7914438502673797,0.8108108108108109,0.7934782608695652,-0.017332549941245667
D811,TVAE,R2,0.6421568627450981,0.8108108108108109,0.7934782608695652,-0.017332549941245667
D811,TVAE,R3,0.7914438502673797,0.8108108108108109,0.7934782608695652,-0.017332549941245667
D811,CART,R1,0.8715083798882681,0.8108108108108109,0.7934782608695652,-0.017332549941245667
D811,CART,R2,0.9364161849710982,0.8108108108108109,0.7934782608695652,-0.017332549941245667
D811,CART,R3,0.9364161849710982,0.8108108108108109,0.7934782608695652,-0.017332549941245667
D812,TVAE,R1,0.8715083798882681,0.9822485207100592,0.896551724137931,-0.08569679657212814
D812,TVAE,R2,0.717948717948718,0.9822485207100592,0.896551724137931,-0.08569679657212814
D812,TVAE,R3,0.850828729281768,0.9822485207100592,0.896551724137931,-0.08569679657212814
D812,CART,R1,0.9476744186046512,0.9822485207100592,0.896551724137931,-0.08569679657212814
D812,CART,R2,0.9252873563218391,0.9822485207100592,0.896551724137931,-0.08569679657212814
D812,CART,R3,0.9476744186046512,0.9822485207100592,0.896551724137931,-0.08569679657212814
D813,TVAE,R1,0.8820224719101124,0.8926553672316384,0.7934782608695652,-0.09917710636207322
D813,TVAE,R2,0.9252873563218391,0.8926553672316384,0.7934782608695652,-0.09917710636207322
D813,TVAE,R3,0.9364161849710982,0.8926553672316384,0.7934782608695652,-0.09917710636207322
D813,CART,R1,0.7631578947368421,0.8926553672316384,0.7934782608695652,-0.09917710636207322
D813,CART,R2,0.7631578947368421,0.8926553672316384,0.7934782608695652,-0.09917710636207322
D813,CART,R3,0.7268041237113402,0.8926553672316384,0.7934782608695652,-0.09917710636207322
D814,TVAE,R1,0.9252873563218391,0.9822485207100592,0.9879518072289156,0.005703286518856432
D814,TVAE,R2,0.9142857142857143,0.9822485207100592,0.9879518072289156,0.005703286518856432
D814,TVAE,R3,0.8108108108108109,0.9822485207100592,0.9879518072289156,0.005703286518856432
D814,CART,R1,0.8306010928961749,0.9822485207100592,0.9879518072289156,0.005703286518856432
D814,CART,R2,0.8306010928961749,0.9822485207100592,0.9879518072289156,0.005703286518856432
D814,CART,R3,0.8406593406593407,0.9822485207100592,0.9879518072289156,0.005703286518856432
D815,TVAE,R1,0.8306010928961749,0.9822485207100592,0.9642857142857143,-0.01796280642434489
D815,TVAE,R2,0.9590643274853801,0.9822485207100592,0.9642857142857143,-0.01796280642434489
D815,TVAE,R3,0.7631578947368421,0.9822485207100592,0.9642857142857143,-0.01796280642434489
D815,CART,R1,0.9590643274853801,0.9822485207100592,0.9642857142857143,-0.01796280642434489
D815,CART,R2,0.9476744186046512,0.9822485207100592,0.9642857142857143,-0.01796280642434489
D815,CART,R3,0.9034090909090909,0.9822485207100592,0.9642857142857143,-0.01796280642434489
D816,TVAE,R1,0.8406593406593407,0.9364161849710982,0.9642857142857143,0.02786952931461606
D816,TVAE,R2,0.7631578947368421,0.9364161849710982,0.9642857142857143,0.02786952931461606
D816,TVAE,R3,0.9142857142857143,0.9364161849710982,0.9642857142857143,0.02786952931461606
D816,CART,R1,0.8926553672316384,0.9364161849710982,0.9642857142857143,0.02786952931461606
D816,CART,R2,0.9590643274853801,0.9364161849710982,0.9642857142857143,0.02786952931461606
D816,CART,R3,0.9364161849710982,0.9364161849710982,0.9642857142857143,0.02786952931461606
D817,TVAE,R1,0.7914438502673797,0.9940476190476191,0.9879518072289156,-0.006095811818703445
D817,TVAE,R2,0.9705882352941176,0.9940476190476191,0.9879518072289156,-0.006095811818703445
D817,TVAE,R3,0.9476744186046512,0.9940476190476191,0.9879518072289156,-0.006095811818703445
D817,CART,R1,0.9822485207100592,0.9940476190476191,0.9879518072289156,-0.006095811818703445
D817,CART,R2,0.9705882352941176,0.9940476190476191,0.9879518072289156,-0.006095811818703445
D817,CART,R3,0.9590643274853801,0.9940476190476191,0.9879518072289156,-0.006095811818703445
D818,TVAE,R1,0.8206521739130435,0.9364161849710982,0.9411764705882353,0.004760285617137039
D818,TVAE,R2,0.7539267015706806,0.9364161849710982,0.9411764705882353,0.004760285617137039
D818,TVAE,R3,0.8820224719101124,0.9364161849710982,0.9411764705882353,0.004760285617137039
D818,CART,R1,0.8715083798882681,0.9364161849710982,0.9411764705882353,0.004760285617137039
D818,CART,R2,0.8926553672316384,0.9364161849710982,0.9411764705882353,0.004760285617137039
D818,CART,R3,0.9364161849710982,0.9364161849710982,0.9411764705882353,0.004760285617137039
D819,TVAE,R1,0.9940476190476191,0.9034090909090909,0.9411764705882353,0.03776737967914434
D819,TVAE,R2,0.7539267015706806,0.9034090909090909,0.9411764705882353,0.03776737967914434
D819,TVAE,R3,0.7631578947368421,0.9034090909090909,0.9411764705882353,0.03776737967914434
D819,CART,R1,0.9142857142857143,0.9034090909090909,0.9411764705882353,0.03776737967914434
D819,CART,R2,0.9705882352941176,0.9034090909090909,0.9411764705882353,0.03776737967914434
D819,CART,R3,0.9252873563218391,0.9034090909090909,0.9411764705882353,0.03776737967914434
D82,TVAE,R1,0.9364161849710982,0.9590643274853801,0.9186046511627907,-0.0404596763225894
D82,TVAE,R2,0.8206521739130435,0.9590643274853801,0.9186046511627907,-0.0404596763225894
D82,TVAE,R3,0.8926553672316384,0.9590643274853801,0.9186046511627907,-0.0404596763225894
D82,CART,R1,0.8611111111111112,0.9590643274853801,0.9186046511627907,-0.0404596763225894
D82,CART,R2,0.8611111111111112,0.9590643274853801,0.9186046511627907,-0.0404596763225894
D82,CART,R3,0.8306010928961749,0.9590643274853801,0.9186046511627907,-0.0404596763225894
D820,TVAE,R1,0.9476744186046512,0.9940476190476191,0.8131868131868132,-0.18086080586080588
D820,TVAE,R2,0.9940476190476191,0.9940476190476191,0.8131868131868132,-0.18086080586080588
D820,TVAE,R3,0.9822485207100592,0.9940476190476191,0.8131868131868132,-0.18086080586080588
D820,CART,R1,0.8306010928961749,0.9940476190476191,0.8131868131868132,-0.18086080586080588
D820,CART,R2,0.9476744186046512,0.9940476190476191,0.8131868131868132,-0.18086080586080588
D820,CART,R3,0.9142857142857143,0.9940476190476191,0.8131868131868132,-0.18086080586080588
D821,TVAE,R1,0.9034090909090909,0.9476744186046512,0.896551724137931,-0.05112269446672013
D821,TVAE,R2,0.7914438502673797,0.9476744186046512,0.896551724137931,-0.05112269446672013
D821,TVAE,R3,0.7631578947368421,0.9476744186046512,0.896551724137931,-0.05112269446672013
D821,CART,R1,0.9252873563218391,0.9476744186046512,0.896551724137931,-0.05112269446672013
D821,CART,R2,0.8611111111111112,0.9476744186046512,0.896551724137931,-0.05112269446672013
D821,CART,R3,0.9142857142857143,0.9476744186046512,0.896551724137931,-0.05112269446672013
D822,TVAE,R1,0.9364161849710982,0.9705882352941176,0.9411764705882353,-0.02941176470588236
D822,TVAE,R2,0.9364161849710982,0.9705882352941176,0.9411764705882353,-0.02941176470588236
D822,TVAE,R3,0.6919191919191919,0.9705882352941176,0.9411764705882353,-0.02941176470588236
D822,CART,R1,0.8611111111111112,0.9705882352941176,0.9411764705882353,-0.02941176470588236
D822,CART,R2,0.8406593406593407,0.9705882352941176,0.9411764705882353,-0.02941176470588236
D822,CART,R3,0.8108108108108109,0.9705882352941176,0.9411764705882353,-0.02941176470588236
D823,TVAE,R1,0.9940476190476191,0.9476744186046512,0.8131868131868132,-0.134487605417838
D823,TVAE,R2,0.9705882352941176,0.9476744186046512,0.8131868131868132,-0.134487605417838
D823,TVAE,R3,0.9142857142857143,0.9476744186046512,0.8131868131868132,-0.134487605417838
D823,CART,R1,0.9252873563218391,0.9476744186046512,0.8131868131868132,-0.134487605417838
D823,CART,R2,0.9705882352941176,0.9476744186046512,0.8131868131868132,-0.134487605417838
D823,CART,R3,0.9252873563218391,0.9476744186046512,0.8131868131868132,-0.134487605417838
D824,TVAE,R1,0.850828729281768,0.9364161849710982,0.875,-0.06141618497109824
D824,TVAE,R2,0.7091836734693877,0.9364161849710982,0.875,-0.06141618497109824
D824,TVAE,R3,0.7447916666666666,0.9364161849710982,0.875,-0.06141618497109824
D824,CART,R1,0.9364161849710982,0.9364161849710982,0.875,-0.06141618497109824
D824,CART,R2,0.9590643274853801,0.9364161849710982,0.875,-0.06141618497109824
D824,CART,R3,0.9940476190476191,0.9364161849710982,0.875,-0.06141618497109824
D825,TVAE,R1,0.717948717948718,0.9252873563218391,0.8539325842696629,-0.07135477205217622
D825,TVAE,R2,0.9940476190476191,0.9252873563218391,0.8539325842696629,-0.07135477205217622
D825,TVAE,R3,0.8010752688172043,0.9252873563218391,0.8539325842696629,-0.07135477205217622
D825,CART,R1,0.7631578947368421,0.9252873563218391,0.8539325842696629,-0.07135477205217622
D825,CART,R2,0.7819148936170213,0.9252873563218391,0.8539325842696629,-0.07135477205217622
D825,CART,R3,0.8010752688172043,0.9252873563218391,0.8539325842696629,-0.07135477205217622
D826,TVAE,R1,0.9034090909090909,0.9940476190476191,0.9186046511627907,-0.0754429678848284
D826,TVAE,R2,0.9705882352941176,0.9940476190476191,0.9186046511627907,-0.0754429678848284
D826,TVAE,R3,0.9252873563218391,0.9940476190476191,0.9186046511627907,-0.0754429678848284
D826,CART,R1,0.8926553672316384,0.9940476190476191,0.9186046511627907,-0.0754429678848284
D826,CART,R2,0.8715083798882681,0.9940476190476191,0.9186046511627907,-0.0754429678848284
D826,CART,R3,0.8611111111111112,0.9940476190476191,0.9186046511627907,-0.0754429678848284
D827,TVAE,R1,0.8820224719101124,0.9705882352941176,0.875,-0.09558823529411764
D827,TVAE,R2,0.9476744186046512,0.9705882352941176,0.875,-0.09558823529411764
D827,TVAE,R3,0.9822485207100592,0.9705882352941176,0.875,-0.09558823529411764
D827,CART,R1,0.850828729281768,0.9705882352941176,0.875,-0.09558823529411764
D827,CART,R2,0.8306010928961749,0.9705882352941176,0.875,-0.09558823529411764
D827,CART,R3,0.8108108108108109,0.9705882352941176,0.875,-0.09558823529411764
D828,TVAE,R1,0.6584158415841584,0.8206521739130435,0.8131868131868132,-0.007465360726230275
D828,TVAE,R2,0.7268041237113402,0.8206521739130435,0.8131868131868132,-0.007465360726230275
D828,TVAE,R3,0.6919191919191919,0.8206521739130435,0.8131868131868132,-0.007465360726230275
D828,CART,R1,0.9940476190476191,0.8206521739130435,0.8131868131868132,-0.007465360726230275
D828,CART,R2,0.9364161849710982,0.8206521739130435,0.8131868131868132,-0.007465360726230275
D828,CART,R3,0.9142857142857143,0.8206521739130435,0.8131868131868132,-0.007465360726230275
D829,TVAE,R1,0.8306010928961749,0.9476744186046512,0.896551724137931,-0.05112269446672013
D829,TVAE,R2,0.7631578947368421,0.9476744186046512,0.896551724137931,-0.05112269446672013
D829,TVAE,R3,0.9252873563218391,0.9476744186046512,0.896551724137931,-0.05112269446672013
D829,CART,R1,0.850828729281768,0.9476744186046512,0.896551724137931,-0.05112269446672013
D829,CART,R2,0.850828729281768,0.9476744186046512,0.896551724137931,-0.05112269446672013
D829,CART,R3,0.850828729281768,0.9476744186046512,0.896551724137931,-0.05112269446672013
D83,TVAE,R1,0.9705882352941176,0.9822485207100592,0.9642857142857143,-0.01796280642434489
D83,TVAE,R2,0.9252873563218391,0.9822485207100592,0.9642857142857143,-0.01796280642434489
D83,TVAE,R3,0.9252873563218391,0.9822485207100592,0.9642857142857143,-0.01796280642434489
D83,CART,R1,0.850828729281768,0.9822485207100592,0.9642857142857143,-0.01796280642434489
D83,CART,R2,0.8306010928961749,0.9822485207100592,0.9642857142857143,-0.01796280642434489
D83,CART,R3,0.850828729281768,0.9822485207100592,0.9642857142857143,-0.01796280642434489
D830,TVAE,R1,0.9252873563218391,0.9705882352941176,0.9879518072289156,0.017363571934797983
D830,TVAE,R2,0.8306010928961749,0.9705882352941176,0.9879518072289156,0.017363571934797983
D830,TVAE,R3,0.8611111111111112,0.9705882352941176,0.9879518072289156,0.017363571934797983
D830,CART,R1,0.9940476190476191,0.9705882352941176,0.9879518072289156,0.017363571934797983
D830,CART,R2,0.9940476190476191,0.9705882352941176,0.9879518072289156,0.017363571934797983
D830,CART,R3,0.9705882352941176,0.9705882352941176,0.9879518072289156,0.017363571934797983
D831,TVAE,R1,0.9252873563218391,0.9822485207100592,0.8539325842696629,-0.1283159364403963
D831,TVAE,R2,0.8108108108108109,0.9822485207100592,0.8539325842696629,-0.1283159364403963
D831,TVAE,R3,0.8306010928961749,0.9822485207100592,0.8539325842696629,-0.1283159364403963
D831,CART,R1,0.9142857142857143,0.9822485207100592,0.8539325842696629,-0.1283159364403963
D831,CART,R2,0.9476744186046512,0.9822485207100592,0.8539325842696629,-0.1283159364403963
D831,CART,R3,0.9705882352941176,0.9822485207100592,0.8539325842696629,-0.1283159364403963
D832,TVAE,R1,0.8715083798882681,0.8611111111111112,0.9879518072289156,0.12684069611780446
D832,TVAE,R2,0.7539267015706806,0.8611111111111112,0.9879518072289156,0.12684069611780446
D832,TVAE,R3,0.9590643274853801,0.8611111111111112,0.9879518072289156,0.12684069611780446
D832,CART,R1,0.850828729281768,0.8611111111111112,0.9879518072289156,0.12684069611780446
D832,CART,R2,0.8306010928961749,0.8611111111111112,0.9879518072289156,0.12684069611780446
D832,CART,R3,0.8611111111111112,0.8611111111111112,0.9879518072289156,0.12684069611780446
D833,TVAE,R1,0.9705882352941176,0.9590643274853801,0.9186046511627907,-0.0404596763225894
D833,TVAE,R2,0.8715083798882681,0.9590643274853801,0.9186046511627907,-0.0404596763225894
D833,TVAE,R3,0.9476744186046512,0.9590643274853801,0.9186046511627907,-0.0404596763225894
D833,CART,R1,0.8820224719101124,0.9590643274853801,0.9186046511627907,-0.0404596763225894
D833,CART,R2,0.8715083798882681,0.9590643274853801,0.9186046511627907,-0.0404596763225894
D833,CART,R3,0.8715083798882681,0.9590643274853801,0.9186046511627907,-0.0404596763225894
D834,TVAE,R1,0.9705882352941176,0.9822485207100592,0.9186046511627907,-0.06364386954726853
D834,TVAE,R2,0.9822485207100592,0.9822485207100592,0.9186046511627907,-0.06364386954726853
D834,TVAE,R3,0.9364161849710982,0.9822485207100592,0.9186046511627907,-0.06364386954726853
D834,CART,R1,0.850828729281768,0.9822485207100592,0.9186046511627907,-0.06364386954726853
D834,CART,R2,0.8715083798882681,0.9822485207100592,0.9186046511627907,-0.06364386954726853
D834,CART,R3,0.8611111111111112,0.9822485207100592,0.9186046511627907,-0.06364386954726853
D835,TVAE,R1,0.7914438502673797,0.9034090909090909,0.9186046511627907,0.015195560253699725
D835,TVAE,R2,0.8406593406593407,0.9034090909090909,0.9186046511627907,0.015195560253699725
D835,TVAE,R3,0.7914438502673797,0.9034090909090909,0.9186046511627907,0.015195560253699725
D835,CART,R1,0.8926553672316384,0.9034090909090909,0.9186046511627907,0.015195560253699725
D835,CART,R2,0.8820224719101124,0.9034090909090909,0.9186046511627907,0.015195560253699725
D835,CART,R3,0.8406593406593407,0.9034090909090909,0.9186046511627907,0.015195560253699725
D836,TVAE,R1,0.9705882352941176,0.9940476190476191,0.875,-0.11904761904761907
D836,TVAE,R2,0.9940476190476191,0.9940476190476191,0.875,-0.11904761904761907
D836,TVAE,R3,0.9252873563218391,0.9940476190476191,0.875,-0.11904761904761907
D836,CART,R1,0.9476744186046512,0.9940476190476191,0.875,-0.11904761904761907
D836,CART,R2,0.9822485207100592,0.9940476190476191,0.875,-0.11904761904761907
D836,CART,R3,0.9705882352941176,0.9940476190476191,0.875,-0.11904761904761907
D837,TVAE,R1,0.9822485207100592,0.9590643274853801,0.9186046511627907,-0.0404596763225894
D837,TVAE,R2,0.8010752688172043,0.9590643274853801,0.9186046511627907,-0.0404596763225894
D837,TVAE,R3,0.8108108108108109,0.9590643274853801,0.9186046511627907,-0.0404596763225894
D837,CART,R1,0.9705882352941176,0.9590643274853801,0.9186046511627907,-0.0404596763225894
D837,CART,R2,0.9705882352941176,0.9590643274853801,0.9186046511627907,-0.0404596763225894
D837,CART,R3,0.9590643274853801,0.9590643274853801,0.9186046511627907,-0.0404596763225894
D838,TVAE,R1,0.8611111111111112,0.9705882352941176,0.9642857142857143,-0.006302521008403339
D838,TVAE,R2,0.8926553672316384,0.9705882352941176,0.9642857142857143,-0.006302521008403339
D838,TVAE,R3,0.6584158415841584,0.9705882352941176,0.9642857142857143,-0.006302521008403339
D838,CART,R1,0.8611111111111112,0.9705882352941176,0.9642857142857143,-0.006302521008403339
D838,CART,R2,0.8306010928961749,0.9705882352941176,0.9642857142857143,-0.006302521008403339
D838,CART,R3,0.8715083798882681,0.9705882352941176,0.9642857142857143,-0.006302521008403339
D839,TVAE,R1,0.8820224719101124,0.9364161849710982,0.8131868131868132,-0.12322937178428506
D839,TVAE,R2,0.9364161849710982,0.9364161849710982,0.8131868131868132,-0.12322937178428506
D839,TVAE,R3,0.9705882352941176,0.9364161849710982,0.8131868131868132,-0.12322937178428506
D839,CART,R1,0.8926553672316384,0.9364161849710982,0.8131868131868132,-0.12322937178428506
D839,CART,R2,0.9142857142857143,0.9364161849710982,0.8131868131868132,-0.12322937178428506
D839,CART,R3,0.9252873563218391,0.9364161849710982,0.8131868131868132,-0.12322937178428506
D84,TVAE,R1,0.8406593406593407,0.9252873563218391,0.9411764705882353,0.015889114266396165
D84,TVAE,R2,0.9590643274853801,0.9252873563218391,0.9411764705882353,0.015889114266396165
D84,TVAE,R3,0.9590643274853801,0.9252873563218391,0.9411764705882353,0.015889114266396165
D84,CART,R1,0.9034090909090909,0.9252873563218391,0.9411764705882353,0.015889114266396165
D84,CART,R2,0.850828729281768,0.9252873563218391,0.9411764705882353,0.015889114266396165
D84,CART,R3,0.9364161849710982,0.9252873563218391,0.9411764705882353,0.015889114266396165
D840,TVAE,R1,0.8820224719101124,0.9590643274853801,0.9879518072289156,0.02888747974353556
D840,TVAE,R2,0.8611111111111112,0.9590643274853801,0.9879518072289156,0.02888747974353556
D840,TVAE,R3,0.9705882352941176,0.9590643274853801,0.9879518072289156,0.02888747974353556
D840,CART,R1,0.8306010928961749,0.9590643274853801,0.9879518072289156,0.02888747974353556
D840,CART,R2,0.8715083798882681,0.9590643274853801,0.9879518072289156,0.02888747974353556
D840,CART,R3,0.9034090909090909,0.9590643274853801,0.9879518072289156,0.02888747974353556
D841,TVAE,R1,0.8926553672316384,0.9940476190476191,0.9879518072289156,-0.006095811818703445
D841,TVAE,R2,0.9476744186046512,0.9940476190476191,0.9879518072289156,-0.006095811818703445
D841,TVAE,R3,0.9940476190476191,0.9940476190476191,0.9879518072289156,-0.006095811818703445
D841,CART,R1,0.9822485207100592,0.9940476190476191,0.9879518072289156,-0.006095811818703445
D841,CART,R2,0.9822485207100592,0.9940476190476191,0.9879518072289156,-0.006095811818703445
D841,CART,R3,0.9822485207100592,0.9940476190476191,0.9879518072289156,-0.006095811818703445
D842,TVAE,R1,0.9822485207100592,0.9940476190476191,0.9642857142857143,-0.029761904761904767
D842,TVAE,R2,0.9142857142857143,0.9940476190476191,0.9642857142857143,-0.029761904761904767
D842,TVAE,R3,0.8406593406593407,0.9940476190476191,0.9642857142857143,-0.029761904761904767
D842,CART,R1,0.9822485207100592,0.9940476190476191,0.9642857142857143,-0.029761904761904767
D842,CART,R2,0.9822485207100592,0.9940476190476191,0.9642857142857143,-0.029761904761904767
D842,CART,R3,0.9705882352941176,0.9940476190476191,0.9642857142857143,-0.029761904761904767
D843,TVAE,R1,0.7724867724867724,0.8108108108108109,0.7934782608695652,-0.017332549941245667
D843,TVAE,R2,0.6502463054187192,0.8108108108108109,0.7934782608695652,-0.017332549941245667
D843,TVAE,R3,0.8611111111111112,0.8108108108108109,0.7934782608695652,-0.017332549941245667
D843,CART,R1,0.9142857142857143,0.8108108108108109,0.7934782608695652,-0.017332549941245667
D843,CART,R2,0.9364161849710982,0.8108108108108109,0.7934782608695652,-0.017332549941245667
D843,CART,R3,0.9476744186046512,0.8108108108108109,0.7934782608695652,-0.017332549941245667
D844,TVAE,R1,0.9476744186046512,0.9822485207100592,0.896551724137931,-0.08569679657212814
D844,TVAE,R2,0.8611111111111112,0.9822485207100592,0.896551724137931,-0.08569679657212814
D844,TVAE,R3,0.8926553672316384,0.9822485207100592,0.896551724137931,-0.08569679657212814
D844,CART,R1,0.9364161849710982,0.9822485207100592,0.896551724137931,-0.08569679657212814
D844,CART,R2,0.9705882352941176,0.9822485207100592,0.896551724137931,-0.08569679657212814
D844,CART,R3,0.9822485207100592,0.9822485207100592,0.896551724137931,-0.08569679657212814
D845,TVAE,R1,0.7447916666666666,0.8926553672316384,0.7934782608695652,-0.09917710636207322
D845,TVAE,R2,0.6919191919191919,0.8926553672316384,0.7934782608695652,-0.09917710636207322
D845,TVAE,R3,0.7539267015706806,0.8926553672316384,0.7934782608695652,-0.09917710636207322
D845,CART,R1,0.7539267015706806,0.8926553672316384,0.7934782608695652,-0.09917710636207322
D845,CART,R2,0.7631578947368421,0.8926553672316384,0.7934782608695652,-0.09917710636207322
D845,CART,R3,0.7631578947368421,0.8926553672316384,0.7934782608695652,-0.09917710636207322
D846,TVAE,R1,0.8926553672316384,0.9822485207100592,0.9879518072289156,0.005703286518856432
D846,TVAE,R2,0.9822485207100592,0.9822485207100592,0.9879518072289156,0.005703286518856432
D846,TVAE,R3,0.9940476190476191,0.9822485207100592,0.9879518072289156,0.005703286518856432
D846,CART,R1,0.8611111111111112,0.9822485207100592,0.9879518072289156,0.005703286518856432
D846,CART,R2,0.850828729281768,0.9822485207100592,0.9879518072289156,0.005703286518856432
D846,CART,R3,0.8206521739130435,0.9822485207100592,0.9879518072289156,0.005703286518856432
D847,TVAE,R1,0.7447916666666666,0.9822485207100592,0.9642857142857143,-0.01796280642434489
D847,TVAE,R2,0.9252873563218391,0.9822485207100592,0.9642857142857143,-0.01796280642434489
D847,TVAE,R3,0.8206521739130435,0.9822485207100592,0.9642857142857143,-0.01796280642434489
D847,CART,R1,0.9364161849710982,0.9822485207100592,0.9642857142857143,-0.01796280642434489
D847,CART,R2,0.9705882352941176,0.9822485207100592,0.9642857142857143,-0.01796280642434489
D847,CART,R3,0.9822485207100592,0.9822485207100592,0.9642857142857143,-0.01796280642434489
D848,TVAE,R1,0.8108108108108109,0.9364161849710982,0.9642857142857143,0.02786952931461606
D848,TVAE,R2,0.8820224719101124,0.9364161849710982,0.9642857142857143,0.02786952931461606
D848,TVAE,R3,0.850828729281768,0.9364161849710982,0.9642857142857143,0.02786952931461606
D848,CART,R1,0.9590643274853801,0.9364161849710982,0.9642857142857143,0.02786952931461606
D848,CART,R2,0.9705882352941176,0.9364161849710982,0.9642857142857143,0.02786952931461606
D848,CART,R3,0.9705882352941176,0.9364161849710982,0.9642857142857143,0.02786952931461606
D849,TVAE,R1,0.9705882352941176,0.9940476190476191,0.9879518072289156,-0.006095811818703445
D849,TVAE,R2,0.8306010928961749,0.9940476190476191,0.9879518072289156,-0.006095811818703445
D849,TVAE,R3,0.9142857142857143,0.9940476190476191,0.9879518072289156,-0.006095811818703445
D849,CART,R1,0.9822485207100592,0.9940476190476191,0.9879518072289156,-0.006095811818703445
D849,CART,R2,0.9590643274853801,0.9940476190476191,0.9879518072289156,-0.006095811818703445
D849,CART,R3,0.9705882352941176,0.9940476190476191,0.9879518072289156,-0.006095811818703445
D85,TVAE,R1,0.9940476190476191,0.8926553672316384,0.7934782608695652,-0.09917710636207322
D85,TVAE,R2,0.8715083798882681,0.8926553672316384,0.7934782608695652,-0.09917710636207322
D85,TVAE,R3,0.8010752688172043,0.8926553672316384,0.7934782608695652,-0.09917710636207322
D85,CART,R1,0.9476744186046512,0.8926553672316384,0.7934782608695652,-0.09917710636207322
D85,CART,R2,0.9590643274853801,0.8926553672316384,0.7934782608695652,-0.09917710636207322
D85,CART,R3,0.9034090909090909,0.8926553672316384,0.7934782608695652,-0.09917710636207322
D850,TVAE,R1,0.9252873563218391,0.9364161849710982,0.9411764705882353,0.004760285617137039
D850,TVAE,R2,0.8611111111111112,0.9364161849710982,0.9411764705882353,0.004760285617137039
D850,TVAE,R3,0.8206521739130435,0.9364161849710982,0.9411764705882353,0.004760285617137039
D850,CART,R1,0.9034090909090909,0.9364161849710982,0.9411764705882353,0.004760285617137039
D850,CART,R2,0.9590643274853801,0.9364161849710982,0.9411764705882353,0.004760285617137039
D850,CART,R3,0.9822485207100592,0.9364161849710982,0.9411764705882353,0.004760285617137039
D851,TVAE,R1,0.6834170854271356,0.9034090909090909,0.9411764705882353,0.03776737967914434
D851,TVAE,R2,0.8926553672316384,0.9034090909090909,0.9411764705882353,0.03776737967914434
D851,TVAE,R3,0.8611111111111112,0.9034090909090909,0.9411764705882353,0.03776737967914434
D851,CART,R1,0.9252873563218391,0.9034090909090909,0.9411764705882353,0.03776737967914434
D851,CART,R2,0.9940476190476191,0.9034090909090909,0.9411764705882353,0.03776737967914434
D851,CART,R3,0.8926553672316384,0.9034090909090909,0.9411764705882353,0.03776737967914434
D852,TVAE,R1,0.8206521739130435,0.9940476190476191,0.8131868131868132,-0.18086080586080588
D852,TVAE,R2,0.9705882352941176,0.9940476190476191,0.8131868131868132,-0.18086080586080588
D852,TVAE,R3,0.9940476190476191,0.9940476190476191,0.8131868131868132,-0.18086080586080588
D852,CART,R1,0.9034090909090909,0.9940476190476191,0.8131868131868132,-0.18086080586080588
D852,CART,R2,0.8715083798882681,0.9940476190476191,0.8131868131868132,-0.18086080586080588
D852,CART,R3,0.9705882352941176,0.9940476190476191,0.8131868131868132,-0.18086080586080588
D853,TVAE,R1,0.8715083798882681,0.9476744186046512,0.896551724137931,-0.05112269446672013
D853,TVAE,R2,0.8206521739130435,0.9476744186046512,0.896551724137931,-0.05112269446672013
D853,TVAE,R3,0.9822485207100592,0.9476744186046512,0.896551724137931,-0.05112269446672013
D853,CART,R1,0.8820224719101124,0.9476744186046512,0.896551724137931,-0.05112269446672013
D853,CART,R2,0.8926553672316384,0.9476744186046512,0.896551724137931,-0.05112269446672013
D853,CART,R3,0.8926553672316384,0.9476744186046512,0.896551724137931,-0.05112269446672013
D854,TVAE,R1,0.9822485207100592,0.9705882352941176,0.9411764705882353,-0.02941176470588236
D854,TVAE,R2,0.9705882352941176,0.9705882352941176,0.9411764705882353,-0.02941176470588236
D854,TVAE,R3,0.8108108108108109,0.9705882352941176,0.9411764705882353,-0.02941176470588236
D854,CART,R1,0.8820224719101124,0.9705882352941176,0.9411764705882353,-0.02941176470588236
D854,CART,R2,0.8611111111111112,0.9705882352941176,0.9411764705882353,-0.02941176470588236
D854,CART,R3,0.850828729281768,0.9705882352941176,0.9411764705882353,-0.02941176470588236
D855,TVAE,R1,0.9364161849710982,0.9476744186046512,0.8131868131868132,-0.134487605417838
D855,TVAE,R2,0.9034090909090909,0.9476744186046512,0.8131868131868132,-0.134487605417838
D855,TVAE,R3,0.9822485207100592,0.9476744186046512,0.8131868131868132,-0.134487605417838
D855,CART,R1,0.9476744186046512,0.9476744186046512,0.8131868131868132,-0.134487605417838
D855,CART,R2,0.9822485207100592,0.9476744186046512,0.8131868131868132,-0.134487605417838
D855,CART,R3,0.9705882352941176,0.9476744186046512,0.8131868131868132,-0.134487605417838
D856,TVAE,R1,0.850828729281768,0.9364161849710982,0.875,-0.06141618497109824
D856,TVAE,R2,0.9252873563218391,0.9364161849710982,0.875,-0.06141618497109824
D856,TVAE,R3,0.7914438502673797,0.9364161849710982,0.875,-0.06141618497109824
D856,CART,R1,0.9252873563218391,0.9364161849710982,0.875,-0.06141618497109824
D856,CART,R2,0.9364161849710982,0.9364161849710982,0.875,-0.06141618497109824
D856,CART,R3,0.9034090909090909,0.9364161849710982,0.875,-0.06141618497109824
D857,TVAE,R1,0.6919191919191919,0.9252873563218391,0.8539325842696629,-0.07135477205217622
D857,TVAE,R2,0.7357512953367875,0.9252873563218391,0.8539325842696629,-0.07135477205217622
D857,TVAE,R3,0.8306010928961749,0.9252873563218391,0.8539325842696629,-0.07135477205217622
D857,CART,R1,0.8108108108108109,0.9252873563218391,0.8539325842696629,-0.07135477205217622
D857,CART,R2,0.8010752688172043,0.9252873563218391,0.8539325842696629,-0.07135477205217622
D857,CART,R3,0.7819148936170213,0.9252873563218391,0.8539325842696629,-0.07135477205217622
D858,TVAE,R1,0.9590643274853801,0.9940476190476191,0.9186046511627907,-0.0754429678848284
D858,TVAE,R2,0.8926553672316384,0.9940476190476191,0.9186046511627907,-0.0754429678848284
D858,TVAE,R3,0.8406593406593407,0.9940476190476191,0.9186046511627907,-0.0754429678848284
D858,CART,R1,0.8926553672316384,0.9940476190476191,0.9186046511627907,-0.0754429678848284
D858,CART,R2,0.8715083798882681,0.9940476190476191,0.9186046511627907,-0.0754429678848284
D858,CART,R3,0.8611111111111112,0.9940476190476191,0.9186046511627907,-0.0754429678848284
D859,TVAE,R1,0.9822485207100592,0.9705882352941176,0.875,-0.09558823529411764
D859,TVAE,R2,0.9590643274853801,0.9705882352941176,0.875,-0.09558823529411764
D859,TVAE,R3,0.9590643274853801,0.9705882352941176,0.875,-0.09558823529411764
D859,CART,R1,0.7819148936170213,0.9705882352941176,0.875,-0.09558823529411764
D859,CART,R2,0.850828729281768,0.9705882352941176,0.875,-0.09558823529411764
D859,CART,R3,0.9142857142857143,0.9705882352941176,0.875,-0.09558823529411764
D86,TVAE,R1,0.8406593406593407,0.9364161849710982,0.896551724137931,-0.03986446083316719
D86,TVAE,R2,0.9940476190476191,0.9364161849710982,0.896551724137931,-0.03986446083316719
D86,TVAE,R3,0.8926553672316384,0.9364161849710982,0.896551724137931,-0.03986446083316719
D86,CART,R1,0.9364161849710982,0.9364161849710982,0.896551724137931,-0.03986446083316719
D86,CART,R2,0.9590643274853801,0.9364161849710982,0.896551724137931,-0.03986446083316719
D86,CART,R3,0.9252873563218391,0.9364161849710982,0.896551724137931,-0.03986446083316719
D860,TVAE,R1,0.7539267015706806,0.8206521739130435,0.8131868131868132,-0.007465360726230275
D860,TVAE,R2,0.7539267015706806,0.8206521739130435,0.8131868131868132,-0.007465360726230275
D860,TVAE,R3,0.6666666666666666,0.8206521739130435,0.8131868131868132,-0.007465360726230275
D860,CART,R1,0.9590643274853801,0.8206521739130435,0.8131868131868132,-0.007465360726230275
D860,CART,R2,0.9142857142857143,0.8206521739130435,0.8131868131868132,-0.007465360726230275
D860,CART,R3,0.9590643274853801,0.8206521739130435,0.8131868131868132,-0.007465360726230275
D861,TVAE,R1,0.9142857142857143,0.9476744186046512,0.896551724137931,-0.05112269446672013
D861,TVAE,R2,0.9252873563218391,0.9476744186046512,0.896551724137931,-0.05112269446672013
D861,TVAE,R3,0.7819148936170213,0.9476744186046512,0.896551724137931,-0.05112269446672013
D861,CART,R1,0.8926553672316384,0.9476744186046512,0.896551724137931,-0.05112269446672013
D861,CART,R2,0.8715083798882681,0.9476744186046512,0.896551724137931,-0.05112269446672013
D861,CART,R3,0.8820224719101124,0.9476744186046512,0.896551724137931,-0.05112269446672013
D862,TVAE,R1,0.9705882352941176,0.9705882352941176,0.9879518072289156,0.017363571934797983
D862,TVAE,R2,0.9940476190476191,0.9705882352941176,0.9879518072289156,0.017363571934797983
D862,TVAE,R3,0.9252873563218391,0.9705882352941176,0.9879518072289156,0.017363571934797983
D862,CART,R1,0.9822485207100592,0.9705882352941176,0.9879518072289156,0.017363571934797983
D862,CART,R2,0.9940476190476191,0.9705882352941176,0.9879518072289156,0.017363571934797983
D862,CART,R3,0.9822485207100592,0.9705882352941176,0.9879518072289156,0.017363571934797983
D863,TVAE,R1,0.700507614213198,0.9822485207100592,0.8539325842696629,-0.1283159364403963
D863,TVAE,R2,0.9705882352941176,0.9822485207100592,0.8539325842696629,-0.1283159364403963
D863,TVAE,R3,0.8611111111111112,0.9822485207100592,0.8539325842696629,-0.1283159364403963
D863,CART,R1,0.9476744186046512,0.9822485207100592,0.8539325842696629,-0.1283159364403963
D863,CART,R2,0.9142857142857143,0.9822485207100592,0.8539325842696629,-0.1283159364403963
D863,CART,R3,0.9590643274853801,0.9822485207100592,0.8539325842696629,-0.1283159364403963
D864,TVAE,R1,0.7357512953367875,0.8611111111111112,0.9879518072289156,0.12684069611780446
D864,TVAE,R2,0.7268041237113402,0.8611111111111112,0.9879518072289156,0.12684069611780446
D864,TVAE,R3,0.7819148936170213,0.8611111111111112,0.9879518072289156,0.12684069611780446
D864,CART,R1,0.8010752688172043,0.8611111111111112,0.9879518072289156,0.12684069611780446
D864,CART,R2,0.7819148936170213,0.8611111111111112,0.9879518072289156,0.12684069611780446
D864,CART,R3,0.8306010928961749,0.8611111111111112,0.9879518072289156,0.12684069611780446
D865,TVAE,R1,0.8820224719101124,0.9590643274853801,0.9186046511627907,-0.0404596763225894
D865,TVAE,R2,0.9034090909090909,0.9590643274853801,0.9186046511627907,-0.0404596763225894
D865,TVAE,R3,0.9142857142857143,0.9590643274853801,0.9186046511627907,-0.0404596763225894
D865,CART,R1,0.8715083798882681,0.9590643274853801,0.9186046511627907,-0.0404596763225894
D865,CART,R2,0.8715083798882681,0.9590643274853801,0.9186046511627907,-0.0404596763225894
D865,CART,R3,0.8715083798882681,0.9590643274853801,0.9186046511627907,-0.0404596763225894
D866,TVAE,R1,0.9705882352941176,0.9822485207100592,0.9186046511627907,-0.06364386954726853
D866,TVAE,R2,0.9476744186046512,0.9822485207100592,0.9186046511627907,-0.06364386954726853
D866,TVAE,R3,0.9476744186046512,0.9822485207100592,0.9186046511627907,-0.06364386954726853
D866,CART,R1,0.850828729281768,0.9822485207100592,0.9186046511627907,-0.06364386954726853
D866,CART,R2,0.8611111111111112,0.9822485207100592,0.9186046511627907,-0.06364386954726853
D866,CART,R3,0.8611111111111112,0.9822485207100592,0.9186046511627907,-0.06364386954726853
D867,TVAE,R1,0.9705882352941176,0.9034090909090909,0.9186046511627907,0.015195560253699725
D867,TVAE,R2,0.850828729281768,0.9034090909090909,0.9186046511627907,0.015195560253699725
D867,TVAE,R3,0.7091836734693877,0.9034090909090909,0.9186046511627907,0.015195560253699725
D867,CART,R1,0.8926553672316384,0.9034090909090909,0.9186046511627907,0.015195560253699725
D867,CART,R2,0.9252873563218391,0.9034090909090909,0.9186046511627907,0.015195560253699725
D867,CART,R3,0.8406593406593407,0.9034090909090909,0.9186046511627907,0.015195560253699725
D868,TVAE,R1,0.8820224719101124,0.9940476190476191,0.875,-0.11904761904761907
D868,TVAE,R2,0.8926553672316384,0.9940476190476191,0.875,-0.11904761904761907
D868,TVAE,R3,0.9142857142857143,0.9940476190476191,0.875,-0.11904761904761907
D868,CART,R1,0.9940476190476191,0.9940476190476191,0.875,-0.11904761904761907
D868,CART,R2,0.9940476190476191,0.9940476190476191,0.875,-0.11904761904761907
D868,CART,R3,0.9822485207100592,0.9940476190476191,0.875,-0.11904761904761907
D869,TVAE,R1,0.7914438502673797,0.9590643274853801,0.9186046511627907,-0.0404596763225894
D869,TVAE,R2,0.9590643274853801,0.9590643274853801,0.9186046511627907,-0.0404596763225894
D869,TVAE,R3,0.9822485207100592,0.9590643274853801,0.9186046511627907,-0.0404596763225894
D869,CART,R1,0.9590643274853801,0.9590643274853801,0.9186046511627907,-0.0404596763225894
D869,CART,R2,0.9590643274853801,0.9590643274853801,0.9186046511627907,-0.0404596763225894
D869,CART,R3,0.9590643274853801,0.9590643274853801,0.9186046511627907,-0.0404596763225894
D87,TVAE,R1,0.9705882352941176,0.9590643274853801,0.9186046511627907,-0.0404596763225894
D87,TVAE,R2,0.8611111111111112,0.9590643274853801,0.9186046511627907,-0.0404596763225894
D87,TVAE,R3,0.8611111111111112,0.9590643274853801,0.9186046511627907,-0.0404596763225894
D87,CART,R1,0.8010752688172043,0.9590643274853801,0.9186046511627907,-0.0404596763225894
D87,CART,R2,0.8611111111111112,0.9590643274853801,0.9186046511627907,-0.0404596763225894
D87,CART,R3,0.8611111111111112,0.9590643274853801,0.9186046511627907,-0.0404596763225894
D870,TVAE,R1,0.7091836734693877,0.9705882352941176,0.9642857142857143,-0.006302521008403339
D870,TVAE,R2,0.9252873563218391,0.9705882352941176,0.9642857142857143,-0.006302521008403339
D870,TVAE,R3,0.9822485207100592,0.9705882352941176,0.9642857142857143,-0.006302521008403339
D870,CART,R1,0.8306010928961749,0.9705882352941176,0.9642857142857143,-0.006302521008403339
D870,CART,R2,0.8306010928961749,0.9705882352941176,0.9642857142857143,-0.006302521008403339
D870,CART,R3,0.8406593406593407,0.9705882352941176,0.9642857142857143,-0.006302521008403339
D871,TVAE,R1,0.9034090909090909,0.9364161849710982,0.8131868131868132,-0.12322937178428506
D871,TVAE,R2,0.8108108108108109,0.9364161849710982,0.8131868131868132,-0.12322937178428506
D871,TVAE,R3,0.8611111111111112,0.9364161849710982,0.8131868131868132,-0.12322937178428506
D871,CART,R1,0.9476744186046512,0.9364161849710982,0.8131868131868132,-0.12322937178428506
D871,CART,R2,0.9364161849710982,0.9364161849710982,0.8131868131868132,-0.12322937178428506
D871,CART,R3,0.9590643274853801,0.9364161849710982,0.8131868131868132,-0.12322937178428506
D872,TVAE,R1,0.9590643274853801,0.9590643274853801,0.9879518072289156,0.02888747974353556
D872,TVAE,R2,0.9590643274853801,0.9590643274853801,0.9879518072289156,0.02888747974353556
D872,TVAE,R3,0.9476744186046512,0.9590643274853801,0.9879518072289156,0.02888747974353556
D872,CART,R1,0.9364161849710982,0.9590643274853801,0.9879518072289156,0.02888747974353556
D872,CART,R2,0.9142857142857143,0.9590643274853801,0.9879518072289156,0.02888747974353556
D872,CART,R3,0.9364161849710982,0.9590643274853801,0.9879518072289156,0.02888747974353556
D873,TVAE,R1,0.9940476190476191,0.9940476190476191,0.9879518072289156,-0.006095811818703445
D873,TVAE,R2,0.850828729281768,0.9940476190476191,0.9879518072289156,-0.006095811818703445
D873,TVAE,R3,0.7819148936170213,0.9940476190476191,0.9879518072289156,-0.006095811818703445
D873,CART,R1,0.9822485207100592,0.9940476190476191,0.9879518072289156,-0.006095811818703445
D873,CART,R2,0.9822485207100592,0.9940476190476191,0.9879518072289156,-0.006095811818703445
D873,CART,R3,0.9822485207100592,0.9940476190476191,0.9879518072289156,-0.006095811818703445
D874,TVAE,R1,0.9142857142857143,0.9940476190476191,0.9642857142857143,-0.029761904761904767
D874,TVAE,R2,0.8611111111111112,0.9940476190476191,0.9642857142857143,-0.029761904761904767
D874,TVAE,R3,0.9364161849710982,0.9940476190476191,0.9642857142857143,-0.029761904761904767
D874,CART,R1,0.9940476190476191,0.9940476190476191,0.9642857142857143,-0.029761904761904767
D874,CART,R2,0.9940476190476191,0.9940476190476191,0.9642857142857143,-0.029761904761904767
D874,CART,R3,0.9822485207100592,0.9940476190476191,0.9642857142857143,-0.029761904761904767
D875,TVAE,R1,0.8206521739130435,0.8108108108108109,0.7934782608695652,-0.017332549941245667
D875,TVAE,R2,0.6919191919191919,0.8108108108108109,0.7934782608695652,-0.017332549941245667
D875,TVAE,R3,0.7091836734693877,0.8108108108108109,0.7934782608695652,-0.017332549941245667
D875,CART,R1,0.9034090909090909,0.8108108108108109,0.7934782608695652,-0.017332549941245667
D875,CART,R2,0.9142857142857143,0.8108108108108109,0.7934782608695652,-0.017332549941245667
D875,CART,R3,0.8715083798882681,0.8108108108108109,0.7934782608695652,-0.017332549941245667
D876,TVAE,R1,0.9705882352941176,0.9822485207100592,0.896551724137931,-0.08569679657212814
D876,TVAE,R2,0.9590643274853801,0.9822485207100592,0.896551724137931,-0.08569679657212814
D876,TVAE,R3,0.8820224719101124,0.9822485207100592,0.896551724137931,-0.08569679657212814
D876,CART,R1,0.9822485207100592,0.9822485207100592,0.896551724137931,-0.08569679657212814
D876,CART,R2,0.9590643274853801,0.9822485207100592,0.896551724137931,-0.08569679657212814
D876,CART,R3,0.9476744186046512,0.9822485207100592,0.896551724137931,-0.08569679657212814
D877,TVAE,R1,0.9590643274853801,0.8926553672316384,0.7934782608695652,-0.09917710636207322
D877,TVAE,R2,0.8820224719101124,0.8926553672316384,0.7934782608695652,-0.09917710636207322
D877,TVAE,R3,0.8306010928961749,0.8926553672316384,0.7934782608695652,-0.09917710636207322
D877,CART,R1,0.7631578947368421,0.8926553672316384,0.7934782608695652,-0.09917710636207322
D877,CART,R2,0.7819148936170213,0.8926553672316384,0.7934782608695652,-0.09917710636207322
D877,CART,R3,0.7724867724867724,0.8926553672316384,0.7934782608695652,-0.09917710636207322
D878,TVAE,R1,0.9940476190476191,0.9822485207100592,0.9879518072289156,0.005703286518856432
D878,TVAE,R2,0.9940476190476191,0.9822485207100592,0.9879518072289156,0.005703286518856432
D878,TVAE,R3,0.8820224719101124,0.9822485207100592,0.9879518072289156,0.005703286518856432
D878,CART,R1,0.8108108108108109,0.9822485207100592,0.9879518072289156,0.005703286518856432
D878,CART,R2,0.850828729281768,0.9822485207100592,0.9879518072289156,0.005703286518856432
D878,CART,R3,0.8406593406593407,0.9822485207100592,0.9879518072289156,0.005703286518856432
D879,TVAE,R1,0.9590643274853801,0.9822485207100592,0.9642857142857143,-0.01796280642434489
D879,TVAE,R2,0.9822485207100592,0.9822485207100592,0.9642857142857143,-0.01796280642434489
D879,TVAE,R3,0.8010752688172043,0.9822485207100592,0.9642857142857143,-0.01796280642434489
D879,CART,R1,0.9940476190476191,0.9822485207100592,0.9642857142857143,-0.01796280642434489
D879,CART,R2,0.850828729281768,0.9822485207100592,0.9642857142857143,-0.01796280642434489
D879,CART,R3,0.9705882352941176,0.9822485207100592,0.9642857142857143,-0.01796280642434489
D88,TVAE,R1,0.8926553672316384,0.9364161849710982,0.9186046511627907,-0.017811533808307578
D88,TVAE,R2,0.8715083798882681,0.9364161849710982,0.9186046511627907,-0.017811533808307578
D88,TVAE,R3,0.9034090909090909,0.9364161849710982,0.9186046511627907,-0.017811533808307578
D88,CART,R1,0.9364161849710982,0.9364161849710982,0.9186046511627907,-0.017811533808307578
D88,CART,R2,0.9034090909090909,0.9364161849710982,0.9186046511627907,-0.017811533808307578
D88,CART,R3,0.8715083798882681,0.9364161849710982,0.9186046511627907,-0.017811533808307578
D880,TVAE,R1,0.8820224719101124,0.9364161849710982,0.9642857142857143,0.02786952931461606
D880,TVAE,R2,0.9822485207100592,0.9364161849710982,0.9642857142857143,0.02786952931461606
D880,TVAE,R3,0.9252873563218391,0.9364161849710982,0.9642857142857143,0.02786952931461606
D880,CART,R1,0.9940476190476191,0.9364161849710982,0.9642857142857143,0.02786952931461606
D880,CART,R2,0.9364161849710982,0.9364161849710982,0.9642857142857143,0.02786952931461606
D880,CART,R3,0.9252873563218391,0.9364161849710982,0.9642857142857143,0.02786952931461606
D881,TVAE,R1,0.9590643274853801,0.9940476190476191,0.9879518072289156,-0.006095811818703445
D881,TVAE,R2,0.8306010928961749,0.9940476190476191,0.9879518072289156,-0.006095811818703445
D881,TVAE,R3,0.8715083798882681,0.9940476190476191,0.9879518072289156,-0.006095811818703445
D881,CART,R1,0.9705882352941176,0.9940476190476191,0.9879518072289156,-0.006095811818703445
D881,CART,R2,0.9705882352941176,0.9940476190476191,0.9879518072289156,-0.006095811818703445
D881,CART,R3,0.9705882352941176,0.9940476190476191,0.9879518072289156,-0.006095811818703445
D882,TVAE,R1,0.8611111111111112,0.9364161849710982,0.9411764705882353,0.004760285617137039
D882,TVAE,R2,0.9034090909090909,0.9364161849710982,0.9411764705882353,0.004760285617137039
D882,TVAE,R3,0.8820224719101124,0.9364161849710982,0.9411764705882353,0.004760285617137039
D882,CART,R1,0.9364161849710982,0.9364161849710982,0.9411764705882353,0.004760285617137039
D882,CART,R2,0.9590643274853801,0.9364161849710982,0.9411764705882353,0.004760285617137039
D882,CART,R3,0.9252873563218391,0.9364161849710982,0.9411764705882353,0.004760285617137039
D883,TVAE,R1,0.8715083798882681,0.9034090909090909,0.9411764705882353,0.03776737967914434
D883,TVAE,R2,0.8715083798882681,0.9034090909090909,0.9411764705882353,0.03776737967914434
D883,TVAE,R3,0.9476744186046512,0.9034090909090909,0.9411764705882353,0.03776737967914434
D883,CART,R1,0.9476744186046512,0.9034090909090909,0.9411764705882353,0.03776737967914434
D883,CART,R2,0.9252873563218391,0.9034090909090909,0.9411764705882353,0.03776737967914434
D883,CART,R3,0.9364161849710982,0.9034090909090909,0.9411764705882353,0.03776737967914434
D884,TVAE,R1,0.9364161849710982,0.9940476190476191,0.8131868131868132,-0.18086080586080588
D884,TVAE,R2,0.7914438502673797,0.9940476190476191,0.8131868131868132,-0.18086080586080588
D884,TVAE,R3,0.9364161849710982,0.9940476190476191,0.8131868131868132,-0.18086080586080588
D884,CART,R1,0.8926553672316384,0.9940476190476191,0.8131868131868132,-0.18086080586080588
D884,CART,R2,0.9705882352941176,0.9940476190476191,0.8131868131868132,-0.18086080586080588
D884,CART,R3,0.8611111111111112,0.9940476190476191,0.8131868131868132,-0.18086080586080588
D885,TVAE,R1,0.8306010928961749,0.9476744186046512,0.896551724137931,-0.05112269446672013
D885,TVAE,R2,0.9590643274853801,0.9476744186046512,0.896551724137931,-0.05112269446672013
D885,TVAE,R3,0.9364161849710982,0.9476744186046512,0.896551724137931,-0.05112269446672013
D885,CART,R1,0.8926553672316384,0.9476744186046512,0.896551724137931,-0.05112269446672013
D885,CART,R2,0.8926553672316384,0.9476744186046512,0.896551724137931,-0.05112269446672013
D885,CART,R3,0.8926553672316384,0.9476744186046512,0.896551724137931,-0.05112269446672013
D886,TVAE,R1,0.8715083798882681,0.9705882352941176,0.9411764705882353,-0.02941176470588236
D886,TVAE,R2,0.9476744186046512,0.9705882352941176,0.9411764705882353,-0.02941176470588236
D886,TVAE,R3,0.9364161849710982,0.9705882352941176,0.9411764705882353,-0.02941176470588236
D886,CART,R1,0.8820224719101124,0.9705882352941176,0.9411764705882353,-0.02941176470588236
D886,CART,R2,0.8926553672316384,0.9705882352941176,0.9411764705882353,-0.02941176470588236
D886,CART,R3,0.8406593406593407,0.9705882352941176,0.9411764705882353,-0.02941176470588236
D887,TVAE,R1,0.9940476190476191,0.9476744186046512,0.8131868131868132,-0.134487605417838
D887,TVAE,R2,0.8611111111111112,0.9476744186046512,0.8131868131868132,-0.134487605417838
D887,TVAE,R3,0.9142857142857143,0.9476744186046512,0.8131868131868132,-0.134487605417838
D887,CART,R1,0.9705882352941176,0.9476744186046512,0.8131868131868132,-0.134487605417838
D887,CART,R2,0.9590643274853801,0.9476744186046512,0.8131868131868132,-0.134487605417838
D887,CART,R3,0.9476744186046512,0.9476744186046512,0.8131868131868132,-0.134487605417838
D888,TVAE,R1,0.8926553672316384,0.9364161849710982,0.875,-0.06141618497109824
D888,TVAE,R2,0.850828729281768,0.9364161849710982,0.875,-0.06141618497109824
D888,TVAE,R3,0.9252873563218391,0.9364161849710982,0.875,-0.06141618497109824
D888,CART,R1,0.9364161849710982,0.9364161849710982,0.875,-0.06141618497109824
D888,CART,R2,0.9822485207100592,0.9364161849710982,0.875,-0.06141618497109824
D888,CART,R3,0.8820224719101124,0.9364161849710982,0.875,-0.06141618497109824
D889,TVAE,R1,0.8926553672316384,0.9252873563218391,0.8539325842696629,-0.07135477205217622
D889,TVAE,R2,0.6666666666666666,0.9252873563218391,0.8539325842696629,-0.07135477205217622
D889,TVAE,R3,0.6421568627450981,0.9252873563218391,0.8539325842696629,-0.07135477205217622
D889,CART,R1,0.7819148936170213,0.9252873563218391,0.8539325842696629,-0.07135477205217622
D889,CART,R2,0.7819148936170213,0.9252873563218391,0.8539325842696629,-0.07135477205217622
D889,CART,R3,0.7819148936170213,0.9252873563218391,0.8539325842696629,-0.07135477205217622
D89,TVAE,R1,0.8715083798882681,0.9705882352941176,0.9411764705882353,-0.02941176470588236
D89,TVAE,R2,0.8010752688172043,0.9705882352941176,0.9411764705882353,-0.02941176470588236
D89,TVAE,R3,0.9034090909090909,0.9705882352941176,0.9411764705882353,-0.02941176470588236
D89,CART,R1,0.8820224719101124,0.9705882352941176,0.9411764705882353,-0.02941176470588236
D89,CART,R2,0.8715083798882681,0.9705882352941176,0.9411764705882353,-0.02941176470588236
D89,CART,R3,0.850828729281768,0.9705882352941176,0.9411764705882353,-0.02941176470588236
D890,TVAE,R1,0.9364161849710982,0.9940476190476191,0.9186046511627907,-0.0754429678848284
D890,TVAE,R2,0.9590643274853801,0.9940476190476191,0.9186046511627907,-0.0754429678848284
D890,TVAE,R3,0.9705882352941176,0.9940476190476191,0.9186046511627907,-0.0754429678848284
D890,CART,R1,0.8715083798882681,0.9940476190476191,0.9186046511627907,-0.0754429678848284
D890,CART,R2,0.8611111111111112,0.9940476190476191,0.9186046511627907,-0.0754429678848284
D890,CART,R3,0.8611111111111112,0.9940476190476191,0.9186046511627907,-0.0754429678848284
D891,TVAE,R1,0.8926553672316384,0.9705882352941176,0.875,-0.09558823529411764
D891,TVAE,R2,0.9476744186046512,0.9705882352941176,0.875,-0.09558823529411764
D891,TVAE,R3,0.700507614213198,0.9705882352941176,0.875,-0.09558823529411764
D891,CART,R1,0.8010752688172043,0.9705882352941176,0.875,-0.09558823529411764
D891,CART,R2,0.8108108108108109,0.9705882352941176,0.875,-0.09558823529411764
D891,CART,R3,0.8611111111111112,0.9705882352941176,0.875,-0.09558823529411764
D892,TVAE,R1,0.8611111111111112,0.8206521739130435,0.8131868131868132,-0.007465360726230275
D892,TVAE,R2,0.8010752688172043,0.8206521739130435,0.8131868131868132,-0.007465360726230275
D892,TVAE,R3,0.7091836734693877,0.8206521739130435,0.8131868131868132,-0.007465360726230275
D892,CART,R1,0.8926553672316384,0.8206521739130435,0.8131868131868132,-0.007465360726230275
D892,CART,R2,0.9476744186046512,0.8206521739130435,0.8131868131868132,-0.007465360726230275
D892,CART,R3,0.9705882352941176,0.8206521739130435,0.8131868131868132,-0.007465360726230275
D893,TVAE,R1,0.9705882352941176,0.9476744186046512,0.896551724137931,-0.05112269446672013
D893,TVAE,R2,0.9252873563218391,0.9476744186046512,0.896551724137931,-0.05112269446672013
D893,TVAE,R3,0.9822485207100592,0.9476744186046512,0.896551724137931,-0.05112269446672013
D893,CART,R1,0.8715083798882681,0.9476744186046512,0.896551724137931,-0.05112269446672013
D893,CART,R2,0.8715083798882681,0.9476744186046512,0.896551724137931,-0.05112269446672013
D893,CART,R3,0.8715083798882681,0.9476744186046512,0.896551724137931,-0.05112269446672013
D894,TVAE,R1,0.9940476190476191,0.9705882352941176,0.9879518072289156,0.017363571934797983
D894,TVAE,R2,0.9940476190476191,0.9705882352941176,0.9879518072289156,0.017363571934797983
D894,TVAE,R3,0.9142857142857143,0.9705882352941176,0.9879518072289156,0.017363571934797983
D894,CART,R1,0.9940476190476191,0.9705882352941176,0.9879518072289156,0.017363571934797983
D894,CART,R2,0.9822485207100592,0.9705882352941176,0.9879518072289156,0.017363571934797983
D894,CART,R3,0.9940476190476191,0.9705882352941176,0.9879518072289156,0.017363571934797983
D895,TVAE,R1,0.9822485207100592,0.9822485207100592,0.8539325842696629,-0.1283159364403963
D895,TVAE,R2,0.9034090909090909,0.9822485207100592,0.8539325842696629,-0.1283159364403963
D895,TVAE,R3,0.850828729281768,0.9822485207100592,0.8539325842696629,-0.1283159364403963
D895,CART,R1,0.9252873563218391,0.9822485207100592,0.8539325842696629,-0.1283159364403963
D895,CART,R2,0.9142857142857143,0.9822485207100592,0.8539325842696629,-0.1283159364403963
D895,CART,R3,0.9364161849710982,0.9822485207100592,0.8539325842696629,-0.1283159364403963
D896,TVAE,R1,0.9142857142857143,0.8611111111111112,0.9879518072289156,0.12684069611780446
D896,TVAE,R2,0.850828729281768,0.8611111111111112,0.9879518072289156,0.12684069611780446
D896,TVAE,R3,0.8306010928961749,0.8611111111111112,0.9879518072289156,0.12684069611780446
D896,CART,R1,0.7724867724867724,0.8611111111111112,0.9879518072289156,0.12684069611780446
D896,CART,R2,0.850828729281768,0.8611111111111112,0.9879518072289156,0.12684069611780446
D896,CART,R3,0.8010752688172043,0.8611111111111112,0.9879518072289156,0.12684069611780446
D897,TVAE,R1,0.8256130790190735,0.9881305637982196,0.9760479041916168,-0.012082659606602819
D897,TVAE,R2,0.850828729281768,0.9881305637982196,0.9760479041916168,-0.012082659606602819
D897,TVAE,R3,0.7866666666666666,0.9881305637982196,0.9760479041916168,-0.012082659606602819
D897,CART,R1,0.9940476190476191,0.9881305637982196,0.9760479041916168,-0.012082659606602819
D897,CART,R2,0.9940476190476191,0.9881305637982196,0.9760479041916168,-0.012082659606602819
D897,CART,R3,0.9822485207100592,0.9881305637982196,0.9760479041916168,-0.012082659606602819
D898,TVAE,R1,0.9533527696793003,0.9590643274853801,0.9298245614035088,-0.029239766081871288
D898,TVAE,R2,0.8306010928961749,0.9590643274853801,0.9298245614035088,-0.029239766081871288
D898,TVAE,R3,0.9364161849710982,0.9590643274853801,0.9298245614035088,-0.029239766081871288
D898,CART,R1,0.9420289855072463,0.9590643274853801,0.9298245614035088,-0.029239766081871288
D898,CART,R2,0.9648093841642229,0.9590643274853801,0.9298245614035088,-0.029239766081871288
D898,CART,R3,0.9420289855072463,0.9590643274853801,0.9298245614035088,-0.029239766081871288
D899,TVAE,R1,0.7866666666666666,0.976401179941003,0.9411764705882353,-0.03522470935276767
D899,TVAE,R2,0.9364161849710982,0.976401179941003,0.9411764705882353,-0.03522470935276767
D899,TVAE,R3,0.9088319088319088,0.976401179941003,0.9411764705882353,-0.03522470935276767
D899,CART,R1,0.9197707736389685,0.976401179941003,0.9411764705882353,-0.03522470935276767
D899,CART,R2,0.8980169971671388,0.976401179941003,0.9411764705882353,-0.03522470935276767
D899,CART,R3,0.930835734870317,0.976401179941003,0.9411764705882353,-0.03522470935276767
D9,TVAE,R1,0.9940476190476191,0.9590643274853801,0.9186046511627907,-0.0404596763225894
D9,TVAE,R2,0.7631578947368421,0.9590643274853801,0.9186046511627907,-0.0404596763225894
D9,TVAE,R3,0.7539267015706806,0.9590643274853801,0.9186046511627907,-0.0404596763225894
D9,CART,R1,0.9940476190476191,0.9590643274853801,0.9186046511627907,-0.0404596763225894
D9,CART,R2,0.9476744186046512,0.9590643274853801,0.9186046511627907,-0.0404596763225894
D9,CART,R3,0.9705882352941176,0.9590643274853801,0.9186046511627907,-0.0404596763225894
D90,TVAE,R1,0.9142857142857143,0.9476744186046512,0.875,-0.07267441860465118
D90,TVAE,R2,0.7914438502673797,0.9476744186046512,0.875,-0.07267441860465118
D90,TVAE,R3,0.9705882352941176,0.9476744186046512,0.875,-0.07267441860465118
D90,CART,R1,0.9142857142857143,0.9476744186046512,0.875,-0.07267441860465118
D90,CART,R2,0.9142857142857143,0.9476744186046512,0.875,-0.07267441860465118
D90,CART,R3,0.9142857142857143,0.9476744186046512,0.875,-0.07267441860465118
D900,TVAE,R1,0.9881305637982196,0.9364161849710982,0.9186046511627907,-0.017811533808307578
D900,TVAE,R2,0.9197707736389685,0.9364161849710982,0.9186046511627907,-0.017811533808307578
D900,TVAE,R3,0.9533527696793003,0.9364161849710982,0.9186046511627907,-0.017811533808307578
D900,CART,R1,0.9648093841642229,0.9364161849710982,0.9186046511627907,-0.017811533808307578
D900,CART,R2,0.9142857142857143,0.9364161849710982,0.9186046511627907,-0.017811533808307578
D900,CART,R3,0.9197707736389685,0.9364161849710982,0.9186046511627907,-0.017811533808307578
D901,TVAE,R1,0.9705882352941176,0.9940476190476191,0.9879518072289156,-0.006095811818703445
D901,TVAE,R2,0.976401179941003,0.9940476190476191,0.9879518072289156,-0.006095811818703445
D901,TVAE,R3,0.8980169971671388,0.9940476190476191,0.9879518072289156,-0.006095811818703445
D901,CART,R1,0.8980169971671388,0.9940476190476191,0.9879518072289156,-0.006095811818703445
D901,CART,R2,0.8926553672316384,0.9940476190476191,0.9879518072289156,-0.006095811818703445
D901,CART,R3,0.8980169971671388,0.9940476190476191,0.9879518072289156,-0.006095811818703445
D902,TVAE,R1,0.9034090909090909,0.9705882352941176,0.9186046511627907,-0.051983584131326976
D902,TVAE,R2,0.9476744186046512,0.9705882352941176,0.9186046511627907,-0.051983584131326976
D902,TVAE,R3,0.876750700280112,0.9705882352941176,0.9186046511627907,-0.051983584131326976
D902,CART,R1,0.8820224719101124,0.9705882352941176,0.9186046511627907,-0.051983584131326976
D902,CART,R2,0.8715083798882681,0.9705882352941176,0.9186046511627907,-0.051983584131326976
D902,CART,R3,0.9142857142857143,0.9705882352941176,0.9186046511627907,-0.051983584131326976
D903,TVAE,R1,0.9197707736389685,0.9940476190476191,1.0,0.005952380952380931
D903,TVAE,R2,0.8662952646239555,0.9940476190476191,1.0,0.005952380952380931
D903,TVAE,R3,0.8157181571815718,0.9940476190476191,1.0,0.005952380952380931
D903,CART,R1,0.930835734870317,0.9940476190476191,1.0,0.005952380952380931
D903,CART,R2,0.9648093841642229,0.9940476190476191,1.0,0.005952380952380931
D903,CART,R3,0.9648093841642229,0.9940476190476191,1.0,0.005952380952380931
D904,TVAE,R1,1.0,0.9252873563218391,0.9526627218934911,0.02737536557165199
D904,TVAE,R2,0.9142857142857143,0.9252873563218391,0.9526627218934911,0.02737536557165199
D904,TVAE,R3,0.9533527696793003,0.9252873563218391,0.9526627218934911,0.02737536557165199
D904,CART,R1,0.9822485207100592,0.9252873563218391,0.9526627218934911,0.02737536557165199
D904,CART,R2,0.9533527696793003,0.9252873563218391,0.9526627218934911,0.02737536557165199
D904,CART,R3,0.9252873563218391,0.9252873563218391,0.9526627218934911,0.02737536557165199
D905,TVAE,R1,0.9142857142857143,0.9881305637982196,0.9760479041916168,-0.012082659606602819
D905,TVAE,R2,0.8873239436619719,0.9881305637982196,0.9760479041916168,-0.012082659606602819
D905,TVAE,R3,0.9881305637982196,0.9881305637982196,0.9760479041916168,-0.012082659606602819
D905,CART,R1,0.9088319088319088,0.9881305637982196,0.9760479041916168,-0.012082659606602819
D905,CART,R2,0.9034090909090909,0.9881305637982196,0.9760479041916168,-0.012082659606602819
D905,CART,R3,0.930835734870317,0.9881305637982196,0.9760479041916168,-0.012082659606602819
D906,TVAE,R1,0.9142857142857143,0.976401179941003,0.9075144508670521,-0.06888672907395088
D906,TVAE,R2,0.7539267015706806,0.976401179941003,0.9075144508670521,-0.06888672907395088
D906,TVAE,R3,0.850828729281768,0.976401179941003,0.9075144508670521,-0.06888672907395088
D906,CART,R1,0.9252873563218391,0.976401179941003,0.9075144508670521,-0.06888672907395088
D906,CART,R2,0.9142857142857143,0.976401179941003,0.9075144508670521,-0.06888672907395088
D906,CART,R3,0.8980169971671388,0.976401179941003,0.9075144508670521,-0.06888672907395088
D907,TVAE,R1,0.8820224719101124,0.9252873563218391,0.864406779661017,-0.06088057666082214
D907,TVAE,R2,0.9705882352941176,0.9252873563218391,0.864406779661017,-0.06088057666082214
D907,TVAE,R3,0.9648093841642229,0.9252873563218391,0.864406779661017,-0.06088057666082214
D907,CART,R1,0.8820224719101124,0.9252873563218391,0.864406779661017,-0.06088057666082214
D907,CART,R2,0.9034090909090909,0.9252873563218391,0.864406779661017,-0.06088057666082214
D907,CART,R3,0.8559556786703602,0.9252873563218391,0.864406779661017,-0.06088057666082214
D908,TVAE,R1,0.976401179941003,0.9940476190476191,0.9526627218934911,-0.041384897154127964
D908,TVAE,R2,0.9420289855072463,0.9940476190476191,0.9526627218934911,-0.041384897154127964
D908,TVAE,R3,0.8715083798882681,0.9940476190476191,0.9526627218934911,-0.041384897154127964
D908,CART,R1,0.9533527696793003,0.9940476190476191,0.9526627218934911,-0.041384897154127964
D908,CART,R2,1.0,0.9940476190476191,0.9526627218934911,-0.041384897154127964
D908,CART,R3,0.9822485207100592,0.9940476190476191,0.9526627218934911,-0.041384897154127964
D909,TVAE,R1,0.7268041237113402,0.9822485207100592,0.9642857142857143,-0.01796280642434489
D909,TVAE,R2,0.8306010928961749,0.9822485207100592,0.9642857142857143,-0.01796280642434489
D909,TVAE,R3,0.7091836734693877,0.9822485207100592,0.9642857142857143,-0.01796280642434489
D909,CART,R1,0.9197707736389685,0.9822485207100592,0.9642857142857143,-0.01796280642434489
D909,CART,R2,0.9420289855072463,0.9822485207100592,0.9642857142857143,-0.01796280642434489
D909,CART,R3,0.8715083798882681,0.9822485207100592,0.9642857142857143,-0.01796280642434489
D91,TVAE,R1,0.8715083798882681,0.9590643274853801,0.896551724137931,-0.06251260334744901
D91,TVAE,R2,0.8406593406593407,0.9590643274853801,0.896551724137931,-0.06251260334744901
D91,TVAE,R3,0.9252873563218391,0.9590643274853801,0.896551724137931,-0.06251260334744901
D91,CART,R1,0.9705882352941176,0.9590643274853801,0.896551724137931,-0.06251260334744901
D91,CART,R2,0.9822485207100592,0.9590643274853801,0.896551724137931,-0.06251260334744901
D91,CART,R3,0.9476744186046512,0.9590643274853801,0.896551724137931,-0.06251260334744901
D910,TVAE,R1,0.6461916461916462,0.9940476190476191,1.0,0.005952380952380931
D910,TVAE,R2,0.7268041237113402,0.9940476190476191,1.0,0.005952380952380931
D910,TVAE,R3,0.6584158415841584,0.9940476190476191,1.0,0.005952380952380931
D910,CART,R1,0.9088319088319088,0.9940476190476191,1.0,0.005952380952380931
D910,CART,R2,0.9822485207100592,0.9940476190476191,1.0,0.005952380952380931
D910,CART,R3,0.930835734870317,0.9940476190476191,1.0,0.005952380952380931
D911,TVAE,R1,0.6876574307304786,0.9648093841642229,0.9642857142857143,-0.0005236698785086036
D911,TVAE,R2,0.7493472584856397,0.9648093841642229,0.9642857142857143,-0.0005236698785086036
D911,TVAE,R3,0.7724867724867724,0.9648093841642229,0.9642857142857143,-0.0005236698785086036
D911,CART,R1,0.9705882352941176,0.9648093841642229,0.9642857142857143,-0.0005236698785086036
D911,CART,R2,0.9822485207100592,0.9648093841642229,0.9642857142857143,-0.0005236698785086036
D911,CART,R3,0.9476744186046512,0.9648093841642229,0.9642857142857143,-0.0005236698785086036
D912,TVAE,R1,0.7048346055979644,0.9252873563218391,0.9526627218934911,0.02737536557165199
D912,TVAE,R2,0.6625310173697271,0.9252873563218391,0.9526627218934911,0.02737536557165199
D912,TVAE,R3,0.6584158415841584,0.9252873563218391,0.9526627218934911,0.02737536557165199
D912,CART,R1,0.9476744186046512,0.9252873563218391,0.9526627218934911,0.02737536557165199
D912,CART,R2,0.8980169971671388,0.9252873563218391,0.9526627218934911,0.02737536557165199
D912,CART,R3,0.9533527696793003,0.9252873563218391,0.9526627218934911,0.02737536557165199
D913,TVAE,R1,0.9533527696793003,0.9590643274853801,0.9186046511627907,-0.0404596763225894
D913,TVAE,R2,0.8256130790190735,0.9590643274853801,0.9186046511627907,-0.0404596763225894
D913,TVAE,R3,0.9252873563218391,0.9590643274853801,0.9186046511627907,-0.0404596763225894
D913,CART,R1,0.9940476190476191,0.9590643274853801,0.9186046511627907,-0.0404596763225894
D913,CART,R2,0.9881305637982196,0.9590643274853801,0.9186046511627907,-0.0404596763225894
D913,CART,R3,0.9881305637982196,0.9590643274853801,0.9186046511627907,-0.0404596763225894
D914,TVAE,R1,0.9420289855072463,1.0,0.9879518072289156,-0.012048192771084376
D914,TVAE,R2,0.9648093841642229,1.0,0.9879518072289156,-0.012048192771084376
D914,TVAE,R3,0.9088319088319088,1.0,0.9879518072289156,-0.012048192771084376
D914,CART,R1,0.9420289855072463,1.0,0.9879518072289156,-0.012048192771084376
D914,CART,R2,0.9197707736389685,1.0,0.9879518072289156,-0.012048192771084376
D914,CART,R3,0.9476744186046512,1.0,0.9879518072289156,-0.012048192771084376
D915,TVAE,R1,0.9252873563218391,1.0,0.9411764705882353,-0.05882352941176472
D915,TVAE,R2,0.8715083798882681,1.0,0.9411764705882353,-0.05882352941176472
D915,TVAE,R3,0.876750700280112,1.0,0.9411764705882353,-0.05882352941176472
D915,CART,R1,0.9533527696793003,1.0,0.9411764705882353,-0.05882352941176472
D915,CART,R2,0.9252873563218391,1.0,0.9411764705882353,-0.05882352941176472
D915,CART,R3,0.930835734870317,1.0,0.9411764705882353,-0.05882352941176472
D916,TVAE,R1,0.8662952646239555,0.9822485207100592,0.9186046511627907,-0.06364386954726853
D916,TVAE,R2,0.8926553672316384,0.9822485207100592,0.9186046511627907,-0.06364386954726853
D916,TVAE,R3,0.9533527696793003,0.9822485207100592,0.9186046511627907,-0.06364386954726853
D916,CART,R1,0.9476744186046512,0.9822485207100592,0.9186046511627907,-0.06364386954726853
D916,CART,R2,0.976401179941003,0.9822485207100592,0.9186046511627907,-0.06364386954726853
D916,CART,R3,0.9940476190476191,0.9822485207100592,0.9186046511627907,-0.06364386954726853
D917,TVAE,R1,0.9590643274853801,0.9940476190476191,0.9879518072289156,-0.006095811818703445
D917,TVAE,R2,0.9940476190476191,0.9940476190476191,0.9879518072289156,-0.006095811818703445
D917,TVAE,R3,0.9252873563218391,0.9940476190476191,0.9879518072289156,-0.006095811818703445
D917,CART,R1,0.9252873563218391,0.9940476190476191,0.9879518072289156,-0.006095811818703445
D917,CART,R2,0.9252873563218391,0.9940476190476191,0.9879518072289156,-0.006095811818703445
D917,CART,R3,0.9197707736389685,0.9940476190476191,0.9879518072289156,-0.006095811818703445
D918,TVAE,R1,0.8873239436619719,0.9940476190476191,0.9760479041916168,-0.01799971485600227
D918,TVAE,R2,0.8662952646239555,0.9940476190476191,0.9760479041916168,-0.01799971485600227
D918,TVAE,R3,0.7724867724867724,0.9940476190476191,0.9760479041916168,-0.01799971485600227
D918,CART,R1,0.9590643274853801,0.9940476190476191,0.9760479041916168,-0.01799971485600227
D918,CART,R2,0.930835734870317,0.9940476190476191,0.9760479041916168,-0.01799971485600227
D918,CART,R3,0.930835734870317,0.9940476190476191,0.9760479041916168,-0.01799971485600227
D919,TVAE,R1,0.7493472584856397,0.9142857142857143,0.9411764705882353,0.026890756302521024
D919,TVAE,R2,0.6301703163017032,0.9142857142857143,0.9411764705882353,0.026890756302521024
D919,TVAE,R3,0.7357512953367875,0.9142857142857143,0.9411764705882353,0.026890756302521024
D919,CART,R1,0.9648093841642229,0.9142857142857143,0.9411764705882353,0.026890756302521024
D919,CART,R2,0.9940476190476191,0.9142857142857143,0.9411764705882353,0.026890756302521024
D919,CART,R3,0.9476744186046512,0.9142857142857143,0.9411764705882353,0.026890756302521024
D92,TVAE,R1,0.9364161849710982,0.8715083798882681,0.8131868131868132,-0.05832156670145494
D92,TVAE,R2,0.8715083798882681,0.8715083798882681,0.8131868131868132,-0.05832156670145494
D92,TVAE,R3,0.9476744186046512,0.8715083798882681,0.8131868131868132,-0.05832156670145494
D92,CART,R1,0.9034090909090909,0.8715083798882681,0.8131868131868132,-0.05832156670145494
D92,CART,R2,0.9034090909090909,0.8715083798882681,0.8131868131868132,-0.05832156670145494
D92,CART,R3,0.9034090909090909,0.8715083798882681,0.8131868131868132,-0.05832156670145494
D920,TVAE,R1,0.876750700280112,0.9590643274853801,0.9298245614035088,-0.029239766081871288
D920,TVAE,R2,0.8662952646239555,0.9590643274853801,0.9298245614035088,-0.029239766081871288
D920,TVAE,R3,0.9648093841642229,0.9590643274853801,0.9298245614035088,-0.029239766081871288
D920,CART,R1,0.876750700280112,0.9590643274853801,0.9298245614035088,-0.029239766081871288
D920,CART,R2,0.8306010928961749,0.9590643274853801,0.9298245614035088,-0.029239766081871288
D920,CART,R3,0.8873239436619719,0.9590643274853801,0.9298245614035088,-0.029239766081871288
D921,TVAE,R1,0.850828729281768,0.9881305637982196,0.9760479041916168,-0.012082659606602819
D921,TVAE,R2,0.8059299191374663,0.9881305637982196,0.9760479041916168,-0.012082659606602819
D921,TVAE,R3,0.9590643274853801,0.9881305637982196,0.9760479041916168,-0.012082659606602819
D921,CART,R1,0.8306010928961749,0.9881305637982196,0.9760479041916168,-0.012082659606602819
D921,CART,R2,0.8206521739130435,0.9881305637982196,0.9760479041916168,-0.012082659606602819
D921,CART,R3,0.8356164383561644,0.9881305637982196,0.9760479041916168,-0.012082659606602819
D922,TVAE,R1,0.9533527696793003,0.9881305637982196,0.9760479041916168,-0.012082659606602819
D922,TVAE,R2,0.9822485207100592,0.9881305637982196,0.9760479041916168,-0.012082659606602819
D922,TVAE,R3,0.9476744186046512,0.9881305637982196,0.9760479041916168,-0.012082659606602819
D922,CART,R1,0.9420289855072463,0.9881305637982196,0.9760479041916168,-0.012082659606602819
D922,CART,R2,0.9197707736389685,0.9881305637982196,0.9760479041916168,-0.012082659606602819
D922,CART,R3,0.9142857142857143,0.9881305637982196,0.9760479041916168,-0.012082659606602819
D923,TVAE,R1,0.9197707736389685,0.9940476190476191,0.9879518072289156,-0.006095811818703445
D923,TVAE,R2,0.9590643274853801,0.9940476190476191,0.9879518072289156,-0.006095811818703445
D923,TVAE,R3,0.8926553672316384,0.9940476190476191,0.9879518072289156,-0.006095811818703445
D923,CART,R1,0.9034090909090909,0.9940476190476191,0.9879518072289156,-0.006095811818703445
D923,CART,R2,0.9088319088319088,0.9940476190476191,0.9879518072289156,-0.006095811818703445
D923,CART,R3,0.9881305637982196,0.9940476190476191,0.9879518072289156,-0.006095811818703445
D924,TVAE,R1,0.8256130790190735,0.9648093841642229,0.9186046511627907,-0.04620473300143224
D924,TVAE,R2,0.976401179941003,0.9648093841642229,0.9186046511627907,-0.04620473300143224
D924,TVAE,R3,0.8926553672316384,0.9648093841642229,0.9186046511627907,-0.04620473300143224
D924,CART,R1,0.9197707736389685,0.9648093841642229,0.9186046511627907,-0.04620473300143224
D924,CART,R2,0.930835734870317,0.9648093841642229,0.9186046511627907,-0.04620473300143224
D924,CART,R3,0.9590643274853801,0.9648093841642229,0.9186046511627907,-0.04620473300143224
D925,TVAE,R1,0.7819148936170213,0.9881305637982196,0.9760479041916168,-0.012082659606602819
D925,TVAE,R2,0.9881305637982196,0.9881305637982196,0.9760479041916168,-0.012082659606602819
D925,TVAE,R3,0.8157181571815718,0.9881305637982196,0.9760479041916168,-0.012082659606602819
D925,CART,R1,0.9142857142857143,0.9881305637982196,0.9760479041916168,-0.012082659606602819
D925,CART,R2,0.9088319088319088,0.9881305637982196,0.9760479041916168,-0.012082659606602819
D925,CART,R3,0.8715083798882681,0.9881305637982196,0.9760479041916168,-0.012082659606602819
D926,TVAE,R1,0.7819148936170213,0.9940476190476191,0.9760479041916168,-0.01799971485600227
D926,TVAE,R2,0.7268041237113402,0.9940476190476191,0.9760479041916168,-0.01799971485600227
D926,TVAE,R3,0.7402597402597403,0.9940476190476191,0.9760479041916168,-0.01799971485600227
D926,CART,R1,0.9822485207100592,0.9940476190476191,0.9760479041916168,-0.01799971485600227
D926,CART,R2,0.930835734870317,0.9940476190476191,0.9760479041916168,-0.01799971485600227
D926,CART,R3,0.9533527696793003,0.9940476190476191,0.9760479041916168,-0.01799971485600227
D927,TVAE,R1,0.7312661498708011,0.976401179941003,0.9526627218934911,-0.023738458047511846
D927,TVAE,R2,0.7771883289124668,0.976401179941003,0.9526627218934911,-0.023738458047511846
D927,TVAE,R3,0.7819148936170213,0.976401179941003,0.9526627218934911,-0.023738458047511846
D927,CART,R1,0.9590643274853801,0.976401179941003,0.9526627218934911,-0.023738458047511846
D927,CART,R2,0.9420289855072463,0.976401179941003,0.9526627218934911,-0.023738458047511846
D927,CART,R3,0.9822485207100592,0.976401179941003,0.9526627218934911,-0.023738458047511846
D928,TVAE,R1,0.6461916461916462,0.976401179941003,0.9760479041916168,-0.00035327574938615047
D928,TVAE,R2,0.6962025316455697,0.976401179941003,0.9760479041916168,-0.00035327574938615047
D928,TVAE,R3,0.6625310173697271,0.976401179941003,0.9760479041916168,-0.00035327574938615047
D928,CART,R1,0.9705882352941176,0.976401179941003,0.9760479041916168,-0.00035327574938615047
D928,CART,R2,1.0,0.976401179941003,0.9760479041916168,-0.00035327574938615047
D928,CART,R3,0.9940476190476191,0.976401179941003,0.9760479041916168,-0.00035327574938615047
D929,TVAE,R1,0.930835734870317,0.9881305637982196,0.9760479041916168,-0.012082659606602819
D929,TVAE,R2,0.9476744186046512,0.9881305637982196,0.9760479041916168,-0.012082659606602819
D929,TVAE,R3,0.9252873563218391,0.9881305637982196,0.9760479041916168,-0.012082659606602819
D929,CART,R1,0.9822485207100592,0.9881305637982196,0.9760479041916168,-0.012082659606602819
D929,CART,R2,0.9881305637982196,0.9881305637982196,0.9760479041916168,-0.012082659606602819
D929,CART,R3,0.9881305637982196,0.9881305637982196,0.9760479041916168,-0.012082659606602819
D93,TVAE,R1,0.9822485207100592,0.9364161849710982,0.875,-0.06141618497109824
D93,TVAE,R2,0.8306010928961749,0.9364161849710982,0.875,-0.06141618497109824
D93,TVAE,R3,0.9034090909090909,0.9364161849710982,0.875,-0.06141618497109824
D93,CART,R1,0.8715083798882681,0.9364161849710982,0.875,-0.06141618497109824
D93,CART,R2,0.9142857142857143,0.9364161849710982,0.875,-0.06141618497109824
D93,CART,R3,0.9252873563218391,0.9364161849710982,0.875,-0.06141618497109824
D930,TVAE,R1,0.8662952646239555,0.9590643274853801,0.9298245614035088,-0.029239766081871288
D930,TVAE,R2,0.9590643274853801,0.9590643274853801,0.9298245614035088,-0.029239766081871288
D930,TVAE,R3,0.9881305637982196,0.9590643274853801,0.9298245614035088,-0.029239766081871288
D930,CART,R1,0.9476744186046512,0.9590643274853801,0.9298245614035088,-0.029239766081871288
D930,CART,R2,0.9533527696793003,0.9590643274853801,0.9298245614035088,-0.029239766081871288
D930,CART,R3,0.9533527696793003,0.9590643274853801,0.9298245614035088,-0.029239766081871288
D931,TVAE,R1,0.9881305637982196,0.976401179941003,0.9411764705882353,-0.03522470935276767
D931,TVAE,R2,0.8820224719101124,0.976401179941003,0.9411764705882353,-0.03522470935276767
D931,TVAE,R3,0.9088319088319088,0.976401179941003,0.9411764705882353,-0.03522470935276767
D931,CART,R1,0.9420289855072463,0.976401179941003,0.9411764705882353,-0.03522470935276767
D931,CART,R2,0.8926553672316384,0.976401179941003,0.9411764705882353,-0.03522470935276767
D931,CART,R3,0.876750700280112,0.976401179941003,0.9411764705882353,-0.03522470935276767
D932,TVAE,R1,0.976401179941003,0.9364161849710982,0.9186046511627907,-0.017811533808307578
D932,TVAE,R2,0.8306010928961749,0.9364161849710982,0.9186046511627907,-0.017811533808307578
D932,TVAE,R3,0.9088319088319088,0.9364161849710982,0.9186046511627907,-0.017811533808307578
D932,CART,R1,0.9533527696793003,0.9364161849710982,0.9186046511627907,-0.017811533808307578
D932,CART,R2,0.9197707736389685,0.9364161849710982,0.9186046511627907,-0.017811533808307578
D932,CART,R3,0.9364161849710982,0.9364161849710982,0.9186046511627907,-0.017811533808307578
D933,TVAE,R1,0.9364161849710982,0.9940476190476191,0.9879518072289156,-0.006095811818703445
D933,TVAE,R2,0.9648093841642229,0.9940476190476191,0.9879518072289156,-0.006095811818703445
D933,TVAE,R3,0.9705882352941176,0.9940476190476191,0.9879518072289156,-0.006095811818703445
D933,CART,R1,0.8820224719101124,0.9940476190476191,0.9879518072289156,-0.006095811818703445
D933,CART,R2,0.8820224719101124,0.9940476190476191,0.9879518072289156,-0.006095811818703445
D933,CART,R3,0.8873239436619719,0.9940476190476191,0.9879518072289156,-0.006095811818703445
D934,TVAE,R1,0.8611111111111112,0.9705882352941176,0.9186046511627907,-0.051983584131326976
D934,TVAE,R2,0.976401179941003,0.9705882352941176,0.9186046511627907,-0.051983584131326976
D934,TVAE,R3,0.8059299191374663,0.9705882352941176,0.9186046511627907,-0.051983584131326976
D934,CART,R1,0.8873239436619719,0.9705882352941176,0.9186046511627907,-0.051983584131326976
D934,CART,R2,0.8820224719101124,0.9705882352941176,0.9186046511627907,-0.051983584131326976
D934,CART,R3,0.8820224719101124,0.9705882352941176,0.9186046511627907,-0.051983584131326976
D935,TVAE,R1,0.8256130790190735,0.9940476190476191,1.0,0.005952380952380931
D935,TVAE,R2,0.976401179941003,0.9940476190476191,1.0,0.005952380952380931
D935,TVAE,R3,0.9476744186046512,0.9940476190476191,1.0,0.005952380952380931
D935,CART,R1,0.9705882352941176,0.9940476190476191,1.0,0.005952380952380931
D935,CART,R2,0.9881305637982196,0.9940476190476191,1.0,0.005952380952380931
D935,CART,R3,0.9940476190476191,0.9940476190476191,1.0,0.005952380952380931
D936,TVAE,R1,0.9940476190476191,0.9252873563218391,0.9526627218934911,0.02737536557165199
D936,TVAE,R2,0.9142857142857143,0.9252873563218391,0.9526627218934911,0.02737536557165199
D936,TVAE,R3,0.9940476190476191,0.9252873563218391,0.9526627218934911,0.02737536557165199
D936,CART,R1,0.9940476190476191,0.9252873563218391,0.9526627218934911,0.02737536557165199
D936,CART,R2,0.9940476190476191,0.9252873563218391,0.9526627218934911,0.02737536557165199
D936,CART,R3,0.9705882352941176,0.9252873563218391,0.9526627218934911,0.02737536557165199
D937,TVAE,R1,0.8873239436619719,0.9881305637982196,0.9760479041916168,-0.012082659606602819
D937,TVAE,R2,0.9476744186046512,0.9881305637982196,0.9760479041916168,-0.012082659606602819
D937,TVAE,R3,0.8611111111111112,0.9881305637982196,0.9760479041916168,-0.012082659606602819
D937,CART,R1,0.9088319088319088,0.9881305637982196,0.9760479041916168,-0.012082659606602819
D937,CART,R2,0.9142857142857143,0.9881305637982196,0.9760479041916168,-0.012082659606602819
D937,CART,R3,0.9590643274853801,0.9881305637982196,0.9760479041916168,-0.012082659606602819
D938,TVAE,R1,0.876750700280112,0.976401179941003,0.9075144508670521,-0.06888672907395088
D938,TVAE,R2,0.8157181571815718,0.976401179941003,0.9075144508670521,-0.06888672907395088
D938,TVAE,R3,0.9197707736389685,0.976401179941003,0.9075144508670521,-0.06888672907395088
D938,CART,R1,0.9088319088319088,0.976401179941003,0.9075144508670521,-0.06888672907395088
D938,CART,R2,0.9034090909090909,0.976401179941003,0.9075144508670521,-0.06888672907395088
D938,CART,R3,0.9034090909090909,0.976401179941003,0.9075144508670521,-0.06888672907395088
D939,TVAE,R1,0.8356164383561644,0.9252873563218391,0.864406779661017,-0.06088057666082214
D939,TVAE,R2,0.9533527696793003,0.9252873563218391,0.864406779661017,-0.06088057666082214
D939,TVAE,R3,0.8662952646239555,0.9252873563218391,0.864406779661017,-0.06088057666082214
D939,CART,R1,0.876750700280112,0.9252873563218391,0.864406779661017,-0.06088057666082214
D939,CART,R2,0.8611111111111112,0.9252873563218391,0.864406779661017,-0.06088057666082214
D939,CART,R3,0.876750700280112,0.9252873563218391,0.864406779661017,-0.06088057666082214
D94,TVAE,R1,0.7819148936170213,0.9590643274853801,0.896551724137931,-0.06251260334744901
D94,TVAE,R2,0.9364161849710982,0.9590643274853801,0.896551724137931,-0.06251260334744901
D94,TVAE,R3,0.9364161849710982,0.9590643274853801,0.896551724137931,-0.06251260334744901
D94,CART,R1,0.9940476190476191,0.9590643274853801,0.896551724137931,-0.06251260334744901
D94,CART,R2,0.9142857142857143,0.9590643274853801,0.896551724137931,-0.06251260334744901
D94,CART,R3,0.9822485207100592,0.9590643274853801,0.896551724137931,-0.06251260334744901
D940,TVAE,R1,0.976401179941003,0.9940476190476191,0.9526627218934911,-0.041384897154127964
D940,TVAE,R2,0.8559556786703602,0.9940476190476191,0.9526627218934911,-0.041384897154127964
D940,TVAE,R3,0.9364161849710982,0.9940476190476191,0.9526627218934911,-0.041384897154127964
D940,CART,R1,0.9648093841642229,0.9940476190476191,0.9526627218934911,-0.041384897154127964
D940,CART,R2,0.9881305637982196,0.9940476190476191,0.9526627218934911,-0.041384897154127964
D940,CART,R3,0.9881305637982196,0.9940476190476191,0.9526627218934911,-0.041384897154127964
D941,TVAE,R1,0.8059299191374663,0.9822485207100592,0.9642857142857143,-0.01796280642434489
D941,TVAE,R2,0.7312661498708011,0.9822485207100592,0.9642857142857143,-0.01796280642434489
D941,TVAE,R3,0.7357512953367875,0.9822485207100592,0.9642857142857143,-0.01796280642434489
D941,CART,R1,0.8611111111111112,0.9822485207100592,0.9642857142857143,-0.01796280642434489
D941,CART,R2,0.8926553672316384,0.9822485207100592,0.9642857142857143,-0.01796280642434489
D941,CART,R3,0.8715083798882681,0.9822485207100592,0.9642857142857143,-0.01796280642434489
D942,TVAE,R1,0.7819148936170213,0.9940476190476191,1.0,0.005952380952380931
D942,TVAE,R2,0.7135549872122762,0.9940476190476191,1.0,0.005952380952380931
D942,TVAE,R3,0.8306010928961749,0.9940476190476191,1.0,0.005952380952380931
D942,CART,R1,0.9881305637982196,0.9940476190476191,1.0,0.005952380952380931
D942,CART,R2,0.9648093841642229,0.9940476190476191,1.0,0.005952380952380931
D942,CART,R3,0.9476744186046512,0.9940476190476191,1.0,0.005952380952380931
D943,TVAE,R1,0.7312661498708011,0.9648093841642229,0.9642857142857143,-0.0005236698785086036
D943,TVAE,R2,0.6067146282973621,0.9648093841642229,0.9642857142857143,-0.0005236698785086036
D943,TVAE,R3,0.7312661498708011,0.9648093841642229,0.9642857142857143,-0.0005236698785086036
D943,CART,R1,0.9822485207100592,0.9648093841642229,0.9642857142857143,-0.0005236698785086036
D943,CART,R2,0.9364161849710982,0.9648093841642229,0.9642857142857143,-0.0005236698785086036
D943,CART,R3,0.9034090909090909,0.9648093841642229,0.9642857142857143,-0.0005236698785086036
D944,TVAE,R1,0.8157181571815718,0.9252873563218391,0.9526627218934911,0.02737536557165199
D944,TVAE,R2,0.6791979949874687,0.9252873563218391,0.9526627218934911,0.02737536557165199
D944,TVAE,R3,0.6502463054187192,0.9252873563218391,0.9526627218934911,0.02737536557165199
D944,CART,R1,0.9590643274853801,0.9252873563218391,0.9526627218934911,0.02737536557165199
D944,CART,R2,0.9822485207100592,0.9252873563218391,0.9526627218934911,0.02737536557165199
D944,CART,R3,0.9705882352941176,0.9252873563218391,0.9526627218934911,0.02737536557165199
D945,TVAE,R1,0.9034090909090909,0.9590643274853801,0.9186046511627907,-0.0404596763225894
D945,TVAE,R2,0.9940476190476191,0.9590643274853801,0.9186046511627907,-0.0404596763225894
D945,TVAE,R3,0.9252873563218391,0.9590643274853801,0.9186046511627907,-0.0404596763225894
D945,CART,R1,0.9822485207100592,0.9590643274853801,0.9186046511627907,-0.0404596763225894
D945,CART,R2,0.9822485207100592,0.9590643274853801,0.9186046511627907,-0.0404596763225894
D945,CART,R3,0.9822485207100592,0.9590643274853801,0.9186046511627907,-0.0404596763225894
D946,TVAE,R1,0.9590643274853801,1.0,0.9879518072289156,-0.012048192771084376
D946,TVAE,R2,0.976401179941003,1.0,0.9879518072289156,-0.012048192771084376
D946,TVAE,R3,0.9590643274853801,1.0,0.9879518072289156,-0.012048192771084376
D946,CART,R1,0.930835734870317,1.0,0.9879518072289156,-0.012048192771084376
D946,CART,R2,0.9252873563218391,1.0,0.9879518072289156,-0.012048192771084376
D946,CART,R3,0.9364161849710982,1.0,0.9879518072289156,-0.012048192771084376
D947,TVAE,R1,0.9533527696793003,1.0,0.9411764705882353,-0.05882352941176472
D947,TVAE,R2,0.9648093841642229,1.0,0.9411764705882353,-0.05882352941176472
D947,TVAE,R3,0.9088319088319088,1.0,0.9411764705882353,-0.05882352941176472
D947,CART,R1,0.9197707736389685,1.0,0.9411764705882353,-0.05882352941176472
D947,CART,R2,0.9533527696793003,1.0,0.9411764705882353,-0.05882352941176472
D947,CART,R3,0.9252873563218391,1.0,0.9411764705882353,-0.05882352941176472
D948,TVAE,R1,0.9881305637982196,0.9822485207100592,0.9186046511627907,-0.06364386954726853
D948,TVAE,R2,0.9034090909090909,0.9822485207100592,0.9186046511627907,-0.06364386954726853
D948,TVAE,R3,0.9822485207100592,0.9822485207100592,0.9186046511627907,-0.06364386954726853
D948,CART,R1,1.0,0.9822485207100592,0.9186046511627907,-0.06364386954726853
D948,CART,R2,0.9822485207100592,0.9822485207100592,0.9186046511627907,-0.06364386954726853
D948,CART,R3,0.9590643274853801,0.9822485207100592,0.9186046511627907,-0.06364386954726853
D949,TVAE,R1,0.930835734870317,0.9940476190476191,0.9879518072289156,-0.006095811818703445
D949,TVAE,R2,0.9881305637982196,0.9940476190476191,0.9879518072289156,-0.006095811818703445
D949,TVAE,R3,0.8206521739130435,0.9940476190476191,0.9879518072289156,-0.006095811818703445
D949,CART,R1,0.9533527696793003,0.9940476190476191,0.9879518072289156,-0.006095811818703445
D949,CART,R2,0.9364161849710982,0.9940476190476191,0.9879518072289156,-0.006095811818703445
D949,CART,R3,0.930835734870317,0.9940476190476191,0.9879518072289156,-0.006095811818703445
D95,TVAE,R1,0.9822485207100592,0.9705882352941176,0.9879518072289156,0.017363571934797983
D95,TVAE,R2,0.8926553672316384,0.9705882352941176,0.9879518072289156,0.017363571934797983
D95,TVAE,R3,0.9476744186046512,0.9705882352941176,0.9879518072289156,0.017363571934797983
D95,CART,R1,0.8206521739130435,0.9705882352941176,0.9879518072289156,0.017363571934797983
D95,CART,R2,0.8306010928961749,0.9705882352941176,0.9879518072289156,0.017363571934797983
D95,CART,R3,0.8611111111111112,0.9705882352941176,0.9879518072289156,0.017363571934797983
D950,TVAE,R1,1.0,0.9940476190476191,0.9760479041916168,-0.01799971485600227
D950,TVAE,R2,0.8926553672316384,0.9940476190476191,0.9760479041916168,-0.01799971485600227
D950,TVAE,R3,0.9648093841642229,0.9940476190476191,0.9760479041916168,-0.01799971485600227
D950,CART,R1,0.9420289855072463,0.9940476190476191,0.9760479041916168,-0.01799971485600227
D950,CART,R2,0.9476744186046512,0.9940476190476191,0.9760479041916168,-0.01799971485600227
D950,CART,R3,0.9476744186046512,0.9940476190476191,0.9760479041916168,-0.01799971485600227
D951,TVAE,R1,0.7724867724867724,0.9142857142857143,0.9411764705882353,0.026890756302521024
D951,TVAE,R2,0.6834170854271356,0.9142857142857143,0.9411764705882353,0.026890756302521024
D951,TVAE,R3,0.7447916666666666,0.9142857142857143,0.9411764705882353,0.026890756302521024
D951,CART,R1,1.0,0.9142857142857143,0.9411764705882353,0.026890756302521024
D951,CART,R2,0.9648093841642229,0.9142857142857143,0.9411764705882353,0.026890756302521024
D951,CART,R3,0.9881305637982196,0.9142857142857143,0.9411764705882353,0.026890756302521024
D952,TVAE,R1,0.8306010928961749,0.9590643274853801,0.9298245614035088,-0.029239766081871288
D952,TVAE,R2,0.8926553672316384,0.9590643274853801,0.9298245614035088,-0.029239766081871288
D952,TVAE,R3,0.8206521739130435,0.9590643274853801,0.9298245614035088,-0.029239766081871288
D952,CART,R1,0.8559556786703602,0.9590643274853801,0.9298245614035088,-0.029239766081871288
D952,CART,R2,0.876750700280112,0.9590643274853801,0.9298245614035088,-0.029239766081871288
D952,CART,R3,0.8820224719101124,0.9590643274853801,0.9298245614035088,-0.029239766081871288
D953,TVAE,R1,0.9034090909090909,0.9881305637982196,0.9760479041916168,-0.012082659606602819
D953,TVAE,R2,0.8873239436619719,0.9881305637982196,0.9760479041916168,-0.012082659606602819
D953,TVAE,R3,1.0,0.9881305637982196,0.9760479041916168,-0.012082659606602819
D953,CART,R1,0.8256130790190735,0.9881305637982196,0.9760479041916168,-0.012082659606602819
D953,CART,R2,0.8206521739130435,0.9881305637982196,0.9760479041916168,-0.012082659606602819
D953,CART,R3,0.8157181571815718,0.9881305637982196,0.9760479041916168,-0.012082659606602819
D954,TVAE,R1,0.8820224719101124,0.9881305637982196,0.9760479041916168,-0.012082659606602819
D954,TVAE,R2,0.9197707736389685,0.9881305637982196,0.9760479041916168,-0.012082659606602819
D954,TVAE,R3,0.9088319088319088,0.9881305637982196,0.9760479041916168,-0.012082659606602819
D954,CART,R1,0.930835734870317,0.9881305637982196,0.9760479041916168,-0.012082659606602819
D954,CART,R2,0.9142857142857143,0.9881305637982196,0.9760479041916168,-0.012082659606602819
D954,CART,R3,0.9364161849710982,0.9881305637982196,0.9760479041916168,-0.012082659606602819
D955,TVAE,R1,0.9648093841642229,0.9940476190476191,0.9879518072289156,-0.006095811818703445
D955,TVAE,R2,0.9252873563218391,0.9940476190476191,0.9879518072289156,-0.006095811818703445
D955,TVAE,R3,0.9476744186046512,0.9940476190476191,0.9879518072289156,-0.006095811818703445
D955,CART,R1,0.9364161849710982,0.9940476190476191,0.9879518072289156,-0.006095811818703445
D955,CART,R2,0.9420289855072463,0.9940476190476191,0.9879518072289156,-0.006095811818703445
D955,CART,R3,0.9881305637982196,0.9940476190476191,0.9879518072289156,-0.006095811818703445
D956,TVAE,R1,0.9476744186046512,0.9648093841642229,0.9186046511627907,-0.04620473300143224
D956,TVAE,R2,0.850828729281768,0.9648093841642229,0.9186046511627907,-0.04620473300143224
D956,TVAE,R3,0.9648093841642229,0.9648093841642229,0.9186046511627907,-0.04620473300143224
D956,CART,R1,0.9822485207100592,0.9648093841642229,0.9186046511627907,-0.04620473300143224
D956,CART,R2,0.8926553672316384,0.9648093841642229,0.9186046511627907,-0.04620473300143224
D956,CART,R3,0.9142857142857143,0.9648093841642229,0.9186046511627907,-0.04620473300143224
D957,TVAE,R1,0.6461916461916462,0.9881305637982196,0.9760479041916168,-0.012082659606602819
D957,TVAE,R2,0.6067146282973621,0.9881305637982196,0.9760479041916168,-0.012082659606602819
D957,TVAE,R3,0.7585301837270341,0.9881305637982196,0.9760479041916168,-0.012082659606602819
D957,CART,R1,0.8559556786703602,0.9881305637982196,0.9760479041916168,-0.012082659606602819
D957,CART,R2,0.8662952646239555,0.9881305637982196,0.9760479041916168,-0.012082659606602819
D957,CART,R3,0.9364161849710982,0.9881305637982196,0.9760479041916168,-0.012082659606602819
D958,TVAE,R1,0.6625310173697271,0.9940476190476191,0.9760479041916168,-0.01799971485600227
D958,TVAE,R2,0.6708229426433915,0.9940476190476191,0.9760479041916168,-0.01799971485600227
D958,TVAE,R3,0.7135549872122762,0.9940476190476191,0.9760479041916168,-0.01799971485600227
D958,CART,R1,0.9420289855072463,0.9940476190476191,0.9760479041916168,-0.01799971485600227
D958,CART,R2,0.9476744186046512,0.9940476190476191,0.9760479041916168,-0.01799971485600227
D958,CART,R3,0.930835734870317,0.9940476190476191,0.9760479041916168,-0.01799971485600227
D959,TVAE,R1,0.7539267015706806,0.976401179941003,0.9526627218934911,-0.023738458047511846
D959,TVAE,R2,0.7539267015706806,0.976401179941003,0.9526627218934911,-0.023738458047511846
D959,TVAE,R3,0.7771883289124668,0.976401179941003,0.9526627218934911,-0.023738458047511846
D959,CART,R1,0.9252873563218391,0.976401179941003,0.9526627218934911,-0.023738458047511846
D959,CART,R2,0.9533527696793003,0.976401179941003,0.9526627218934911,-0.023738458047511846
D959,CART,R3,0.9940476190476191,0.976401179941003,0.9526627218934911,-0.023738458047511846
D96,TVAE,R1,0.9142857142857143,0.9590643274853801,0.9411764705882353,-0.017887856897144783
D96,TVAE,R2,0.9822485207100592,0.9590643274853801,0.9411764705882353,-0.017887856897144783
D96,TVAE,R3,0.8715083798882681,0.9590643274853801,0.9411764705882353,-0.017887856897144783
D96,CART,R1,0.9364161849710982,0.9590643274853801,0.9411764705882353,-0.017887856897144783
D96,CART,R2,0.8926553672316384,0.9590643274853801,0.9411764705882353,-0.017887856897144783
D96,CART,R3,0.9034090909090909,0.9590643274853801,0.9411764705882353,-0.017887856897144783
D960,TVAE,R1,0.8873239436619719,0.976401179941003,0.9760479041916168,-0.00035327574938615047
D960,TVAE,R2,0.7678100263852242,0.976401179941003,0.9760479041916168,-0.00035327574938615047
D960,TVAE,R3,0.7962466487935657,0.976401179941003,0.9760479041916168,-0.00035327574938615047
D960,CART,R1,0.9590643274853801,0.976401179941003,0.9760479041916168,-0.00035327574938615047
D960,CART,R2,0.976401179941003,0.976401179941003,0.9760479041916168,-0.00035327574938615047
D960,CART,R3,0.9822485207100592,0.976401179941003,0.9760479041916168,-0.00035327574938615047
D961,TVAE,R1,0.876750700280112,0.9881305637982196,0.9760479041916168,-0.012082659606602819
D961,TVAE,R2,0.9940476190476191,0.9881305637982196,0.9760479041916168,-0.012082659606602819
D961,TVAE,R3,0.9034090909090909,0.9881305637982196,0.9760479041916168,-0.012082659606602819
D961,CART,R1,0.9822485207100592,0.9881305637982196,0.9760479041916168,-0.012082659606602819
D961,CART,R2,0.9822485207100592,0.9881305637982196,0.9760479041916168,-0.012082659606602819
D961,CART,R3,0.9822485207100592,0.9881305637982196,0.9760479041916168,-0.012082659606602819
D962,TVAE,R1,0.9648093841642229,0.9590643274853801,0.9298245614035088,-0.029239766081871288
D962,TVAE,R2,0.9142857142857143,0.9590643274853801,0.9298245614035088,-0.029239766081871288
D962,TVAE,R3,0.9648093841642229,0.9590643274853801,0.9298245614035088,-0.029239766081871288
D962,CART,R1,0.9533527696793003,0.9590643274853801,0.9298245614035088,-0.029239766081871288
D962,CART,R2,0.9590643274853801,0.9590643274853801,0.9298245614035088,-0.029239766081871288
D962,CART,R3,0.9648093841642229,0.9590643274853801,0.9298245614035088,-0.029239766081871288
D963,TVAE,R1,0.9252873563218391,0.976401179941003,0.9411764705882353,-0.03522470935276767
D963,TVAE,R2,0.9940476190476191,0.976401179941003,0.9411764705882353,-0.03522470935276767
D963,TVAE,R3,0.7962466487935657,0.976401179941003,0.9411764705882353,-0.03522470935276767
D963,CART,R1,0.9088319088319088,0.976401179941003,0.9411764705882353,-0.03522470935276767
D963,CART,R2,0.876750700280112,0.976401179941003,0.9411764705882353,-0.03522470935276767
D963,CART,R3,0.8980169971671388,0.976401179941003,0.9411764705882353,-0.03522470935276767
D964,TVAE,R1,0.8406593406593407,0.9364161849710982,0.9186046511627907,-0.017811533808307578
D964,TVAE,R2,0.976401179941003,0.9364161849710982,0.9186046511627907,-0.017811533808307578
D964,TVAE,R3,0.8662952646239555,0.9364161849710982,0.9186046511627907,-0.017811533808307578
D964,CART,R1,0.9364161849710982,0.9364161849710982,0.9186046511627907,-0.017811533808307578
D964,CART,R2,0.930835734870317,0.9364161849710982,0.9186046511627907,-0.017811533808307578
D964,CART,R3,0.9364161849710982,0.9364161849710982,0.9186046511627907,-0.017811533808307578
D965,TVAE,R1,0.9088319088319088,0.9940476190476191,0.9879518072289156,-0.006095811818703445
D965,TVAE,R2,0.876750700280112,0.9940476190476191,0.9879518072289156,-0.006095811818703445
D965,TVAE,R3,0.8559556786703602,0.9940476190476191,0.9879518072289156,-0.006095811818703445
D965,CART,R1,0.8820224719101124,0.9940476190476191,0.9879518072289156,-0.006095811818703445
D965,CART,R2,0.8820224719101124,0.9940476190476191,0.9879518072289156,-0.006095811818703445
D965,CART,R3,0.8820224719101124,0.9940476190476191,0.9879518072289156,-0.006095811818703445
D966,TVAE,R1,0.7962466487935657,0.9705882352941176,0.9186046511627907,-0.051983584131326976
D966,TVAE,R2,0.8010752688172043,0.9705882352941176,0.9186046511627907,-0.051983584131326976
D966,TVAE,R3,0.9197707736389685,0.9705882352941176,0.9186046511627907,-0.051983584131326976
D966,CART,R1,0.876750700280112,0.9705882352941176,0.9186046511627907,-0.051983584131326976
D966,CART,R2,0.9034090909090909,0.9705882352941176,0.9186046511627907,-0.051983584131326976
D966,CART,R3,0.876750700280112,0.9705882352941176,0.9186046511627907,-0.051983584131326976
D967,TVAE,R1,0.9533527696793003,0.9940476190476191,1.0,0.005952380952380931
D967,TVAE,R2,0.9034090909090909,0.9940476190476191,1.0,0.005952380952380931
D967,TVAE,R3,0.9881305637982196,0.9940476190476191,1.0,0.005952380952380931
D967,CART,R1,0.9881305637982196,0.9940476190476191,1.0,0.005952380952380931
D967,CART,R2,0.9705882352941176,0.9940476190476191,1.0,0.005952380952380931
D967,CART,R3,1.0,0.9940476190476191,1.0,0.005952380952380931
D968,TVAE,R1,1.0,0.9252873563218391,0.9526627218934911,0.02737536557165199
D968,TVAE,R2,0.8820224719101124,0.9252873563218391,0.9526627218934911,0.02737536557165199
D968,TVAE,R3,0.8406593406593407,0.9252873563218391,0.9526627218934911,0.02737536557165199
D968,CART,R1,0.9705882352941176,0.9252873563218391,0.9526627218934911,0.02737536557165199
D968,CART,R2,1.0,0.9252873563218391,0.9526627218934911,0.02737536557165199
D968,CART,R3,0.9420289855072463,0.9252873563218391,0.9526627218934911,0.02737536557165199
D969,TVAE,R1,0.9364161849710982,0.9881305637982196,0.9760479041916168,-0.012082659606602819
D969,TVAE,R2,0.8010752688172043,0.9881305637982196,0.9760479041916168,-0.012082659606602819
D969,TVAE,R3,0.9034090909090909,0.9881305637982196,0.9760479041916168,-0.012082659606602819
D969,CART,R1,0.9252873563218391,0.9881305637982196,0.9760479041916168,-0.012082659606602819
D969,CART,R2,0.930835734870317,0.9881305637982196,0.9760479041916168,-0.012082659606602819
D969,CART,R3,0.9252873563218391,0.9881305637982196,0.9760479041916168,-0.012082659606602819
D97,TVAE,R1,0.8206521739130435,0.9476744186046512,0.896551724137931,-0.05112269446672013
D97,TVAE,R2,0.9252873563218391,0.9476744186046512,0.896551724137931,-0.05112269446672013
D97,TVAE,R3,0.8926553672316384,0.9476744186046512,0.896551724137931,-0.05112269446672013
D97,CART,R1,0.9476744186046512,0.9476744186046512,0.896551724137931,-0.05112269446672013
D97,CART,R2,0.9476744186046512,0.9476744186046512,0.896551724137931,-0.05112269446672013
D97,CART,R3,0.9476744186046512,0.9476744186046512,0.896551724137931,-0.05112269446672013
D970,TVAE,R1,0.9590643274853801,0.976401179941003,0.9075144508670521,-0.06888672907395088
D970,TVAE,R2,0.8926553672316384,0.976401179941003,0.9075144508670521,-0.06888672907395088
D970,TVAE,R3,0.876750700280112,0.976401179941003,0.9075144508670521,-0.06888672907395088
D970,CART,R1,0.9142857142857143,0.976401179941003,0.9075144508670521,-0.06888672907395088
D970,CART,R2,0.9197707736389685,0.976401179941003,0.9075144508670521,-0.06888672907395088
D970,CART,R3,0.9197707736389685,0.976401179941003,0.9075144508670521,-0.06888672907395088
D971,TVAE,R1,0.9364161849710982,0.9252873563218391,0.864406779661017,-0.06088057666082214
D971,TVAE,R2,0.876750700280112,0.9252873563218391,0.864406779661017,-0.06088057666082214
D971,TVAE,R3,0.8873239436619719,0.9252873563218391,0.864406779661017,-0.06088057666082214
D971,CART,R1,0.8457300275482094,0.9252873563218391,0.864406779661017,-0.06088057666082214
D971,CART,R2,0.8926553672316384,0.9252873563218391,0.864406779661017,-0.06088057666082214
D971,CART,R3,0.8559556786703602,0.9252873563218391,0.864406779661017,-0.06088057666082214
D972,TVAE,R1,0.8662952646239555,0.9940476190476191,0.9526627218934911,-0.041384897154127964
D972,TVAE,R2,0.9648093841642229,0.9940476190476191,0.9526627218934911,-0.041384897154127964
D972,TVAE,R3,0.9705882352941176,0.9940476190476191,0.9526627218934911,-0.041384897154127964
D972,CART,R1,0.9533527696793003,0.9940476190476191,0.9526627218934911,-0.041384897154127964
D972,CART,R2,0.9476744186046512,0.9940476190476191,0.9526627218934911,-0.041384897154127964
D972,CART,R3,0.9364161849710982,0.9940476190476191,0.9526627218934911,-0.041384897154127964
D973,TVAE,R1,0.9034090909090909,0.9822485207100592,0.9642857142857143,-0.01796280642434489
D973,TVAE,R2,0.850828729281768,0.9822485207100592,0.9642857142857143,-0.01796280642434489
D973,TVAE,R3,0.9822485207100592,0.9822485207100592,0.9642857142857143,-0.01796280642434489
D973,CART,R1,0.9034090909090909,0.9822485207100592,0.9642857142857143,-0.01796280642434489
D973,CART,R2,0.8715083798882681,0.9822485207100592,0.9642857142857143,-0.01796280642434489
D973,CART,R3,0.9142857142857143,0.9822485207100592,0.9642857142857143,-0.01796280642434489
D974,TVAE,R1,0.8356164383561644,0.9940476190476191,1.0,0.005952380952380931
D974,TVAE,R2,0.9822485207100592,0.9940476190476191,1.0,0.005952380952380931
D974,TVAE,R3,0.7914438502673797,0.9940476190476191,1.0,0.005952380952380931
D974,CART,R1,0.9476744186046512,0.9940476190476191,1.0,0.005952380952380931
D974,CART,R2,0.976401179941003,0.9940476190476191,1.0,0.005952380952380931
D974,CART,R3,0.9648093841642229,0.9940476190476191,1.0,0.005952380952380931
D975,TVAE,R1,0.9142857142857143,0.9648093841642229,0.9642857142857143,-0.0005236698785086036
D975,TVAE,R2,0.9034090909090909,0.9648093841642229,0.9642857142857143,-0.0005236698785086036
D975,TVAE,R3,0.9420289855072463,0.9648093841642229,0.9642857142857143,-0.0005236698785086036
D975,CART,R1,0.9533527696793003,0.9648093841642229,0.9642857142857143,-0.0005236698785086036
D975,CART,R2,0.9252873563218391,0.9648093841642229,0.9642857142857143,-0.0005236698785086036
D975,CART,R3,0.9533527696793003,0.9648093841642229,0.9642857142857143,-0.0005236698785086036
D976,TVAE,R1,0.9648093841642229,0.9252873563218391,0.9526627218934911,0.02737536557165199
D976,TVAE,R2,0.8356164383561644,0.9252873563218391,0.9526627218934911,0.02737536557165199
D976,TVAE,R3,0.8926553672316384,0.9252873563218391,0.9526627218934911,0.02737536557165199
D976,CART,R1,0.976401179941003,0.9252873563218391,0.9526627218934911,0.02737536557165199
D976,CART,R2,0.9648093841642229,0.9252873563218391,0.9526627218934911,0.02737536557165199
D976,CART,R3,0.976401179941003,0.9252873563218391,0.9526627218934911,0.02737536557165199
D977,TVAE,R1,0.9142857142857143,0.9590643274853801,0.9186046511627907,-0.0404596763225894
D977,TVAE,R2,0.8406593406593407,0.9590643274853801,0.9186046511627907,-0.0404596763225894
D977,TVAE,R3,0.976401179941003,0.9590643274853801,0.9186046511627907,-0.0404596763225894
D977,CART,R1,0.9881305637982196,0.9590643274853801,0.9186046511627907,-0.0404596763225894
D977,CART,R2,0.9881305637982196,0.9590643274853801,0.9186046511627907,-0.0404596763225894
D977,CART,R3,0.9881305637982196,0.9590643274853801,0.9186046511627907,-0.0404596763225894
D978,TVAE,R1,0.8256130790190735,1.0,0.9879518072289156,-0.012048192771084376
D978,TVAE,R2,0.9420289855072463,1.0,0.9879518072289156,-0.012048192771084376
D978,TVAE,R3,0.9648093841642229,1.0,0.9879518072289156,-0.012048192771084376
D978,CART,R1,0.9252873563218391,1.0,0.9879518072289156,-0.012048192771084376
D978,CART,R2,0.9252873563218391,1.0,0.9879518072289156,-0.012048192771084376
D978,CART,R3,0.9252873563218391,1.0,0.9879518072289156,-0.012048192771084376
D979,TVAE,R1,0.8873239436619719,1.0,0.9411764705882353,-0.05882352941176472
D979,TVAE,R2,0.8559556786703602,1.0,0.9411764705882353,-0.05882352941176472
D979,TVAE,R3,0.9364161849710982,1.0,0.9411764705882353,-0.05882352941176472
D979,CART,R1,0.8980169971671388,1.0,0.9411764705882353,-0.05882352941176472
D979,CART,R2,0.9364161849710982,1.0,0.9411764705882353,-0.05882352941176472
D979,CART,R3,0.930835734870317,1.0,0.9411764705882353,-0.05882352941176472
D98,TVAE,R1,0.7268041237113402,0.9034090909090909,0.8333333333333334,-0.07007575757575757
D98,TVAE,R2,0.7091836734693877,0.9034090909090909,0.8333333333333334,-0.07007575757575757
D98,TVAE,R3,0.7724867724867724,0.9034090909090909,0.8333333333333334,-0.07007575757575757
D98,CART,R1,0.9705882352941176,0.9034090909090909,0.8333333333333334,-0.07007575757575757
D98,CART,R2,0.9705882352941176,0.9034090909090909,0.8333333333333334,-0.07007575757575757
D98,CART,R3,0.9705882352941176,0.9034090909090909,0.8333333333333334,-0.07007575757575757
D980,TVAE,R1,0.9822485207100592,0.9822485207100592,0.9186046511627907,-0.06364386954726853
D980,TVAE,R2,0.9088319088319088,0.9822485207100592,0.9186046511627907,-0.06364386954726853
D980,TVAE,R3,0.9940476190476191,0.9822485207100592,0.9186046511627907,-0.06364386954726853
D980,CART,R1,0.976401179941003,0.9822485207100592,0.9186046511627907,-0.06364386954726853
D980,CART,R2,0.9533527696793003,0.9822485207100592,0.9186046511627907,-0.06364386954726853
D980,CART,R3,0.9940476190476191,0.9822485207100592,0.9186046511627907,-0.06364386954726853
D981,TVAE,R1,0.9705882352941176,0.9940476190476191,0.9879518072289156,-0.006095811818703445
D981,TVAE,R2,0.976401179941003,0.9940476190476191,0.9879518072289156,-0.006095811818703445
D981,TVAE,R3,0.9822485207100592,0.9940476190476191,0.9879518072289156,-0.006095811818703445
D981,CART,R1,0.9364161849710982,0.9940476190476191,0.9879518072289156,-0.006095811818703445
D981,CART,R2,0.9252873563218391,0.9940476190476191,0.9879518072289156,-0.006095811818703445
D981,CART,R3,0.9197707736389685,0.9940476190476191,0.9879518072289156,-0.006095811818703445
D982,TVAE,R1,0.976401179941003,0.9940476190476191,0.9760479041916168,-0.01799971485600227
D982,TVAE,R2,0.8662952646239555,0.9940476190476191,0.9760479041916168,-0.01799971485600227
D982,TVAE,R3,0.9034090909090909,0.9940476190476191,0.9760479041916168,-0.01799971485600227
D982,CART,R1,0.9252873563218391,0.9940476190476191,0.9760479041916168,-0.01799971485600227
D982,CART,R2,0.9252873563218391,0.9940476190476191,0.9760479041916168,-0.01799971485600227
D982,CART,R3,0.9088319088319088,0.9940476190476191,0.9760479041916168,-0.01799971485600227
D983,TVAE,R1,0.717948717948718,0.9142857142857143,0.9411764705882353,0.026890756302521024
D983,TVAE,R2,0.8108108108108109,0.9142857142857143,0.9411764705882353,0.026890756302521024
D983,TVAE,R3,0.8406593406593407,0.9142857142857143,0.9411764705882353,0.026890756302521024
D983,CART,R1,0.9940476190476191,0.9142857142857143,0.9411764705882353,0.026890756302521024
D983,CART,R2,0.976401179941003,0.9142857142857143,0.9411764705882353,0.026890756302521024
D983,CART,R3,0.9940476190476191,0.9142857142857143,0.9411764705882353,0.026890756302521024
D984,TVAE,R1,0.7914438502673797,0.9590643274853801,0.9298245614035088,-0.029239766081871288
D984,TVAE,R2,0.7585301837270341,0.9590643274853801,0.9298245614035088,-0.029239766081871288
D984,TVAE,R3,0.7223650385604113,0.9590643274853801,0.9298245614035088,-0.029239766081871288
D984,CART,R1,0.8406593406593407,0.9590643274853801,0.9298245614035088,-0.029239766081871288
D984,CART,R2,0.8256130790190735,0.9590643274853801,0.9298245614035088,-0.029239766081871288
D984,CART,R3,0.8980169971671388,0.9590643274853801,0.9298245614035088,-0.029239766081871288
D985,TVAE,R1,0.9142857142857143,0.9881305637982196,0.9760479041916168,-0.012082659606602819
D985,TVAE,R2,0.8820224719101124,0.9881305637982196,0.9760479041916168,-0.012082659606602819
D985,TVAE,R3,0.9420289855072463,0.9881305637982196,0.9760479041916168,-0.012082659606602819
D985,CART,R1,0.8157181571815718,0.9881305637982196,0.9760479041916168,-0.012082659606602819
D985,CART,R2,0.8206521739130435,0.9881305637982196,0.9760479041916168,-0.012082659606602819
D985,CART,R3,0.8206521739130435,0.9881305637982196,0.9760479041916168,-0.012082659606602819
D986,TVAE,R1,0.930835734870317,0.9881305637982196,0.9760479041916168,-0.012082659606602819
D986,TVAE,R2,0.8108108108108109,0.9881305637982196,0.9760479041916168,-0.012082659606602819
D986,TVAE,R3,0.7866666666666666,0.9881305637982196,0.9760479041916168,-0.012082659606602819
D986,CART,R1,0.9364161849710982,0.9881305637982196,0.9760479041916168,-0.012082659606602819
D986,CART,R2,0.9252873563218391,0.9881305637982196,0.9760479041916168,-0.012082659606602819
D986,CART,R3,0.930835734870317,0.9881305637982196,0.9760479041916168,-0.012082659606602819
D987,TVAE,R1,0.8356164383561644,0.9940476190476191,0.9879518072289156,-0.006095811818703445
D987,TVAE,R2,0.8611111111111112,0.9940476190476191,0.9879518072289156,-0.006095811818703445
D987,TVAE,R3,0.976401179941003,0.9940476190476191,0.9879518072289156,-0.006095811818703445
D987,CART,R1,0.9252873563218391,0.9940476190476191,0.9879518072289156,-0.006095811818703445
D987,CART,R2,0.930835734870317,0.9940476190476191,0.9879518072289156,-0.006095811818703445
D987,CART,R3,0.9590643274853801,0.9940476190476191,0.9879518072289156,-0.006095811818703445
D988,TVAE,R1,0.8406593406593407,0.9648093841642229,0.9186046511627907,-0.04620473300143224
D988,TVAE,R2,0.9088319088319088,0.9648093841642229,0.9186046511627907,-0.04620473300143224
D988,TVAE,R3,0.9088319088319088,0.9648093841642229,0.9186046511627907,-0.04620473300143224
D988,CART,R1,0.9088319088319088,0.9648093841642229,0.9186046511627907,-0.04620473300143224
D988,CART,R2,0.8980169971671388,0.9648093841642229,0.9186046511627907,-0.04620473300143224
D988,CART,R3,0.9252873563218391,0.9648093841642229,0.9186046511627907,-0.04620473300143224
D989,TVAE,R1,0.930835734870317,0.9881305637982196,0.9760479041916168,-0.012082659606602819
D989,TVAE,R2,0.9648093841642229,0.9881305637982196,0.9760479041916168,-0.012082659606602819
D989,TVAE,R3,0.8820224719101124,0.9881305637982196,0.9760479041916168,-0.012082659606602819
D989,CART,R1,0.9197707736389685,0.9881305637982196,0.9760479041916168,-0.012082659606602819
D989,CART,R2,0.8980169971671388,0.9881305637982196,0.9760479041916168,-0.012082659606602819
D989,CART,R3,0.8715083798882681,0.9881305637982196,0.9760479041916168,-0.012082659606602819
D99,TVAE,R1,0.8206521739130435,0.9590643274853801,0.9642857142857143,0.005221386800334238
D99,TVAE,R2,0.9705882352941176,0.9590643274853801,0.9642857142857143,0.005221386800334238
D99,TVAE,R3,0.9142857142857143,0.9590643274853801,0.9642857142857143,0.005221386800334238
D99,CART,R1,0.9034090909090909,0.9590643274853801,0.9642857142857143,0.005221386800334238
D99,CART,R2,0.8820224719101124,0.9590643274853801,0.9642857142857143,0.005221386800334238
D99,CART,R3,0.9476744186046512,0.9590643274853801,0.9642857142857143,0.005221386800334238
D990,TVAE,R1,0.8406593406593407,0.9940476190476191,0.9760479041916168,-0.01799971485600227
D990,TVAE,R2,0.8662952646239555,0.9940476190476191,0.9760479041916168,-0.01799971485600227
D990,TVAE,R3,0.7914438502673797,0.9940476190476191,0.9760479041916168,-0.01799971485600227
D990,CART,R1,0.9881305637982196,0.9940476190476191,0.9760479041916168,-0.01799971485600227
D990,CART,R2,0.9940476190476191,0.9940476190476191,0.9760479041916168,-0.01799971485600227
D990,CART,R3,1.0,0.9940476190476191,0.9760479041916168,-0.01799971485600227
D991,TVAE,R1,0.8206521739130435,0.976401179941003,0.9526627218934911,-0.023738458047511846
D991,TVAE,R2,0.9252873563218391,0.976401179941003,0.9526627218934911,-0.023738458047511846
D991,TVAE,R3,0.9142857142857143,0.976401179941003,0.9526627218934911,-0.023738458047511846
D991,CART,R1,0.9940476190476191,0.976401179941003,0.9526627218934911,-0.023738458047511846
D991,CART,R2,0.9648093841642229,0.976401179941003,0.9526627218934911,-0.023738458047511846
D991,CART,R3,0.9533527696793003,0.976401179941003,0.9526627218934911,-0.023738458047511846
D992,TVAE,R1,0.9476744186046512,0.976401179941003,0.9760479041916168,-0.00035327574938615047
D992,TVAE,R2,0.9420289855072463,0.976401179941003,0.9760479041916168,-0.00035327574938615047
D992,TVAE,R3,0.9940476190476191,0.976401179941003,0.9760479041916168,-0.00035327574938615047
D992,CART,R1,0.9881305637982196,0.976401179941003,0.9760479041916168,-0.00035327574938615047
D992,CART,R2,0.9881305637982196,0.976401179941003,0.9760479041916168,-0.00035327574938615047
D992,CART,R3,0.9881305637982196,0.976401179941003,0.9760479041916168,-0.00035327574938615047
D993,TVAE,R1,0.9476744186046512,0.9881305637982196,0.9760479041916168,-0.012082659606602819
D993,TVAE,R2,0.9648093841642229,0.9881305637982196,0.9760479041916168,-0.012082659606602819
D993,TVAE,R3,0.8820224719101124,0.9881305637982196,0.9760479041916168,-0.012082659606602819
D993,CART,R1,0.9822485207100592,0.9881305637982196,0.9760479041916168,-0.012082659606602819
D993,CART,R2,0.9822485207100592,0.9881305637982196,0.9760479041916168,-0.012082659606602819
D993,CART,R3,0.9822485207100592,0.9881305637982196,0.9760479041916168,-0.012082659606602819
D994,TVAE,R1,0.9705882352941176,0.9590643274853801,0.9298245614035088,-0.029239766081871288
D994,TVAE,R2,0.9364161849710982,0.9590643274853801,0.9298245614035088,-0.029239766081871288
D994,TVAE,R3,0.8457300275482094,0.9590643274853801,0.9298245614035088,-0.029239766081871288
D994,CART,R1,0.9590643274853801,0.9590643274853801,0.9298245614035088,-0.029239766081871288
D994,CART,R2,0.9476744186046512,0.9590643274853801,0.9298245614035088,-0.029239766081871288
D994,CART,R3,0.9533527696793003,0.9590643274853801,0.9298245614035088,-0.029239766081871288
D995,TVAE,R1,0.9088319088319088,0.976401179941003,0.9411764705882353,-0.03522470935276767
D995,TVAE,R2,0.9364161849710982,0.976401179941003,0.9411764705882353,-0.03522470935276767
D995,TVAE,R3,0.9420289855072463,0.976401179941003,0.9411764705882353,-0.03522470935276767
D995,CART,R1,0.9476744186046512,0.976401179941003,0.9411764705882353,-0.03522470935276767
D995,CART,R2,0.9533527696793003,0.976401179941003,0.9411764705882353,-0.03522470935276767
D995,CART,R3,0.9088319088319088,0.976401179941003,0.9411764705882353,-0.03522470935276767
D996,TVAE,R1,0.9533527696793003,0.9364161849710982,0.9186046511627907,-0.017811533808307578
D996,TVAE,R2,0.8306010928961749,0.9364161849710982,0.9186046511627907,-0.017811533808307578
D996,TVAE,R3,0.8306010928961749,0.9364161849710982,0.9186046511627907,-0.017811533808307578
D996,CART,R1,0.9533527696793003,0.9364161849710982,0.9186046511627907,-0.017811533808307578
D996,CART,R2,0.9252873563218391,0.9364161849710982,0.9186046511627907,-0.017811533808307578
D996,CART,R3,0.9590643274853801,0.9364161849710982,0.9186046511627907,-0.017811533808307578
D997,TVAE,R1,0.8715083798882681,0.9940476190476191,0.9879518072289156,-0.006095811818703445
D997,TVAE,R2,0.8980169971671388,0.9940476190476191,0.9879518072289156,-0.006095811818703445
D997,TVAE,R3,0.876750700280112,0.9940476190476191,0.9879518072289156,-0.006095811818703445
D997,CART,R1,0.8873239436619719,0.9940476190476191,0.9879518072289156,-0.006095811818703445
D997,CART,R2,0.8873239436619719,0.9940476190476191,0.9879518072289156,-0.006095811818703445
D997,CART,R3,0.8873239436619719,0.9940476190476191,0.9879518072289156,-0.006095811818703445
D998,TVAE,R1,0.9420289855072463,0.9705882352941176,0.9186046511627907,-0.051983584131326976
D998,TVAE,R2,0.9590643274853801,0.9705882352941176,0.9186046511627907,-0.051983584131326976
D998,TVAE,R3,0.8980169971671388,0.9705882352941176,0.9186046511627907,-0.051983584131326976
D998,CART,R1,0.9034090909090909,0.9705882352941176,0.9186046511627907,-0.051983584131326976
D998,CART,R2,0.8926553672316384,0.9705882352941176,0.9186046511627907,-0.051983584131326976
D998,CART,R3,0.8926553672316384,0.9705882352941176,0.9186046511627907,-0.051983584131326976
D999,TVAE,R1,0.8980169971671388,0.9940476190476191,1.0,0.005952380952380931
D999,TVAE,R2,0.850828729281768,0.9940476190476191,1.0,0.005952380952380931
D999,TVAE,R3,0.9940476190476191,0.9940476190476191,1.0,0.005952380952380931
D999,CART,R1,0.9940476190476191,0.9940476190476191,1.0,0.005952380952380931
D999,CART,R2,0.9822485207100592,0.9940476190476191,1.0,0.005952380952380931
D999,CART,R3,0.9881305637982196,0.9940476190476191,1.0,0.005952380952380931
